id,order_sn,ad_id,status,order_sub_status_name,order_time,click_event_time,commission,new_customer,channel_tag,order_source,total_cost,fds_black_order,order_quality,created_at,updated_at,is_callback,callback_time,click_id
67833,25042936934073,NULL,1,已付款,2025/4/29 12:44,1745892169478,0.55,2,17d4ce1e68247e20b48538fc3d6e70f9-~1745892169478,app-ios,7.82,0,待定,2025/4/29 12:44,2025/4/30 0:45,0,NULL,
68582,25042948678133,NULL,1,已付款,2025/4/29 16:05,1745890356762,25.83,2,17d4ce1e68247e20b48538fc3d6e70f9-~1745890356762,app-ios,369,0,待定,2025/4/29 16:05,2025/4/30 0:57,0,NULL,
68630,25042934257514,NULL,0,已失效,2025/4/29 16:20,1745891897749,6.03,2,17d4ce1e68247e20b48538fc3d6e70f9-~1745891897749,app-ios,287,0,待定,2025/4/29 16:20,2025/4/30 0:57,0,NULL,
68639,25042949059733,NULL,0,已失效,2025/4/29 16:20,1745891897749,3.95,2,17d4ce1e68247e20b48538fc3d6e70f9-~1745891897749,app-ios,79,0,待定,2025/4/29 16:20,2025/4/30 0:57,0,NULL,
68641,25042949059633,NULL,0,已失效,2025/4/29 16:20,1745891897749,0.79,2,17d4ce1e68247e20b48538fc3d6e70f9-~1745891897749,app-ios,79,0,待定,2025/4/29 16:20,2025/4/30 0:57,0,NULL,
68642,25042934356943,NULL,0,已失效,2025/4/29 16:20,1745891897749,1.29,2,17d4ce1e68247e20b48538fc3d6e70f9-~1745891897749,app-ios,129,0,待定,2025/4/29 16:20,2025/4/30 0:57,0,NULL,
69089,25042987046574,NULL,0,已失效,2025/4/29 16:57,1745891897749,4.74,2,17d4ce1e68247e20b48538fc3d6e70f9-~1745891897749,app-ios,158,0,待定,2025/4/29 16:57,2025/4/30 0:57,0,NULL,
69097,25042942247323,NULL,1,已付款,2025/4/29 16:58,1745891897749,0.79,2,17d4ce1e68247e20b48538fc3d6e70f9-~1745891897749,app-ios,79,0,待定,2025/4/29 16:58,2025/4/30 0:57,0,NULL,
69098,25042942247223,NULL,1,已付款,2025/4/29 16:58,1745891897749,3.95,2,17d4ce1e68247e20b48538fc3d6e70f9-~1745891897749,app-ios,79,0,待定,2025/4/29 16:58,2025/4/30 0:57,0,NULL,
70534,25042941739133,NULL,1,已付款,2025/4/29 20:19,1745890356762,13.37,2,17d4ce1e68247e20b48538fc3d6e70f9-~1745890356762,app-ios,191,0,待定,2025/4/29 20:19,2025/4/30 0:45,0,NULL,
70614,25042976930564,NULL,1,已付款,2025/4/29 20:30,1745910241438,4.75,2,dd391ccef6b13960d42d394c8934fc97-~1745910241438,app-android,67.8,0,待定,2025/4/29 20:30,2025/4/30 0:45,0,NULL,
70774,25042939881623,"231561881	",1,已付款,2025/4/29 20:51,1745890356762,6.72,2,17d4ce1e68247e20b48538fc3d6e70f9-~1745890356762,app-ios,96,0,待定,2025/4/29 20:51,2025/4/30 0:45,0,NULL,
71801,25042998909407,231576604,1,已付款,2025/4/29 22:55,1745937963140,0.01,2,dd391ccef6b13960d42d394c8934fc97-~1745937963140-~231576604,app-android,1,0,待定,2025/4/29 22:56,2025/4/30 0:45,0,NULL,
72794,25043003394159,NULL,1,已付款,2025/4/30 7:52,1745891587146,0.71,2,17d4ce1e68247e20b48538fc3d6e70f9-~1745891587146,app-ios,23.82,0,待定,2025/4/30 7:52,2025/4/30 23:55,0,NULL,
72859,25043089476029,231576604,1,已付款,2025/4/30 8:15,1745943989846,0,2,dd391ccef6b13960d42d394c8934fc97-~1745943989846-~231576604,app-android,1.74,1,/,2025/4/30 8:15,2025/4/30 23:55,0,NULL,
72920,25043089230329,NULL,1,已付款,2025/4/30 8:28,1745891042571,1.4,2,17d4ce1e68247e20b48538fc3d6e70f9-~1745891042571,app-ios,46.66,0,待定,2025/4/30 8:28,2025/4/30 23:55,0,NULL,
73513,25043099489429,231576604,0,已失效,2025/4/30 10:05,1745973537512,2.62,2,dd391ccef6b13960d42d394c8934fc97-~1745973537512-~231576604,app-android,261.99,0,待定,2025/4/30 10:05,2025/4/30 23:55,1,2025/4/30 19:38,
73522,25043012736759,231576604,0,已失效,2025/4/30 10:06,1745973537512,2.29,2,dd391ccef6b13960d42d394c8934fc97-~1745973537512-~231576604,app-android,228.65,0,待定,2025/4/30 10:07,2025/4/30 23:55,1,2025/4/30 19:38,
73643,25043090901639,231576604,0,已失效,2025/4/30 10:24,1745973537512,3.86,2,dd391ccef6b13960d42d394c8934fc97-~1745973537512-~231576604,app-android,386,0,待定,2025/4/30 10:24,2025/4/30 23:55,1,2025/4/30 19:38,
73919,25043017391560,231576604,1,已付款,2025/4/30 10:50,1745981002512,2.25,2,dd391ccef6b13960d42d394c8934fc97-~1745981002512-~231576604,app-android,75,0,待定,2025/4/30 10:51,2025/4/30 23:55,1,2025/4/30 19:38,
74173,25043002268140,231576604,0,已失效,2025/4/30 11:10,1745980022617,6.66,2,dd391ccef6b13960d42d394c8934fc97-~1745980022617-~231576604,app-android,79,0,待定,2025/4/30 11:10,2025/4/30 23:55,1,2025/4/30 19:38,
74479,25043009730059,231576604,1,已付款,2025/4/30 11:40,1745964120518,1.43,2,dd391ccef6b13960d42d394c8934fc97-~1745964120518-~231576604,app-android,47.74,0,待定,2025/4/30 11:40,2025/4/30 23:55,1,2025/4/30 19:38,
75463,25043017850559,231576604,1,已付款,2025/4/30 15:01,1745994764750,0.61,2,dd391ccef6b13960d42d394c8934fc97-~1745994764750-~231576604,app-android,4.08,0,待定,2025/4/30 15:01,2025/4/30 23:55,1,2025/4/30 21:19,
75522,25043088398685,231576604,1,已付款,2025/4/30 15:12,1745996773438,4,2,dd391ccef6b13960d42d394c8934fc97-~1745996773438-~231576604,app-android,182,0,待定,2025/4/30 15:12,2025/4/30 23:55,1,2025/4/30 19:36,
75636,25043075618202,231576604,1,已付款,2025/4/30 15:27,1745992370908,0,2,dd391ccef6b13960d42d394c8934fc97-~1745992370908-~231576604,app-android,630.56,1,/,2025/4/30 15:27,2025/4/30 23:55,0,NULL,
75690,25043087933485,231576604,1,已付款,2025/4/30 15:32,1745976208096,14.59,2,dd391ccef6b13960d42d394c8934fc97-~1745976208096-~231576604,app-android,167.68,0,待定,2025/4/30 15:32,2025/4/30 23:55,1,2025/4/30 19:38,
76757,25043024655370,231576604,1,已付款,2025/4/30 17:53,1745988128661,0,2,dd391ccef6b13960d42d394c8934fc97-~1745988128661-~231576604,app-android,109,1,/,2025/4/30 17:53,2025/4/30 23:55,0,NULL,
76918,25043072876019,231576604,1,已下单,2025/4/30 18:17,1745983434799,5.74,2,dd391ccef6b13960d42d394c8934fc97-~1745983434799-~231576604,app-android,82,0,待定,2025/4/30 18:17,2025/4/30 23:55,1,2025/4/30 20:09,
77225,25043099679729,231576604,1,已付款,2025/4/30 18:52,1746010217285,0.3,2,dd391ccef6b13960d42d394c8934fc97-~1746010217285-~231576604,app-android,3.66,0,待定,2025/4/30 18:52,2025/4/30 23:55,1,2025/4/30 20:09,
77964,25043016664240,231576604,1,已下单,2025/4/30 19:56,1745966803074,4.97,2,dd391ccef6b13960d42d394c8934fc97-~1745966803074-~231576604,app-android,71,0,待定,2025/4/30 19:57,2025/4/30 23:55,1,2025/4/30 20:13,
78240,25043082558102,231576604,1,已付款,2025/4/30 20:20,1745980582135,16.2,2,dd391ccef6b13960d42d394c8934fc97-~1745980582135-~231576604,app-android,135.01,0,待定,2025/4/30 20:20,2025/4/30 23:55,1,2025/4/30 20:37,
79097,25043067661519,231576604,1,已付款,2025/4/30 21:49,1745963887407,6.77,2,dd391ccef6b13960d42d394c8934fc97-~1745963887407-~231576604,app-android,96.7,0,待定,2025/4/30 21:52,2025/4/30 23:55,1,2025/4/30 22:06,
79524,25043091702002,231576604,1,已付款,2025/4/30 22:41,1746023819065,1.28,2,dd391ccef6b13960d42d394c8934fc97-~1746023819065-~231576604,app-android,127.96,0,待定,2025/4/30 22:42,2025/4/30 23:55,1,2025/4/30 22:58,
80275,25050147750666,231576604,1,已付款,2025/5/1 1:45,1746034817959,13.35,2,dd391ccef6b13960d42d394c8934fc97-~1746034817959-~231576604,app-android,278,0,待定,2025/5/1 1:45,2025/5/1 23:55,1,2025/5/1 2:02,
80449,25050125681236,231576604,1,已付款,2025/5/1 6:37,1746018371227,2.2,2,dd391ccef6b13960d42d394c8934fc97-~1746018371227-~231576604,app-android,73.47,0,待定,2025/5/1 6:38,2025/5/1 23:55,1,2025/5/1 6:54,
80503,25050110665717,231576604,1,已付款,2025/5/1 7:00,1746053887935,12.04,2,dd391ccef6b13960d42d394c8934fc97-~1746053887935-~231576604,app-android,172,0,待定,2025/5/1 7:01,2025/5/1 23:55,1,2025/5/1 7:17,
80605,25050133440282,231576604,1,已付款,2025/5/1 7:24,1746055174453,8.2,2,dd391ccef6b13960d42d394c8934fc97-~1746055174453-~231576604,app-android,82,0,待定,2025/5/1 7:24,2025/5/1 23:55,1,2025/5/1 7:40,
81035,25050159391426,231576604,1,已付款,2025/5/1 9:24,1746010280174,0,2,dd391ccef6b13960d42d394c8934fc97-~1746010280174-~231576604,app-android,64,1,/,2025/5/1 9:24,2025/5/1 23:55,0,NULL,
81388,25050150940905,231576604,1,已付款,2025/5/1 10:50,1745973056621,3.69,2,dd391ccef6b13960d42d394c8934fc97-~1745973056621-~231576604,app-android,123,0,待定,2025/5/1 10:50,2025/5/1 23:55,1,2025/5/1 11:07,
81810,25050141051305,231576604,1,已付款,2025/5/1 12:40,1746031430614,17.92,2,dd391ccef6b13960d42d394c8934fc97-~1746031430614-~231576604,app-android,256,0,待定,2025/5/1 12:41,2025/5/1 23:55,1,2025/5/1 12:57,
81828,25050146952017,231576604,1,已付款,2025/5/1 12:45,1746058446694,0,2,dd391ccef6b13960d42d394c8934fc97-~1746058446694-~231576604,app-android,6.99,1,/,2025/5/1 12:45,2025/5/1 23:55,0,NULL,
81901,25050192381257,231576604,1,已付款,2025/5/1 12:57,1746018172403,16.8,2,dd391ccef6b13960d42d394c8934fc97-~1746018172403-~231576604,app-android,336,0,待定,2025/5/1 12:58,2025/5/1 23:55,1,2025/5/1 13:14,
82009,25050160996236,231576604,0,已失效,2025/5/1 13:10,1746053346429,0.23,2,dd391ccef6b13960d42d394c8934fc97-~1746053346429-~231576604,app-android,11.49,0,待定,2025/5/1 13:10,2025/5/1 23:55,1,2025/5/1 13:27,
82040,25050160891336,231576604,1,已付款,2025/5/1 13:13,1746075852976,4.8,2,dd391ccef6b13960d42d394c8934fc97-~1746075852976-~231576604,app-android,159.9,0,待定,2025/5/1 13:14,2025/5/1 23:55,1,2025/5/1 13:30,
82593,25050145438705,231576604,1,已付款,2025/5/1 13:57,1746021518166,8.05,2,dd391ccef6b13960d42d394c8934fc97-~1746021518166-~231576604,app-android,118,0,待定,2025/5/1 13:57,2025/5/1 23:55,1,2025/5/1 14:14,
82703,25050131714382,231576604,1,已付款,2025/5/1 14:07,1746053628676,9.99,2,dd391ccef6b13960d42d394c8934fc97-~1746053628676-~231576604,app-android,142.7,0,待定,2025/5/1 14:07,2025/5/1 23:55,1,2025/5/1 14:24,
82825,25050149119846,231561881,0,已失效,2025/5/1 14:19,1746068943406,1.13,2,17d4ce1e68247e20b48538fc3d6e70f9-~1746068943406-~231561881,app-ios,112.95,0,待定,2025/5/1 14:19,2025/5/1 23:55,1,2025/5/1 15:28,
82863,25050193337357,231576604,1,已付款,2025/5/1 14:18,1746033397981,44.05,2,dd391ccef6b13960d42d394c8934fc97-~1746033397981-~231576604,app-android,764.85,0,待定,2025/5/1 14:22,2025/5/1 23:55,1,2025/5/1 14:34,
83265,25050151292846,231576604,1,已付款,2025/5/1 14:56,1746002049877,0,2,dd391ccef6b13960d42d394c8934fc97-~1746002049877-~231576604,app-android,42.1,1,/,2025/5/1 14:56,2025/5/1 23:55,0,NULL,
83431,25050158663826,231561881,0,已失效,2025/5/1 15:11,1746068943406,0.26,2,17d4ce1e68247e20b48538fc3d6e70f9-~1746068943406-~231561881,app-ios,26.1,0,待定,2025/5/1 15:11,2025/5/1 23:55,1,2025/5/1 15:30,
83455,25050150795746,231561881,1,已付款,2025/5/1 15:13,1746068943406,0.18,2,17d4ce1e68247e20b48538fc3d6e70f9-~1746068943406-~231561881,app-ios,20.83,0,待定,2025/5/1 15:13,2025/5/1 23:55,1,2025/5/1 17:03,
83456,25050146524705,231561881,1,已付款,2025/5/1 15:13,1746068943406,0.08,5,17d4ce1e68247e20b48538fc3d6e70f9-~1746068943406-~231561881,app-ios,5.27,0,待定,2025/5/1 15:13,2025/5/1 23:55,1,2025/5/1 17:03,
84904,25050147495126,231576604,1,已付款,2025/5/1 17:47,1746015664419,0.03,2,dd391ccef6b13960d42d394c8934fc97-~1746015664419-~231576604,app-android,1,0,待定,2025/5/1 17:48,2025/5/1 23:55,1,2025/5/1 18:04,
86524,25050181286805,231576604,1,已付款,2025/5/1 19:59,1746087397094,1.37,2,dd391ccef6b13960d42d394c8934fc97-~1746087397094-~231576604,app-android,45.8,0,待定,2025/5/1 19:59,2025/5/1 23:55,1,2025/5/1 20:15,
86835,25050180484176,231576604,1,已付款,2025/5/1 20:27,1746026826714,3.77,2,dd391ccef6b13960d42d394c8934fc97-~1746026826714-~231576604,app-android,53.9,0,待定,2025/5/1 20:27,2025/5/1 23:55,1,2025/5/1 20:44,
87232,25050182696105,231576604,1,已付款,2025/5/1 21:02,1746047662933,0.96,2,dd391ccef6b13960d42d394c8934fc97-~1746047662933-~231576604,app-android,32.05,0,待定,2025/5/1 21:02,2025/5/1 23:55,1,2025/5/1 21:19,
87408,25050194249626,231576604,1,已付款,2025/5/1 21:19,1746104299562,3.36,2,dd391ccef6b13960d42d394c8934fc97-~1746104299562-~231576604,app-android,48,0,待定,2025/5/1 21:20,2025/5/1 23:55,1,2025/5/1 21:36,
87589,25050174023466,231576604,1,已付款,2025/5/1 21:34,1746096791176,1.48,2,dd391ccef6b13960d42d394c8934fc97-~1746096791176-~231576604,app-android,54.4,0,待定,2025/5/1 21:34,2025/5/1 23:55,1,2025/5/1 21:50,
87972,25050188256446,231576604,0,已失效,2025/5/1 22:00,1746105375461,0,2,dd391ccef6b13960d42d394c8934fc97-~1746105375461-~231576604,app-android,147.71,1,/,2025/5/1 22:00,2025/5/1 23:55,0,NULL,
88006,25050183898805,231576604,1,已付款,2025/5/1 22:00,1746105375461,0,2,dd391ccef6b13960d42d394c8934fc97-~1746105375461-~231576604,app-android,55.39,1,/,2025/5/1 22:00,2025/5/1 23:55,0,NULL,
88010,25050196046726,231576604,1,已付款,2025/5/1 22:00,1746105375461,0,2,dd391ccef6b13960d42d394c8934fc97-~1746105375461-~231576604,app-android,92.32,1,/,2025/5/1 22:00,2025/5/1 23:55,0,NULL,
88146,25050183538076,231576604,0,已失效,2025/5/1 22:09,1746106518161,0.4,2,dd391ccef6b13960d42d394c8934fc97-~1746106518161-~231576604,app-android,45,0,待定,2025/5/1 22:09,2025/5/1 23:55,1,2025/5/1 22:26,
88156,25050191192946,231576604,1,已付款,2025/5/1 22:09,1746106518161,0.21,5,dd391ccef6b13960d42d394c8934fc97-~1746106518161-~231576604,app-android,23.3,0,待定,2025/5/1 22:09,2025/5/1 23:55,1,2025/5/1 22:26,
88157,25050195706826,231576604,1,已付款,2025/5/1 22:09,1746106518161,0.19,2,dd391ccef6b13960d42d394c8934fc97-~1746106518161-~231576604,app-android,21.7,0,待定,2025/5/1 22:09,2025/5/1 23:55,1,2025/5/1 22:26,
88485,25050182509557,231576604,1,已付款,2025/5/1 22:21,1746108404495,1.14,2,dd391ccef6b13960d42d394c8934fc97-~1746108404495-~231576604,app-android,32.45,0,待定,2025/5/1 22:21,2025/5/1 23:55,1,2025/5/1 22:38,
88537,25050136758117,231561881,1,已付款,2025/5/1 22:23,1746107251437,2.3,2,17d4ce1e68247e20b48538fc3d6e70f9-~1746107251437-~231561881,app-ios,76.4,0,待定,2025/5/1 22:23,2025/5/1 23:55,1,2025/5/1 22:40,
88558,25050182382657,231561881,1,已付款,2025/5/1 22:24,1746107251437,1.71,2,17d4ce1e68247e20b48538fc3d6e70f9-~1746107251437-~231561881,app-ios,56.9,0,待定,2025/5/1 22:24,2025/5/1 23:55,1,2025/5/1 22:41,
88818,25050185975305,231576604,1,已付款,2025/5/1 22:31,1746108404495,31.53,2,dd391ccef6b13960d42d394c8934fc97-~1746108404495-~231576604,app-android,1051.1,0,待定,2025/5/1 22:32,2025/5/1 23:55,1,2025/5/1 22:48,
88853,25050159410482,231576604,1,已付款,2025/5/1 22:33,1746109177600,1.47,5,dd391ccef6b13960d42d394c8934fc97-~1746109177600-~231576604,app-android,54,0,待定,2025/5/1 22:33,2025/5/1 23:55,1,2025/5/1 22:50,
90722,25050269605532,231576604,1,已付款,2025/5/2 0:30,1746113734012,1.05,2,dd391ccef6b13960d42d394c8934fc97-~1746113734012-~231576604,app-android,104.55,0,待定,2025/5/2 0:30,2025/5/2 23:55,1,2025/5/2 0:47,
90724,25050214876813,231576604,1,已付款,2025/5/2 0:30,1746112090892,1.68,2,dd391ccef6b13960d42d394c8934fc97-~1746112090892-~231576604,app-android,55.86,0,待定,2025/5/2 0:30,2025/5/2 23:55,1,2025/5/2 0:47,
90765,25050260918172,231576604,1,已付款,2025/5/2 0:40,1746117145263,3.76,2,dd391ccef6b13960d42d394c8934fc97-~1746117145263-~231576604,app-android,18.8,0,待定,2025/5/2 0:40,2025/5/2 23:55,1,2025/5/2 0:57,
90767,25050214703413,231576604,0,已失效,2025/5/2 0:40,1746117145263,4.49,2,dd391ccef6b13960d42d394c8934fc97-~1746117145263-~231576604,app-android,43.02,0,待定,2025/5/2 0:40,2025/5/2 23:55,1,2025/5/2 0:57,
90769,25050276382822,231576604,1,已付款,2025/5/2 0:40,1746117145263,0.73,2,dd391ccef6b13960d42d394c8934fc97-~1746117145263-~231576604,app-android,24.22,0,待定,2025/5/2 0:40,2025/5/2 23:55,1,2025/5/2 0:57,
91203,25050290368909,231576604,1,已付款,2025/5/2 1:21,1746116527364,0,2,dd391ccef6b13960d42d394c8934fc97-~1746116527364-~231576604,app-android,379,1,/,2025/5/2 1:21,2025/5/2 23:55,0,NULL,
91208,25050272794486,231576604,1,已付款,2025/5/2 1:21,1746044553318,0,2,dd391ccef6b13960d42d394c8934fc97-~1746044553318-~231576604,app-android,3.93,1,/,2025/5/2 1:22,2025/5/2 23:55,0,NULL,
91919,25050214319413,231576604,0,已失效,2025/5/2 5:27,1746134788670,1.52,2,dd391ccef6b13960d42d394c8934fc97-~1746134788670-~231576604,app-android,303.7,0,待定,2025/5/2 5:27,2025/5/2 23:55,1,2025/5/2 5:44,
92093,25050274845222,231576604,1,已付款,2025/5/2 6:15,1746112502796,5.28,2,dd391ccef6b13960d42d394c8934fc97-~1746112502796-~231576604,app-android,176.16,0,待定,2025/5/2 6:15,2025/5/2 23:55,1,2025/5/2 6:32,
92191,25050272340686,231576604,0,已失效,2025/5/2 6:36,1746137546599,7.31,2,dd391ccef6b13960d42d394c8934fc97-~1746137546599-~231576604,app-android,243.54,0,待定,2025/5/2 6:36,2025/5/2 23:55,1,2025/5/2 6:53,
92192,25050267693032,231576604,1,已付款,2025/5/2 6:36,1746137546599,0.19,2,dd391ccef6b13960d42d394c8934fc97-~1746137546599-~231576604,app-android,37,0,待定,2025/5/2 6:36,2025/5/2 23:55,1,2025/5/2 6:53,
92347,25050294798762,231576604,1,已付款,2025/5/2 6:55,1746101204992,0,2,dd391ccef6b13960d42d394c8934fc97-~1746101204992-~231576604,app-android,90,1,/,2025/5/2 6:55,2025/5/2 23:55,0,NULL,
92350,25050294816862,231576604,1,已付款,2025/5/2 6:55,1746139838192,1.45,1,dd391ccef6b13960d42d394c8934fc97-~1746139838192-~231576604,app-android,48.28,0,待定,2025/5/2 6:56,2025/5/2 23:55,1,2025/5/2 7:12,
92565,25050287617109,231576604,1,已付款,2025/5/2 7:14,1746139908725,0.17,2,dd391ccef6b13960d42d394c8934fc97-~1746139908725-~231576604,app-android,33.77,0,待定,2025/5/2 7:14,2025/5/2 23:55,1,2025/5/2 7:30,
92626,25050212337413,231576604,1,已付款,2025/5/2 7:18,1746140793892,0.25,2,dd391ccef6b13960d42d394c8934fc97-~1746140793892-~231576604,app-android,51.14,0,待定,2025/5/2 7:18,2025/5/2 23:55,1,2025/5/2 7:35,
92751,25050297694472,231576604,1,已付款,2025/5/2 7:26,1746141591390,0.44,2,dd391ccef6b13960d42d394c8934fc97-~1746141591390-~231576604,app-android,88,0,待定,2025/5/2 7:26,2025/5/2 23:55,1,2025/5/2 7:43,
92989,25050212712213,231561881,0,已失效,2025/5/2 7:42,1746141943869,33.68,2,17d4ce1e68247e20b48538fc3d6e70f9-~1746141943869-~231561881,app-ios,6736.3,0,待定,2025/5/2 7:42,2025/5/2 23:55,1,2025/5/2 7:59,
93425,25050282863386,231576604,1,已付款,2025/5/2 8:18,1746142880657,10.86,2,dd391ccef6b13960d42d394c8934fc97-~1746142880657-~231576604,app-android,155.18,0,待定,2025/5/2 8:18,2025/5/2 23:55,1,2025/5/2 8:35,
93590,25050249989813,231576604,1,已付款,2025/5/2 8:37,1746145341800,0.93,2,dd391ccef6b13960d42d394c8934fc97-~1746145341800-~231576604,app-android,36,0,待定,2025/5/2 8:38,2025/5/2 23:55,1,2025/5/2 8:54,
93643,25050265198242,231576604,1,已付款,2025/5/2 8:43,1746118717907,1.9,2,dd391ccef6b13960d42d394c8934fc97-~1746118717907-~231576604,app-android,27.1,0,待定,2025/5/2 8:44,2025/5/2 23:55,1,2025/5/2 9:00,
93722,25050250504013,231561881,1,已付款,2025/5/2 8:50,1746146511811,3.54,2,17d4ce1e68247e20b48538fc3d6e70f9-~1746146511811-~231561881,app-ios,118,0,待定,2025/5/2 8:51,2025/5/2 23:55,1,2025/5/2 9:06,
93760,25050299358809,231576604,1,已付款,2025/5/2 8:54,1746147082570,0.38,2,dd391ccef6b13960d42d394c8934fc97-~1746147082570-~231576604,app-android,38.2,0,待定,2025/5/2 8:55,2025/5/2 23:55,1,2025/5/2 9:11,
93999,25050295316172,231576604,0,已失效,2025/5/2 9:11,1746147082570,3.9,2,dd391ccef6b13960d42d394c8934fc97-~1746147082570-~231576604,app-android,99.5,0,待定,2025/5/2 9:11,2025/5/2 23:55,1,2025/5/2 9:27,
94001,25050258292922,231576604,1,已付款,2025/5/2 9:11,1746147082570,3.32,2,dd391ccef6b13960d42d394c8934fc97-~1746147082570-~231576604,app-android,41.5,0,待定,2025/5/2 9:11,2025/5/2 23:55,1,2025/5/2 9:27,
94007,25050277648932,231576604,1,已付款,2025/5/2 9:11,1746147082570,0.58,2,dd391ccef6b13960d42d394c8934fc97-~1746147082570-~231576604,app-android,58,0,待定,2025/5/2 9:11,2025/5/2 23:55,1,2025/5/2 9:28,
94132,25050207589654,231576604,1,已付款,2025/5/2 9:18,1746099725630,0,2,dd391ccef6b13960d42d394c8934fc97-~1746099725630-~231576604,app-android,195,1,/,2025/5/2 9:18,2025/5/2 23:55,0,NULL,
94338,25050298438609,231576604,1,已付款,2025/5/2 9:27,1746138529072,0.87,5,dd391ccef6b13960d42d394c8934fc97-~1746138529072-~231576604,app-android,34,0,待定,2025/5/2 9:28,2025/5/2 23:55,1,2025/5/2 9:44,
94361,25050276353532,231576604,1,已付款,2025/5/2 9:26,1746014677791,0,2,dd391ccef6b13960d42d394c8934fc97-~1746014677791-~231576604,app-android,37.44,1,/,2025/5/2 9:29,2025/5/2 23:55,0,NULL,
94577,25050207878654,231576604,1,已付款,2025/5/2 9:34,1746118860653,21.32,2,dd391ccef6b13960d42d394c8934fc97-~1746118860653-~231576604,app-android,533,0,待定,2025/5/2 9:38,2025/5/2 23:55,1,2025/5/2 9:51,
94710,25050276666232,231576604,1,已付款,2025/5/2 9:43,1746096893023,73.63,2,dd391ccef6b13960d42d394c8934fc97-~1746096893023-~231576604,app-android,828,0,待定,2025/5/2 9:43,2025/5/2 23:59,1,NULL,
95162,25050262895842,231576604,1,已付款,2025/5/2 10:01,1746148233965,0.08,2,dd391ccef6b13960d42d394c8934fc97-~1746148233965-~231576604,app-android,1,0,待定,2025/5/2 10:01,2025/5/2 23:55,1,2025/5/2 10:18,
95167,25050262832342,231576604,0,已失效,2025/5/2 10:02,1746113147812,8.68,2,dd391ccef6b13960d42d394c8934fc97-~1746113147812-~231576604,app-android,124,0,待定,2025/5/2 10:02,2025/5/2 23:55,1,2025/5/2 10:19,
95293,25050280507786,231576604,1,已付款,2025/5/2 10:06,1746141340205,0,2,dd391ccef6b13960d42d394c8934fc97-~1746141340205-~231576604,app-android,33.8,1,/,2025/5/2 10:07,2025/5/2 23:55,0,NULL,
95294,25050248072613,231576604,1,已付款,2025/5/2 10:06,1746075080472,0,2,dd391ccef6b13960d42d394c8934fc97-~1746075080472-~231576604,app-android,48,1,/,2025/5/2 10:07,2025/5/2 23:55,0,NULL,
95449,25050261562642,231576604,1,已付款,2025/5/2 10:12,1746134519982,7.14,2,dd391ccef6b13960d42d394c8934fc97-~1746134519982-~231576604,app-android,102,0,待定,2025/5/2 10:12,2025/5/2 23:55,1,2025/5/2 10:29,
95476,25050201956763,231561881,1,已付款,2025/5/2 10:13,1746151010880,42.28,2,17d4ce1e68247e20b48538fc3d6e70f9-~1746151010880-~231561881,app-ios,604,0,待定,2025/5/2 10:14,2025/5/2 23:55,1,2025/5/2 10:30,
95575,25050256946722,231576604,1,已付款,2025/5/2 10:13,1746137457647,5.61,2,dd391ccef6b13960d42d394c8934fc97-~1746137457647-~231576604,app-android,560.65,0,待定,2025/5/2 10:16,2025/5/2 23:55,1,2025/5/2 10:30,
95598,25050295760009,231576604,1,已付款,2025/5/2 10:17,1746086423493,0.1,2,dd391ccef6b13960d42d394c8934fc97-~1746086423493-~231576604,app-android,1,0,待定,2025/5/2 10:17,2025/5/2 23:55,1,2025/5/2 10:34,
95643,25050279910386,231576604,1,已付款,2025/5/2 10:19,1746136640607,3.39,2,dd391ccef6b13960d42d394c8934fc97-~1746136640607-~231576604,app-android,113,0,待定,2025/5/2 10:19,2025/5/2 23:55,1,2025/5/2 10:35,
95646,25050201866063,231576604,1,已付款,2025/5/2 10:16,1746116213029,46.8,2,dd391ccef6b13960d42d394c8934fc97-~1746116213029-~231576604,app-android,936,0,待定,2025/5/2 10:19,2025/5/2 23:55,1,2025/5/2 10:33,
95649,25050279910086,231576604,1,已付款,2025/5/2 10:19,1746136640607,0.07,2,dd391ccef6b13960d42d394c8934fc97-~1746136640607-~231576604,app-android,13.8,0,待定,2025/5/2 10:19,2025/5/2 23:55,1,2025/5/2 10:35,
95727,25050262022042,231561881,1,已付款,2025/5/2 10:21,1746148196574,1.68,2,17d4ce1e68247e20b48538fc3d6e70f9-~1746148196574-~231561881,app-ios,56,0,待定,2025/5/2 10:21,2025/5/2 23:55,1,2025/5/2 10:38,
95944,25050274107032,231561881,1,已付款,2025/5/2 10:27,1746144365801,0.29,2,17d4ce1e68247e20b48538fc3d6e70f9-~1746144365801-~231561881,app-ios,29.4,0,待定,2025/5/2 10:27,2025/5/2 23:55,1,2025/5/2 10:44,
95953,25050279689286,231561881,1,已付款,2025/5/2 10:27,1746144365801,0.43,2,17d4ce1e68247e20b48538fc3d6e70f9-~1746144365801-~231561881,app-ios,42.86,0,待定,2025/5/2 10:27,2025/5/2 23:55,1,2025/5/2 10:44,
95991,25050292615072,231576604,1,已付款,2025/5/2 10:28,1746140353722,9.17,2,dd391ccef6b13960d42d394c8934fc97-~1746140353722-~231576604,app-android,131,0,待定,2025/5/2 10:28,2025/5/2 23:55,1,2025/5/2 10:45,
96020,25050205110054,231576604,0,已失效,2025/5/2 10:26,1746118860653,14.69,2,dd391ccef6b13960d42d394c8934fc97-~1746118860653-~231576604,app-android,352.3,0,待定,2025/5/2 10:29,2025/5/2 23:55,1,2025/5/2 10:43,
96035,25050202277263,231576604,1,已付款,2025/5/2 10:26,1746118860653,2.61,2,dd391ccef6b13960d42d394c8934fc97-~1746118860653-~231576604,app-android,87,0,待定,2025/5/2 10:29,2025/5/2 23:55,1,2025/5/2 10:43,
96039,25050292637672,231576604,1,已付款,2025/5/2 10:26,1746118860653,12.08,2,dd391ccef6b13960d42d394c8934fc97-~1746118860653-~231576604,app-android,265.3,0,待定,2025/5/2 10:29,2025/5/2 23:55,1,2025/5/2 10:43,
96198,25050247089113,231576604,0,已失效,2025/5/2 10:32,1746101663270,6.42,2,dd391ccef6b13960d42d394c8934fc97-~1746101663270-~231576604,app-android,91.73,0,待定,2025/5/2 10:32,2025/5/2 23:55,1,2025/5/2 10:49,
96614,25050255118722,231576604,1,已付款,2025/5/2 10:40,1746148190406,1.37,2,dd391ccef6b13960d42d394c8934fc97-~1746148190406-~231576604,app-android,137.09,0,待定,2025/5/2 10:40,2025/5/2 23:55,1,2025/5/2 10:57,
96718,25050205360354,231576604,1,已付款,2025/5/2 10:42,1746124883484,0,2,dd391ccef6b13960d42d394c8934fc97-~1746124883484-~231576604,app-android,133.99,1,/,2025/5/2 10:43,2025/5/2 23:55,0,NULL,
96777,25050201544263,231576604,1,已付款,2025/5/2 10:44,1746075080472,0,2,dd391ccef6b13960d42d394c8934fc97-~1746075080472-~231576604,app-android,57,1,/,2025/5/2 10:44,2025/5/2 23:55,0,NULL,
96884,25050204347354,231576604,1,已付款,2025/5/2 10:45,1746113147812,8.2,2,dd391ccef6b13960d42d394c8934fc97-~1746113147812-~231576604,app-android,117.22,0,待定,2025/5/2 10:46,2025/5/2 23:55,1,2025/5/2 11:02,
97238,25050246234713,231576604,1,已付款,2025/5/2 10:52,1746113918507,14.66,2,dd391ccef6b13960d42d394c8934fc97-~1746113918507-~231576604,app-android,141,0,待定,2025/5/2 10:53,2025/5/2 23:55,1,2025/5/2 11:09,
97273,25050217143687,231576604,1,已付款,2025/5/2 10:53,1746119135942,4.08,2,dd391ccef6b13960d42d394c8934fc97-~1746119135942-~231576604,app-android,82.7,0,待定,2025/5/2 10:53,2025/5/2 23:55,1,2025/5/2 11:10,
97525,25050272990732,231576604,1,已付款,2025/5/2 10:57,1746144733626,0,2,dd391ccef6b13960d42d394c8934fc97-~1746144733626-~231576604,app-android,209,1,/,2025/5/2 10:57,2025/5/2 23:55,0,NULL,
98432,25050254711522,231576604,1,已付款,2025/5/2 11:13,1746113644102,135.24,2,dd391ccef6b13960d42d394c8934fc97-~1746113644102-~231576604,app-android,1932,0,待定,2025/5/2 11:13,2025/5/2 23:55,1,2025/5/2 11:29,
98649,25050204614973,231561881,1,已付款,2025/5/2 11:18,1746155388863,5.63,2,17d4ce1e68247e20b48538fc3d6e70f9-~1746155388863-~231561881,app-ios,80.4,0,待定,2025/5/2 11:18,2025/5/2 23:55,1,2025/5/2 11:35,
98787,25050272162832,231576604,1,已付款,2025/5/2 11:20,1746113965971,0.98,2,dd391ccef6b13960d42d394c8934fc97-~1746113965971-~231576604,app-android,32.7,0,待定,2025/5/2 11:20,2025/5/2 23:55,1,2025/5/2 11:37,
99661,25050203726773,231561881,1,已付款,2025/5/2 11:46,1746154746651,3.74,2,17d4ce1e68247e20b48538fc3d6e70f9-~1746154746651-~231561881,app-ios,38.96,0,待定,2025/5/2 11:46,2025/5/2 23:55,1,2025/5/2 12:02,
99930,25050253209922,231576604,1,已付款,2025/5/2 11:58,1746090513085,0,2,dd391ccef6b13960d42d394c8934fc97-~1746090513085-~231576604,app-android,17.89,1,/,2025/5/2 11:59,2025/5/2 23:55,0,NULL,
99933,25050202401273,231576604,1,已付款,2025/5/2 11:59,1746133740369,0,2,dd391ccef6b13960d42d394c8934fc97-~1746133740369-~231576604,app-android,110,1,/,2025/5/2 11:59,2025/5/2 23:55,0,NULL,
100752,25050213826187,231576604,1,已付款,2025/5/2 12:37,1746147174460,3.52,2,dd391ccef6b13960d42d394c8934fc97-~1746147174460-~231576604,app-android,117.26,0,待定,2025/5/2 12:37,2025/5/2 23:55,1,2025/5/2 12:54,
100851,25050296641742,231576604,1,已付款,2025/5/2 12:41,1746075080472,0,2,dd391ccef6b13960d42d394c8934fc97-~1746075080472-~231576604,app-android,92,1,/,2025/5/2 12:42,2025/5/2 23:55,0,NULL,
100855,25050202013173,231576604,1,已付款,2025/5/2 12:42,1746075080472,0,2,dd391ccef6b13960d42d394c8934fc97-~1746075080472-~231576604,app-android,92,1,/,2025/5/2 12:42,2025/5/2 23:55,0,NULL,
101066,25050254854813,231576604,1,已付款,2025/5/2 12:50,1746137795722,33.64,2,dd391ccef6b13960d42d394c8934fc97-~1746137795722-~231576604,app-android,546.9,0,待定,2025/5/2 12:50,2025/5/2 23:55,1,2025/5/2 13:07,
101083,25050288007653,231561881,0,已失效,2025/5/2 12:51,1746158901336,9.61,2,17d4ce1e68247e20b48538fc3d6e70f9-~1746158901336-~231561881,app-ios,203.98,0,待定,2025/5/2 12:51,2025/5/2 23:55,1,2025/5/2 13:08,
101097,25050229989800,231561881,1,已付款,2025/5/2 12:52,1746158901336,4.03,2,17d4ce1e68247e20b48538fc3d6e70f9-~1746158901336-~231561881,app-ios,134.25,0,待定,2025/5/2 12:52,2025/5/2 23:55,1,2025/5/2 13:09,
101098,25050255645413,231561881,1,已付款,2025/5/2 12:52,1746158901336,5.58,2,17d4ce1e68247e20b48538fc3d6e70f9-~1746158901336-~231561881,app-ios,69.74,0,待定,2025/5/2 12:52,2025/5/2 23:55,1,2025/5/2 13:09,
101271,25050213194487,231576604,1,已付款,2025/5/2 12:58,1746121599926,3.09,2,dd391ccef6b13960d42d394c8934fc97-~1746121599926-~231576604,app-android,38.63,0,待定,2025/5/2 12:58,2025/5/2 23:55,1,2025/5/2 13:15,
101519,25050284014062,231561881,1,已付款,2025/5/2 13:05,1746143501740,2.76,2,17d4ce1e68247e20b48538fc3d6e70f9-~1746143501740-~231561881,app-ios,92.2,0,待定,2025/5/2 13:05,2025/5/2 23:55,1,2025/5/2 13:22,
101522,25050254393513,231561881,1,已下单,2025/5/2 13:05,1746162235525,12.6,2,17d4ce1e68247e20b48538fc3d6e70f9-~1746162235525-~231561881,app-ios,180,0,待定,2025/5/2 13:05,2025/5/2 23:55,1,2025/5/2 13:22,
101911,25050295554842,231576604,1,已付款,2025/5/2 13:18,1746117030322,0,2,dd391ccef6b13960d42d394c8934fc97-~1746117030322-~231576604,app-android,39.1,1,/,2025/5/2 13:18,2025/5/2 23:55,0,NULL,
102274,25050200674373,231576604,1,已付款,2025/5/2 13:27,1746148190406,1.11,2,dd391ccef6b13960d42d394c8934fc97-~1746148190406-~231576604,app-android,111.05,0,待定,2025/5/2 13:28,2025/5/2 23:55,1,2025/5/2 13:44,
102480,25050200533573,231561881,1,已付款,2025/5/2 13:33,1746144365801,0.98,2,17d4ce1e68247e20b48538fc3d6e70f9-~1746144365801-~231561881,app-ios,32.65,0,待定,2025/5/2 13:33,2025/5/2 23:55,1,2025/5/2 13:50,
102862,25050281986362,231561881,1,已付款,2025/5/2 13:44,1746163424651,1.46,2,17d4ce1e68247e20b48538fc3d6e70f9-~1746163424651-~231561881,app-ios,73,0,待定,2025/5/2 13:44,2025/5/2 23:55,1,2025/5/2 14:01,
103333,25050293561642,231561881,1,已付款,2025/5/2 13:57,1746154146116,26.88,2,17d4ce1e68247e20b48538fc3d6e70f9-~1746154146116-~231561881,app-ios,362,0,待定,2025/5/2 13:57,2025/5/2 23:55,1,2025/5/2 14:14,
103627,25050227649100,231561881,0,已失效,2025/5/2 14:08,1746141573355,0,2,17d4ce1e68247e20b48538fc3d6e70f9-~1746141573355-~231561881,app-ios,3337.99,1,/,2025/5/2 14:09,2025/5/2 23:55,0,NULL,
104039,25050298995772,231576604,1,已付款,2025/5/2 14:24,1746142061441,2.61,2,dd391ccef6b13960d42d394c8934fc97-~1746142061441-~231576604,app-android,87.2,0,待定,2025/5/2 14:25,2025/5/2 23:55,1,2025/5/2 14:41,
104149,25050253434132,231561881,1,已付款,2025/5/2 14:27,1746143807811,4.14,2,17d4ce1e68247e20b48538fc3d6e70f9-~1746143807811-~231561881,app-ios,82.82,0,待定,2025/5/2 14:28,2025/5/2 23:55,1,2025/5/2 14:44,
104814,25050252767532,231561881,1,已付款,2025/5/2 14:50,1746166591816,1.8,2,17d4ce1e68247e20b48538fc3d6e70f9-~1746166591816-~231561881,app-ios,17.96,0,待定,2025/5/2 14:50,2025/5/2 23:55,1,2025/5/2 15:07,
104819,25050283608053,231561881,1,已付款,2025/5/2 14:51,1746166591816,2.86,2,17d4ce1e68247e20b48538fc3d6e70f9-~1746166591816-~231561881,app-ios,68.2,0,待定,2025/5/2 14:51,2025/5/2 23:55,1,2025/5/2 15:08,
104964,25050261085022,231561881,1,已付款,2025/5/2 14:55,1746167897702,0.93,2,17d4ce1e68247e20b48538fc3d6e70f9-~1746167897702-~231561881,app-ios,36,0,待定,2025/5/2 14:56,2025/5/2 23:55,1,2025/5/2 15:12,
105006,25050284236653,231561881,1,已下单,2025/5/2 14:58,1746162672634,3.09,2,17d4ce1e68247e20b48538fc3d6e70f9-~1746162672634-~231561881,app-ios,34.3,0,待定,2025/5/2 14:58,2025/5/2 23:55,1,2025/5/2 15:15,
105284,25050292327742,231561881,1,已付款,2025/5/2 15:05,1746166591816,1.71,2,17d4ce1e68247e20b48538fc3d6e70f9-~1746166591816-~231561881,app-ios,57,0,待定,2025/5/2 15:05,2025/5/2 23:55,1,2025/5/2 15:22,
105641,25050260511222,231576604,1,已付款,2025/5/2 15:16,1746140676307,6,2,dd391ccef6b13960d42d394c8934fc97-~1746140676307-~231576604,app-android,119.98,0,待定,2025/5/2 15:17,2025/5/2 23:55,1,2025/5/2 15:33,
106183,25050278656062,231561881,1,已付款,2025/5/2 15:33,1746170674152,7.05,2,17d4ce1e68247e20b48538fc3d6e70f9-~1746170674152-~231561881,app-ios,141,0,待定,2025/5/2 15:34,2025/5/2 23:55,1,2025/5/2 15:50,
106478,25050222262387,231576604,0,已失效,2025/5/2 15:41,1746120563628,18.44,2,dd391ccef6b13960d42d394c8934fc97-~1746120563628-~231576604,app-android,499.75,0,待定,2025/5/2 15:41,2025/5/2 23:55,1,2025/5/2 15:58,
106485,25050283510172,231576604,1,已付款,2025/5/2 15:41,1746120563628,0.74,2,dd391ccef6b13960d42d394c8934fc97-~1746120563628-~231576604,app-android,74,0,待定,2025/5/2 15:42,2025/5/2 23:55,1,2025/5/2 15:58,
106489,25050283509872,231576604,1,已付款,2025/5/2 15:41,1746120563628,17.7,2,dd391ccef6b13960d42d394c8934fc97-~1746120563628-~231576604,app-android,425.75,0,待定,2025/5/2 15:42,2025/5/2 23:55,1,2025/5/2 15:58,
106662,25050238661600,231576604,1,已付款,2025/5/2 15:45,1746110970040,0,2,dd391ccef6b13960d42d394c8934fc97-~1746110970040-~231576604,app-android,333.59,1,/,2025/5/2 15:45,2025/5/2 23:55,0,NULL,
106825,25050291247162,231576604,1,已付款,2025/5/2 15:49,1746120563628,34.56,2,dd391ccef6b13960d42d394c8934fc97-~1746120563628-~231576604,app-android,1152.1,0,待定,2025/5/2 15:50,2025/5/2 23:55,1,2025/5/2 16:05,
106831,25050291250662,231576604,1,已付款,2025/5/2 15:50,1746146338327,0.12,2,dd391ccef6b13960d42d394c8934fc97-~1746146338327-~231576604,app-android,23.31,0,待定,2025/5/2 15:50,2025/5/2 23:55,1,2025/5/2 16:07,
106833,25050264049632,231576604,1,已付款,2025/5/2 15:50,1746146338327,0.74,2,dd391ccef6b13960d42d394c8934fc97-~1746146338327-~231576604,app-android,9.22,0,待定,2025/5/2 15:50,2025/5/2 23:55,1,2025/5/2 16:07,
107321,25050264421332,231576604,1,已付款,2025/5/2 16:01,1746134773128,0,2,dd391ccef6b13960d42d394c8934fc97-~1746134773128-~231576604,app-android,279,1,/,2025/5/2 16:01,2025/5/2 23:55,0,NULL,
107472,25050291618562,231576604,1,已付款,2025/5/2 16:05,1746146171151,4.95,2,dd391ccef6b13960d42d394c8934fc97-~1746146171151-~231576604,app-android,99,0,待定,2025/5/2 16:05,2025/5/2 23:55,1,2025/5/2 16:22,
107600,25050298173522,231576604,1,已付款,2025/5/2 16:09,1746101204992,0,2,dd391ccef6b13960d42d394c8934fc97-~1746101204992-~231576604,app-android,33.86,1,/,2025/5/2 16:09,2025/5/2 23:55,0,NULL,
108187,25050297023922,231576604,1,已付款,2025/5/2 16:21,1746101204992,0,2,dd391ccef6b13960d42d394c8934fc97-~1746101204992-~231576604,app-android,56,1,/,2025/5/2 16:21,2025/5/2 23:55,0,NULL,
108197,25050235281013,231576604,1,已付款,2025/5/2 16:22,1746144188798,2.83,2,dd391ccef6b13960d42d394c8934fc97-~1746144188798-~231576604,app-android,47.09,0,待定,2025/5/2 16:22,2025/5/2 23:55,1,2025/5/2 16:39,
108482,25050202923443,231561881,1,已付款,2025/5/2 16:26,1746165904307,2.47,2,17d4ce1e68247e20b48538fc3d6e70f9-~1746165904307-~231561881,app-ios,82.44,0,待定,2025/5/2 16:29,2025/5/2 23:55,1,2025/5/2 16:43,
108924,25050290596062,231561881,1,已付款,2025/5/2 16:38,1746174397191,1.79,2,17d4ce1e68247e20b48538fc3d6e70f9-~1746174397191-~231561881,app-ios,59.51,0,待定,2025/5/2 16:39,2025/5/2 23:55,1,2025/5/2 16:55,
109319,25050236887200,231576604,1,已付款,2025/5/2 16:43,1746148385702,6.2,2,dd391ccef6b13960d42d394c8934fc97-~1746148385702-~231576604,app-android,68.9,0,待定,2025/5/2 16:46,2025/5/2 23:55,1,2025/5/2 17:00,
109529,25050234369713,231576604,1,已付款,2025/5/2 16:52,1746113771119,5.25,2,dd391ccef6b13960d42d394c8934fc97-~1746113771119-~231576604,app-android,175,0,待定,2025/5/2 16:52,2025/5/2 23:55,1,2025/5/2 17:08,
110564,25050295227522,231561881,1,已付款,2025/5/2 17:20,1746173585142,10.57,2,17d4ce1e68247e20b48538fc3d6e70f9-~1746173585142-~231561881,app-ios,151,0,待定,2025/5/2 17:20,2025/5/2 23:55,1,2025/5/2 17:37,
110887,25050295685022,231561881,1,已付款,2025/5/2 17:33,1746172271258,4.5,2,17d4ce1e68247e20b48538fc3d6e70f9-~1746172271258-~231561881,app-ios,90,0,待定,2025/5/2 17:33,2025/5/2 23:55,1,2025/5/2 17:50,
110960,25050260846232,231561881,1,已付款,2025/5/2 17:34,1746173585142,13.37,2,17d4ce1e68247e20b48538fc3d6e70f9-~1746173585142-~231561881,app-ios,191,0,待定,2025/5/2 17:35,2025/5/2 23:55,1,2025/5/2 17:51,
111068,25050200046743,231561881,0,已失效,2025/5/2 17:36,1746144345004,9.81,2,17d4ce1e68247e20b48538fc3d6e70f9-~1746144345004-~231561881,app-ios,140.08,0,待定,2025/5/2 17:40,2025/5/2 23:55,1,2025/5/2 17:53,
111377,25050278918872,231576604,1,已付款,2025/5/2 17:48,1746099117442,2.97,2,dd391ccef6b13960d42d394c8934fc97-~1746099117442-~231576604,app-android,59.48,0,待定,2025/5/2 17:49,2025/5/2 23:55,1,2025/5/2 18:05,
111387,25050292207753,231561881,1,已下单,2025/5/2 17:49,1746179278580,5.81,2,17d4ce1e68247e20b48538fc3d6e70f9-~1746179278580-~231561881,app-ios,83,0,待定,2025/5/2 17:49,2025/5/2 23:55,1,2025/5/2 18:06,
111753,25050278690472,231576604,1,已付款,2025/5/2 17:59,1746112330996,0,2,dd391ccef6b13960d42d394c8934fc97-~1746112330996-~231576604,app-android,97,1,/,2025/5/2 17:59,2025/5/2 23:55,0,NULL,
111754,25050233993000,231576604,0,已失效,2025/5/2 17:59,1746112330996,0,2,dd391ccef6b13960d42d394c8934fc97-~1746112330996-~231576604,app-android,138,1,/,2025/5/2 17:59,2025/5/2 23:55,0,NULL,
111755,25050294946822,231576604,1,已付款,2025/5/2 17:59,1746112330996,0,2,dd391ccef6b13960d42d394c8934fc97-~1746112330996-~231576604,app-android,41,1,/,2025/5/2 17:59,2025/5/2 23:55,0,NULL,
112438,25050232104713,231561881,1,已付款,2025/5/2 18:14,1746169702553,11.34,2,17d4ce1e68247e20b48538fc3d6e70f9-~1746169702553-~231561881,app-ios,126,0,待定,2025/5/2 18:15,2025/5/2 23:55,1,2025/5/2 18:31,
112600,25050279153572,231561881,0,已失效,2025/5/2 18:13,1746144345004,12.7,2,17d4ce1e68247e20b48538fc3d6e70f9-~1746144345004-~231561881,app-ios,181.5,0,待定,2025/5/2 18:17,2025/5/2 23:55,1,2025/5/2 18:30,
112634,25050293787022,231561881,1,已付款,2025/5/2 18:15,1746144345004,11.82,2,17d4ce1e68247e20b48538fc3d6e70f9-~1746144345004-~231561881,app-ios,168.88,0,待定,2025/5/2 18:18,2025/5/2 23:55,1,2025/5/2 18:32,
113314,25050204273987,231561881,1,已付款,2025/5/2 18:30,1746172336961,0.59,2,17d4ce1e68247e20b48538fc3d6e70f9-~1746172336961-~231561881,app-ios,19.69,0,待定,2025/5/2 18:31,2025/5/2 23:55,1,2025/5/2 18:47,
113316,25050232597213,231561881,1,已付款,2025/5/2 18:31,1746144365801,0.85,2,17d4ce1e68247e20b48538fc3d6e70f9-~1746144365801-~231561881,app-ios,84.55,0,待定,2025/5/2 18:31,2025/5/2 23:55,1,2025/5/2 18:48,
113648,25050233822400,231576604,1,已付款,2025/5/2 18:39,1746109023646,6.86,2,dd391ccef6b13960d42d394c8934fc97-~1746109023646-~231576604,app-android,98,0,待定,2025/5/2 18:39,2025/5/2 23:55,1,2025/5/2 18:56,
115254,25050297607232,231561881,0,已失效,2025/5/2 19:18,1746165770396,5.11,2,17d4ce1e68247e20b48538fc3d6e70f9-~1746165770396-~231561881,app-ios,170.45,0,待定,2025/5/2 19:18,2025/5/2 23:55,1,2025/5/2 19:35,
115423,25050297500032,231561881,1,已付款,2025/5/2 19:23,1746158602054,4.89,2,17d4ce1e68247e20b48538fc3d6e70f9-~1746158602054-~231561881,app-ios,163.02,0,待定,2025/5/2 19:23,2025/5/2 23:55,1,2025/5/2 19:40,
116254,25050247309658,231576604,1,已付款,2025/5/2 19:48,1746135088192,0.52,2,dd391ccef6b13960d42d394c8934fc97-~1746135088192-~231576604,app-android,7.39,0,待定,2025/5/2 19:48,2025/5/2 23:55,1,2025/5/2 20:05,
116414,25050242945013,231576604,1,已付款,2025/5/2 19:52,1746146721118,0,2,dd391ccef6b13960d42d394c8934fc97-~1746146721118-~231576604,app-android,36,1,/,2025/5/2 19:52,2025/5/2 23:55,0,NULL,
117050,25050243216213,231561881,1,已付款,2025/5/2 20:10,1746144365801,1.18,2,17d4ce1e68247e20b48538fc3d6e70f9-~1746144365801-~231561881,app-ios,29.4,0,待定,2025/5/2 20:10,2025/5/2 23:55,1,2025/5/2 20:27,
117052,25050204064423,231561881,1,已付款,2025/5/2 20:10,1746144365801,0.97,2,17d4ce1e68247e20b48538fc3d6e70f9-~1746144365801-~231561881,app-ios,27.1,0,待定,2025/5/2 20:10,2025/5/2 23:55,1,2025/5/2 20:27,
117478,25050218148000,231561881,0,已失效,2025/5/2 20:21,1746163234648,4.78,2,17d4ce1e68247e20b48538fc3d6e70f9-~1746163234648-~231561881,app-ios,68.3,0,待定,2025/5/2 20:21,2025/5/2 23:55,1,2025/5/2 20:38,
118907,25050295500432,231576604,0,已失效,2025/5/2 21:03,1746148190406,13.3,2,dd391ccef6b13960d42d394c8934fc97-~1746148190406-~231576604,app-android,190,0,待定,2025/5/2 21:03,2025/5/2 23:55,1,2025/5/2 21:19,
119419,25050221449963,231561881,1,已付款,2025/5/2 21:18,1746136473132,2.34,2,17d4ce1e68247e20b48538fc3d6e70f9-~1746136473132-~231561881,app-ios,15.6,0,待定,2025/5/2 21:19,2025/5/2 23:55,1,2025/5/2 21:35,
120225,25050201088823,231576604,1,已付款,2025/5/2 21:42,1746077966446,22.88,2,dd391ccef6b13960d42d394c8934fc97-~1746077966446-~231576604,app-android,368,0,待定,2025/5/2 21:43,2025/5/2 23:55,1,2025/5/2 21:59,
120547,25050240028413,231576604,1,已付款,2025/5/2 21:50,1746113918507,4.15,2,dd391ccef6b13960d42d394c8934fc97-~1746113918507-~231576604,app-android,69.12,0,待定,2025/5/2 21:50,2025/5/2 23:55,1,2025/5/2 22:07,
121297,25050299971622,231576604,1,已付款,2025/5/2 22:14,1746118213678,1.05,2,dd391ccef6b13960d42d394c8934fc97-~1746118213678-~231576604,app-android,20,0,待定,2025/5/2 22:15,2025/5/2 23:55,1,2025/5/2 22:31,
121465,25050224396173,231576604,0,已失效,2025/5/2 22:19,1746109817404,114.09,2,dd391ccef6b13960d42d394c8934fc97-~1746109817404-~231576604,app-android,1669.6,0,待定,2025/5/2 22:19,2025/5/2 23:55,1,2025/5/2 22:36,
121505,25050278814642,231576604,1,已付款,2025/5/2 22:20,1746109817404,14.94,2,dd391ccef6b13960d42d394c8934fc97-~1746109817404-~231576604,app-android,213.36,0,待定,2025/5/2 22:20,2025/5/2 23:55,1,2025/5/2 22:37,
121508,25050220064263,231576604,1,已付款,2025/5/2 22:20,1746109817404,84.21,2,dd391ccef6b13960d42d394c8934fc97-~1746109817404-~231576604,app-android,1242.88,0,待定,2025/5/2 22:20,2025/5/2 23:55,1,2025/5/2 22:37,
121510,25050224333573,231576604,1,已付款,2025/5/2 22:20,1746109817404,14.94,2,dd391ccef6b13960d42d394c8934fc97-~1746109817404-~231576604,app-android,213.36,0,待定,2025/5/2 22:20,2025/5/2 23:55,1,2025/5/2 22:37,
121623,25050214083500,231576604,1,已付款,2025/5/2 22:20,1746147136971,0,2,dd391ccef6b13960d42d394c8934fc97-~1746147136971-~231576604,app-android,8,1,/,2025/5/2 22:20,2025/5/2 23:55,0,NULL,
121657,25050209731187,231561881,1,已付款,2025/5/2 22:22,1746179278580,47.53,2,17d4ce1e68247e20b48538fc3d6e70f9-~1746179278580-~231561881,app-ios,679,0,待定,2025/5/2 22:22,2025/5/2 23:55,1,2025/5/2 22:38,
121900,25050219034163,231561881,1,已付款,2025/5/2 22:27,1746180201329,15.45,2,17d4ce1e68247e20b48538fc3d6e70f9-~1746180201329-~231561881,app-ios,309,0,待定,2025/5/2 22:28,2025/5/2 23:55,1,2025/5/2 22:44,
122197,25050222939073,231576604,1,已付款,2025/5/2 22:34,1746108423152,2.04,2,dd391ccef6b13960d42d394c8934fc97-~1746108423152-~231576604,app-android,56,0,待定,2025/5/2 22:34,2025/5/2 23:55,1,2025/5/2 22:51,
122982,25050291655242,231576604,1,已付款,2025/5/2 22:48,1746113847745,0.49,2,dd391ccef6b13960d42d394c8934fc97-~1746113847745-~231576604,app-android,49,0,待定,2025/5/2 22:49,2025/5/2 23:55,1,2025/5/2 23:05,
123700,25050290456242,231576604,1,已付款,2025/5/2 23:01,1746110090498,0,2,dd391ccef6b13960d42d394c8934fc97-~1746110090498-~231576604,app-android,181.82,1,/,2025/5/2 23:01,2025/5/3 0:01,0,NULL,
124301,25050222479273,231561881,0,已失效,2025/5/2 23:11,1746158159372,24.77,2,17d4ce1e68247e20b48538fc3d6e70f9-~1746158159372-~231561881,app-ios,367,0,待定,2025/5/2 23:14,2025/5/3 0:11,1,2025/5/2 23:27,
124314,25050230606963,231561881,1,已付款,2025/5/2 23:11,1746158159372,8.43,2,17d4ce1e68247e20b48538fc3d6e70f9-~1746158159372-~231561881,app-ios,281,0,待定,2025/5/2 23:15,2025/5/3 0:11,1,2025/5/2 23:28,
124319,25050230606863,231561881,1,已付款,2025/5/2 23:11,1746158159372,16.34,2,17d4ce1e68247e20b48538fc3d6e70f9-~1746158159372-~231561881,app-ios,86,0,待定,2025/5/2 23:15,2025/5/3 0:11,1,2025/5/2 23:28,
125218,25050275804113,231561881,1,已付款,2025/5/2 23:30,1746168281069,2.65,2,17d4ce1e68247e20b48538fc3d6e70f9-~1746168281069-~231561881,app-ios,26.48,0,待定,2025/5/2 23:31,2025/5/3 0:30,1,2025/5/2 23:47,
125223,25050275725913,231576604,1,已付款,2025/5/2 23:31,1746141533531,0,2,dd391ccef6b13960d42d394c8934fc97-~1746141533531-~231576604,app-android,11.65,1,/,2025/5/2 23:31,2025/5/3 0:31,0,NULL,
125695,25050203161833,231576604,0,已失效,2025/5/2 23:42,1746144857284,3.38,2,dd391ccef6b13960d42d394c8934fc97-~1746144857284-~231576604,app-android,337.4,0,待定,2025/5/2 23:43,2025/5/3 0:42,1,2025/5/2 23:59,
125697,25050253536158,231576604,1,已付款,2025/5/2 23:43,1746144857284,1.16,2,dd391ccef6b13960d42d394c8934fc97-~1746144857284-~231576604,app-android,115.96,0,待定,2025/5/2 23:43,2025/5/3 0:42,1,2025/5/3 0:00,
125699,25050207855987,231576604,1,已付款,2025/5/2 23:43,1746144857284,0.6,2,dd391ccef6b13960d42d394c8934fc97-~1746144857284-~231576604,app-android,59.87,0,待定,2025/5/2 23:43,2025/5/3 0:42,1,2025/5/3 0:00,
125700,25050229676563,231576604,1,已付款,2025/5/2 23:43,1746144857284,1.02,2,dd391ccef6b13960d42d394c8934fc97-~1746144857284-~231576604,app-android,101.7,0,待定,2025/5/2 23:43,2025/5/3 0:42,1,2025/5/3 0:00,
125708,25050289966342,231576604,1,已付款,2025/5/2 23:43,1746144857284,0.6,2,dd391ccef6b13960d42d394c8934fc97-~1746144857284-~231576604,app-android,59.87,0,待定,2025/5/2 23:43,2025/5/3 0:42,1,2025/5/3 0:00,
125926,25050207827687,231576604,0,已失效,2025/5/2 23:46,1746144857284,3.32,2,dd391ccef6b13960d42d394c8934fc97-~1746144857284-~231576604,app-android,333,0,待定,2025/5/2 23:46,2025/5/3 0:45,0,NULL,
125930,25050220713173,231576604,1,已付款,2025/5/2 23:46,1746144857284,1.02,2,dd391ccef6b13960d42d394c8934fc97-~1746144857284-~231576604,app-android,102.45,0,待定,2025/5/2 23:46,2025/5/3 0:46,0,NULL,
125931,25050203033333,231576604,1,已付款,2025/5/2 23:46,1746144857284,1.02,2,dd391ccef6b13960d42d394c8934fc97-~1746144857284-~231576604,app-android,102.46,0,待定,2025/5/2 23:46,2025/5/3 0:46,0,NULL,
125939,25050220712873,231576604,1,已付款,2025/5/2 23:46,1746144857284,1.28,2,dd391ccef6b13960d42d394c8934fc97-~1746144857284-~231576604,app-android,128.09,0,待定,2025/5/2 23:46,2025/5/3 0:46,0,NULL,
126544,25050288845942,231576604,0,已失效,2025/5/2 23:56,1746144857284,0.16,2,dd391ccef6b13960d42d394c8934fc97-~1746144857284-~231576604,app-android,16.4,0,待定,2025/5/2 23:56,2025/5/3 0:56,0,NULL,
126553,25050288845742,231576604,1,已付款,2025/5/2 23:56,1746144857284,0.92,2,dd391ccef6b13960d42d394c8934fc97-~1746144857284-~231576604,app-android,91.81,0,待定,2025/5/2 23:56,2025/5/3 0:56,0,NULL,
126554,25050275128013,231576604,0,已失效,2025/5/2 23:56,1746144857284,2.69,2,dd391ccef6b13960d42d394c8934fc97-~1746144857284-~231576604,app-android,269.1,0,待定,2025/5/2 23:56,2025/5/3 0:56,0,NULL,
126555,25050288845642,231576604,1,已付款,2025/5/2 23:56,1746144857284,1.03,2,dd391ccef6b13960d42d394c8934fc97-~1746144857284-~231576604,app-android,102.56,0,待定,2025/5/2 23:56,2025/5/3 0:56,0,NULL,
126561,25050288845442,231576604,1,已付款,2025/5/2 23:56,1746144857284,0.58,2,dd391ccef6b13960d42d394c8934fc97-~1746144857284-~231576604,app-android,58.35,0,待定,2025/5/2 23:56,2025/5/3 0:56,0,NULL,
126895,25050330690267,231576604,1,已付款,2025/5/3 0:05,1746119154351,0,2,dd391ccef6b13960d42d394c8934fc97-~1746119154351-~231576604,app-android,1,1,/,2025/5/3 0:05,2025/5/3 23:55,0,NULL,
127343,25050302690037,231576604,0,已失效,2025/5/3 0:17,1746148104755,2.4,2,dd391ccef6b13960d42d394c8934fc97-~1746148104755-~231576604,app-android,240,0,待定,2025/5/3 0:18,2025/5/3 23:55,1,2025/5/3 0:33,
127403,25050315812847,231576604,0,已失效,2025/5/3 0:19,1746148104755,2.4,2,dd391ccef6b13960d42d394c8934fc97-~1746148104755-~231576604,app-android,240,0,待定,2025/5/3 0:19,2025/5/3 23:55,1,2025/5/3 0:35,
128182,25050310723106,231561881,1,已付款,2025/5/3 0:41,1746202352169,2.49,2,17d4ce1e68247e20b48538fc3d6e70f9-~1746202352169-~231561881,app-ios,24.94,0,待定,2025/5/3 0:41,2025/5/3 23:55,1,2025/5/3 0:58,
128326,25050394854482,231561881,1,已付款,2025/5/3 0:46,1746177708882,0.67,2,17d4ce1e68247e20b48538fc3d6e70f9-~1746177708882-~231561881,app-ios,67.15,0,待定,2025/5/3 0:47,2025/5/3 23:55,1,2025/5/3 1:03,
128360,25050312970347,231576604,1,已付款,2025/5/3 0:48,1746203140380,1.32,2,dd391ccef6b13960d42d394c8934fc97-~1746203140380-~231576604,app-android,132,0,待定,2025/5/3 0:48,2025/5/3 23:55,1,2025/5/3 1:05,
128786,25050392100382,231561881,1,已付款,2025/5/3 1:18,1746176399541,53.71,2,17d4ce1e68247e20b48538fc3d6e70f9-~1746176399541-~231561881,app-ios,901,0,待定,2025/5/3 1:18,2025/5/3 23:55,1,2025/5/3 1:34,
128798,25050311121006,231576604,1,已付款,2025/5/3 1:19,1746204804552,5.22,2,dd391ccef6b13960d42d394c8934fc97-~1746204804552-~231576604,app-android,174,0,待定,2025/5/3 1:19,2025/5/3 23:55,1,2025/5/3 1:35,
128853,25050384943717,231576604,1,已付款,2025/5/3 1:23,1746204804552,4.32,2,dd391ccef6b13960d42d394c8934fc97-~1746204804552-~231576604,app-android,72.01,0,待定,2025/5/3 1:24,2025/5/3 23:55,1,2025/5/3 1:40,
129154,25050308037506,231561881,1,已付款,2025/5/3 1:47,1746180081760,0,2,17d4ce1e68247e20b48538fc3d6e70f9-~1746180081760-~231561881,app-ios,49.7,1,/,2025/5/3 1:47,2025/5/3 23:55,0,NULL,
129591,25050322417827,231576604,1,已付款,2025/5/3 2:53,1746202181966,4.11,2,dd391ccef6b13960d42d394c8934fc97-~1746202181966-~231576604,app-android,137,0,待定,2025/5/3 2:53,2025/5/3 23:55,1,2025/5/3 3:10,
129938,25050385895517,231576604,0,已失效,2025/5/3 4:36,1746134788670,12.9,2,dd391ccef6b13960d42d394c8934fc97-~1746134788670-~231576604,app-android,645.15,0,待定,2025/5/3 4:37,2025/5/3 23:55,1,2025/5/3 4:52,
129940,25050312389054,231576604,0,已失效,2025/5/3 4:37,1746134788670,12.9,2,dd391ccef6b13960d42d394c8934fc97-~1746134788670-~231576604,app-android,645.15,0,待定,2025/5/3 4:38,2025/5/3 23:55,1,2025/5/3 4:54,
130076,25050312738554,231576604,1,已付款,2025/5/3 4:58,1746219031295,0.56,2,dd391ccef6b13960d42d394c8934fc97-~1746219031295-~231576604,app-android,7.99,0,待定,2025/5/3 4:59,2025/5/3 23:55,1,2025/5/3 5:14,
130517,25050312980854,231561881,1,已付款,2025/5/3 6:01,1746223133978,5.43,2,17d4ce1e68247e20b48538fc3d6e70f9-~1746223133978-~231561881,app-ios,77.6,0,待定,2025/5/3 6:02,2025/5/3 23:55,1,2025/5/3 6:18,
130718,25050393234082,231561881,1,已付款,2025/5/3 6:43,1746175549145,0.02,2,17d4ce1e68247e20b48538fc3d6e70f9-~1746175549145-~231561881,app-ios,3.69,0,待定,2025/5/3 6:43,2025/5/3 23:55,1,2025/5/3 7:00,
130853,25050320055027,231576604,0,已失效,2025/5/3 7:02,1746146258895,17.98,2,dd391ccef6b13960d42d394c8934fc97-~1746146258895-~231576604,app-android,167,0,待定,2025/5/3 7:02,2025/5/3 23:55,1,2025/5/3 7:18,
130855,25050310318454,231576604,1,已付款,2025/5/3 7:02,1746146258895,9.9,2,dd391ccef6b13960d42d394c8934fc97-~1746146258895-~231576604,app-android,66,0,待定,2025/5/3 7:02,2025/5/3 23:55,1,2025/5/3 7:19,
130856,25050309537206,231576604,1,已付款,2025/5/3 7:02,1746146258895,8.08,2,dd391ccef6b13960d42d394c8934fc97-~1746146258895-~231576604,app-android,101,0,待定,2025/5/3 7:02,2025/5/3 23:55,1,2025/5/3 7:19,
130862,25050311457347,231576604,1,已付款,2025/5/3 6:59,1746112593047,0.08,2,dd391ccef6b13960d42d394c8934fc97-~1746112593047-~231576604,app-android,15.64,0,待定,2025/5/3 7:03,2025/5/3 23:55,1,2025/5/3 7:16,
130909,25050320010427,231576604,1,已付款,2025/5/3 7:05,1746077966446,4.96,2,dd391ccef6b13960d42d394c8934fc97-~1746077966446-~231576604,app-android,124,0,待定,2025/5/3 7:06,2025/5/3 23:55,1,2025/5/3 7:22,
131258,25050320401527,231576604,1,已付款,2025/5/3 7:29,1746143076795,0,2,dd391ccef6b13960d42d394c8934fc97-~1746143076795-~231576604,app-android,12,1,/,2025/5/3 7:29,2025/5/3 23:55,0,NULL,
131380,25050310630654,231576604,0,已失效,2025/5/3 7:34,1746143909281,0,2,dd391ccef6b13960d42d394c8934fc97-~1746143909281-~231576604,app-android,127.02,1,/,2025/5/3 7:35,2025/5/3 23:55,0,NULL,
131497,25050317264383,231561881,1,已付款,2025/5/3 7:40,1746229009348,0,2,17d4ce1e68247e20b48538fc3d6e70f9-~1746229009348-~231561881,app-ios,0,0,待定,2025/5/3 7:40,2025/5/3 23:55,0,NULL,
131504,25050329676777,231561881,1,已付款,2025/5/3 7:40,1746229009348,4.14,2,17d4ce1e68247e20b48538fc3d6e70f9-~1746229009348-~231561881,app-ios,138,0,待定,2025/5/3 7:40,2025/5/3 23:55,1,2025/5/3 7:57,
131563,25050320970827,231576604,1,已付款,2025/5/3 7:43,1746143909281,0,2,dd391ccef6b13960d42d394c8934fc97-~1746143909281-~231576604,app-android,127.02,1,/,2025/5/3 7:44,2025/5/3 23:55,0,NULL,
131726,25050310763954,231576604,1,已付款,2025/5/3 7:46,1746144188798,3.92,2,dd391ccef6b13960d42d394c8934fc97-~1746144188798-~231576604,app-ios,49,0,待定,2025/5/3 7:50,2025/5/3 23:55,1,2025/5/3 8:03,
131942,25050384134917,231576604,1,已付款,2025/5/3 7:55,1746092706106,10.68,2,dd391ccef6b13960d42d394c8934fc97-~1746092706106-~231576604,app-android,89,0,待定,2025/5/3 7:58,2025/5/3 23:55,1,2025/5/3 8:12,
131968,25050330195777,231576604,1,已付款,2025/5/3 7:56,1746144188798,0.16,2,dd391ccef6b13960d42d394c8934fc97-~1746144188798-~231576604,app-ios,32,0,待定,2025/5/3 7:59,2025/5/3 23:55,1,2025/5/3 8:13,
132031,25050330089577,231561881,1,已付款,2025/5/3 8:00,1746178854326,44.8,2,17d4ce1e68247e20b48538fc3d6e70f9-~1746178854326-~231561881,app-ios,224,0,待定,2025/5/3 8:01,2025/5/3 23:55,1,2025/5/3 8:17,
132416,25050384539717,231576604,1,已付款,2025/5/3 8:13,1746055088931,8.19,2,dd391ccef6b13960d42d394c8934fc97-~1746055088931-~231576604,app-android,117,0,待定,2025/5/3 8:17,2025/5/3 23:55,1,2025/5/3 8:30,
132683,25050381781917,231561881,0,已失效,2025/5/3 8:27,1746231569385,6.93,0,17d4ce1e68247e20b48538fc3d6e70f9-~1746231569385-~231561881,app-ios,164,0,待定,2025/5/3 8:28,2025/5/3 23:55,1,2025/5/3 8:44,
133133,25050335174154,231576604,1,已付款,2025/5/3 8:47,1746148291018,17.12,2,dd391ccef6b13960d42d394c8934fc97-~1746148291018-~231576604,app-android,244.62,0,待定,2025/5/3 8:47,2025/5/3 23:55,1,2025/5/3 9:04,
133374,25050335652754,231561881,1,已付款,2025/5/3 9:01,1746222743017,0.09,2,17d4ce1e68247e20b48538fc3d6e70f9-~1746222743017-~231561881,app-ios,9,0,待定,2025/5/3 9:02,2025/5/3 23:55,1,2025/5/3 9:17,
133641,25050383263417,231561881,1,已付款,2025/5/3 9:20,1746231944516,3.03,2,17d4ce1e68247e20b48538fc3d6e70f9-~1746231944516-~231561881,app-ios,101,0,待定,2025/5/3 9:20,2025/5/3 23:55,1,2025/5/3 9:37,
133922,25050321697937,231561881,1,已付款,2025/5/3 9:42,1746170024578,3.69,2,17d4ce1e68247e20b48538fc3d6e70f9-~1746170024578-~231561881,app-ios,73.89,0,待定,2025/5/3 9:42,2025/5/3 23:55,1,2025/5/3 9:59,
133924,25050313475783,231561881,1,已付款,2025/5/3 9:42,1746170024578,1.73,2,17d4ce1e68247e20b48538fc3d6e70f9-~1746170024578-~231561881,app-ios,34.5,0,待定,2025/5/3 9:42,2025/5/3 23:55,1,2025/5/3 9:59,
133925,25050349909667,231561881,0,已失效,2025/5/3 9:42,1746170024578,5.42,2,17d4ce1e68247e20b48538fc3d6e70f9-~1746170024578-~231561881,app-ios,108.39,0,待定,2025/5/3 9:42,2025/5/3 23:55,1,2025/5/3 9:57,
134009,25050350147567,231561881,1,已付款,2025/5/3 9:46,1746228519074,2.39,2,17d4ce1e68247e20b48538fc3d6e70f9-~1746228519074-~231561881,app-ios,34.2,0,待定,2025/5/3 9:46,2025/5/3 23:55,1,2025/5/3 10:03,
134039,25050335001847,231576604,1,已下单,2025/5/3 9:48,1746202217682,7.08,2,dd391ccef6b13960d42d394c8934fc97-~1746202217682-~231576604,app-android,141.5,0,待定,2025/5/3 9:49,2025/5/3 23:55,1,2025/5/3 10:05,
134046,25050317501527,231561881,1,已付款,2025/5/3 9:46,1746229065738,0.28,2,17d4ce1e68247e20b48538fc3d6e70f9-~1746229065738-~231561881,app-android,9.41,0,待定,2025/5/3 9:49,2025/5/3 23:55,1,2025/5/3 10:03,
134162,25050380992817,231576604,1,已付款,2025/5/3 9:54,1746202217682,7.15,2,dd391ccef6b13960d42d394c8934fc97-~1746202217682-~231576604,app-android,143,0,待定,2025/5/3 9:54,2025/5/3 23:55,1,2025/5/3 10:11,
134167,25050335297947,231561881,1,已付款,2025/5/3 9:51,1746229065738,2.51,2,17d4ce1e68247e20b48538fc3d6e70f9-~1746229065738-~231561881,app-android,62.75,0,待定,2025/5/3 9:54,2025/5/3 23:55,1,2025/5/3 10:08,
134270,25050380888417,231561881,1,已付款,2025/5/3 9:57,1746235872072,0.02,2,17d4ce1e68247e20b48538fc3d6e70f9-~1746235872072-~231561881,app-ios,3.95,0,待定,2025/5/3 9:57,2025/5/3 23:55,1,2025/5/3 10:14,
134378,25050335479847,231561881,1,已付款,2025/5/3 10:00,1746230544541,0,2,17d4ce1e68247e20b48538fc3d6e70f9-~1746230544541-~231561881,app-ios,0.01,0,待定,2025/5/3 10:00,2025/5/3 23:55,0,NULL,
134410,25050326821877,231561881,1,已付款,2025/5/3 10:01,1746234674246,0,2,17d4ce1e68247e20b48538fc3d6e70f9-~1746234674246-~231561881,app-ios,0.01,0,待定,2025/5/3 10:02,2025/5/3 23:55,0,NULL,
134474,25050322508937,231561881,1,已付款,2025/5/3 10:04,1746162215144,2.4,2,17d4ce1e68247e20b48538fc3d6e70f9-~1746162215144-~231561881,app-ios,48,0,待定,2025/5/3 10:04,2025/5/3 23:55,1,2025/5/3 10:20,
134543,25050310651702,231561881,1,已付款,2025/5/3 10:02,1746225450910,13.48,2,17d4ce1e68247e20b48538fc3d6e70f9-~1746225450910-~231561881,app-ios,192.54,0,待定,2025/5/3 10:05,2025/5/3 23:55,1,2025/5/3 10:19,
134718,25050327227477,231561881,1,已付款,2025/5/3 10:10,1746226094565,0.1,2,17d4ce1e68247e20b48538fc3d6e70f9-~1746226094565-~231561881,app-ios,19.89,0,待定,2025/5/3 10:10,2025/5/3 23:55,1,2025/5/3 10:27,
134842,25050332685647,231561881,1,已付款,2025/5/3 10:14,1746236379843,2.33,2,17d4ce1e68247e20b48538fc3d6e70f9-~1746236379843-~231561881,app-ios,29.13,0,待定,2025/5/3 10:14,2025/5/3 23:55,1,2025/5/3 10:30,
134915,25050311345502,231576604,1,已付款,2025/5/3 10:15,1746205442555,4.49,2,dd391ccef6b13960d42d394c8934fc97-~1746205442555-~231576604,app-android,149.61,0,待定,2025/5/3 10:15,2025/5/3 23:55,1,2025/5/3 10:32,
134986,25050311680983,231561881,1,已付款,2025/5/3 10:17,1746202408050,0,2,17d4ce1e68247e20b48538fc3d6e70f9-~1746202408050-~231561881,app-ios,0.01,0,待定,2025/5/3 10:17,2025/5/3 23:55,0,NULL,
135028,25050324390577,231561881,1,已付款,2025/5/3 10:18,1746233830126,0.73,2,17d4ce1e68247e20b48538fc3d6e70f9-~1746233830126-~231561881,app-ios,72.9,0,待定,2025/5/3 10:18,2025/5/3 23:55,1,2025/5/3 10:35,
135186,25050315683127,231561881,1,已付款,2025/5/3 10:21,1746159292275,17.25,2,17d4ce1e68247e20b48538fc3d6e70f9-~1746159292275-~231561881,app-ios,367.47,0,待定,2025/5/3 10:21,2025/5/3 23:55,1,2025/5/3 10:38,
135204,25050324647677,231561881,1,已付款,2025/5/3 10:22,1746202408050,4.53,2,17d4ce1e68247e20b48538fc3d6e70f9-~1746202408050-~231561881,app-ios,453,0,待定,2025/5/3 10:22,2025/5/3 23:55,1,2025/5/3 10:38,
135266,25050348614967,231576604,1,已付款,2025/5/3 10:23,1746206694447,0,2,dd391ccef6b13960d42d394c8934fc97-~1746206694447-~231576604,app-android,97,1,/,2025/5/3 10:23,2025/5/3 23:55,0,NULL,
135483,25050312088583,231576604,1,已付款,2025/5/3 10:27,1746206694447,0,2,dd391ccef6b13960d42d394c8934fc97-~1746206694447-~231576604,app-android,97,1,/,2025/5/3 10:27,2025/5/3 23:55,0,NULL,
135531,25050320278337,231576604,1,已付款,2025/5/3 10:28,1746206694447,0,2,dd391ccef6b13960d42d394c8934fc97-~1746206694447-~231576604,app-android,97,1,/,2025/5/3 10:28,2025/5/3 23:55,0,NULL,
135573,25050315788327,231576604,1,已付款,2025/5/3 10:29,1746206694447,0,2,dd391ccef6b13960d42d394c8934fc97-~1746206694447-~231576604,app-android,97,1,/,2025/5/3 10:29,2025/5/3 23:55,0,NULL,
135805,25050320547937,231561881,1,已付款,2025/5/3 10:32,1746177553389,0,2,17d4ce1e68247e20b48538fc3d6e70f9-~1746177553389-~231561881,app-ios,24.65,1,/,2025/5/3 10:33,2025/5/3 23:55,0,NULL,
135996,25050332340154,231561881,1,已付款,2025/5/3 10:35,1746229194460,2.94,2,17d4ce1e68247e20b48538fc3d6e70f9-~1746229194460-~231561881,app-ios,98,0,待定,2025/5/3 10:36,2025/5/3 23:55,1,2025/5/3 10:52,
136042,25050332270754,231561881,1,已付款,2025/5/3 10:36,1746202586955,1.77,2,17d4ce1e68247e20b48538fc3d6e70f9-~1746202586955-~231561881,app-ios,58.85,0,待定,2025/5/3 10:36,2025/5/3 23:55,1,2025/5/3 10:53,
136483,25050332541654,231561881,1,已付款,2025/5/3 10:41,1746234751168,4.09,2,17d4ce1e68247e20b48538fc3d6e70f9-~1746234751168-~231561881,app-ios,81.7,0,待定,2025/5/3 10:44,2025/5/3 23:55,1,2025/5/3 10:58,
137046,25050329970754,231561881,1,已付款,2025/5/3 10:53,1746239782821,2.43,5,17d4ce1e68247e20b48538fc3d6e70f9-~1746239782821-~231561881,app-ios,39.7,0,待定,2025/5/3 10:54,2025/5/3 23:55,1,2025/5/3 11:10,
137557,25050313951727,231561881,1,已付款,2025/5/3 11:04,1746240996018,0,2,17d4ce1e68247e20b48538fc3d6e70f9-~1746240996018-~231561881,app-ios,658,1,/,2025/5/3 11:04,2025/5/3 23:55,0,NULL,
137961,25050314053727,231561881,1,已付款,2025/5/3 11:13,1746229920466,0.98,2,17d4ce1e68247e20b48538fc3d6e70f9-~1746229920466-~231561881,app-ios,98,0,待定,2025/5/3 11:13,2025/5/3 23:55,1,2025/5/3 11:30,
138125,25050347038267,231561881,1,已付款,2025/5/3 11:16,1746225022123,0,2,17d4ce1e68247e20b48538fc3d6e70f9-~1746225022123-~231561881,app-ios,184,1,/,2025/5/3 11:16,2025/5/3 23:55,0,NULL,
138561,25050311511127,231561881,1,已付款,2025/5/3 11:28,1746232048970,2.4,2,17d4ce1e68247e20b48538fc3d6e70f9-~1746232048970-~231561881,app-ios,80,0,待定,2025/5/3 11:29,2025/5/3 23:55,1,2025/5/3 11:45,
138677,25050311388527,231561881,1,已付款,2025/5/3 11:31,1746242311768,6.22,5,17d4ce1e68247e20b48538fc3d6e70f9-~1746242311768-~231561881,app-ios,88.9,0,待定,2025/5/3 11:31,2025/5/3 23:55,1,2025/5/3 11:48,
138689,25050307660902,231561881,0,已失效,2025/5/3 11:31,1746230169244,8.45,2,17d4ce1e68247e20b48538fc3d6e70f9-~1746230169244-~231561881,app-ios,118.98,0,待定,2025/5/3 11:32,2025/5/3 23:55,1,2025/5/3 11:48,
138693,25050329392447,231561881,1,已付款,2025/5/3 11:32,1746230169244,6.1,2,17d4ce1e68247e20b48538fc3d6e70f9-~1746230169244-~231561881,app-ios,40.65,0,待定,2025/5/3 11:32,2025/5/3 23:55,1,2025/5/3 11:49,
138699,25050316281137,231561881,1,已付款,2025/5/3 11:32,1746230169244,2.35,2,17d4ce1e68247e20b48538fc3d6e70f9-~1746230169244-~231561881,app-ios,78.33,0,待定,2025/5/3 11:32,2025/5/3 23:55,1,2025/5/3 11:49,
138861,25050378297217,231561881,1,已付款,2025/5/3 11:36,1746232024285,7.53,2,17d4ce1e68247e20b48538fc3d6e70f9-~1746232024285-~231561881,app-ios,107.6,0,待定,2025/5/3 11:36,2025/5/3 23:55,1,2025/5/3 11:53,
138925,25050350114477,231561881,1,已付款,2025/5/3 11:39,1746229441425,0,2,17d4ce1e68247e20b48538fc3d6e70f9-~1746229441425-~231561881,app-ios,30.9,1,/,2025/5/3 11:39,2025/5/3 23:55,0,NULL,
138927,25050316414437,231561881,1,已付款,2025/5/3 11:39,1746229441425,0,2,17d4ce1e68247e20b48538fc3d6e70f9-~1746229441425-~231561881,app-ios,33.3,1,/,2025/5/3 11:39,2025/5/3 23:55,0,NULL,
139048,25050308090902,231561881,0,已失效,2025/5/3 11:41,1746169015199,0.97,2,17d4ce1e68247e20b48538fc3d6e70f9-~1746169015199-~231561881,app-ios,32.24,0,待定,2025/5/3 11:41,2025/5/3 23:55,1,2025/5/3 11:58,
139085,25050308039102,231561881,1,已付款,2025/5/3 11:42,1746169015199,1.15,2,17d4ce1e68247e20b48538fc3d6e70f9-~1746169015199-~231561881,app-ios,38.2,0,待定,2025/5/3 11:42,2025/5/3 23:55,1,2025/5/3 11:59,
139316,25050301621118,231561881,1,已付款,2025/5/3 11:48,1746180081760,0,2,17d4ce1e68247e20b48538fc3d6e70f9-~1746180081760-~231561881,app-ios,77,1,/,2025/5/3 11:48,2025/5/3 23:55,0,NULL,
139493,25050308665483,231561881,1,已付款,2025/5/3 11:51,1746173732170,6.23,2,17d4ce1e68247e20b48538fc3d6e70f9-~1746173732170-~231561881,app-ios,89,0,待定,2025/5/3 11:51,2025/5/3 23:55,1,2025/5/3 12:08,
139544,25050304964002,231561881,1,已付款,2025/5/3 11:52,1746233319808,0.02,2,17d4ce1e68247e20b48538fc3d6e70f9-~1746233319808-~231561881,app-ios,3.5,0,待定,2025/5/3 11:53,2025/5/3 23:55,1,2025/5/3 12:09,
139838,25050308920583,231561881,0,已失效,2025/5/3 11:56,1746230904768,0.04,2,17d4ce1e68247e20b48538fc3d6e70f9-~1746230904768-~231561881,app-ios,8.06,0,待定,2025/5/3 12:00,2025/5/3 23:55,1,2025/5/3 12:13,
139839,25050330181447,231561881,0,已失效,2025/5/3 11:56,1746230904768,0.64,2,17d4ce1e68247e20b48538fc3d6e70f9-~1746230904768-~231561881,app-ios,8,0,待定,2025/5/3 12:00,2025/5/3 23:55,1,2025/5/3 12:13,
139944,25050328570454,231561881,1,已付款,2025/5/3 11:57,1746230904768,0.07,2,17d4ce1e68247e20b48538fc3d6e70f9-~1746230904768-~231561881,app-ios,13,0,待定,2025/5/3 12:01,2025/5/3 23:55,1,2025/5/3 12:14,
139946,25050347518577,231561881,1,已付款,2025/5/3 11:57,1746230904768,0.64,2,17d4ce1e68247e20b48538fc3d6e70f9-~1746230904768-~231561881,app-ios,8,0,待定,2025/5/3 12:01,2025/5/3 23:55,1,2025/5/3 12:14,
140080,25050305411102,231561881,1,已付款,2025/5/3 12:04,1746235096920,1.54,2,17d4ce1e68247e20b48538fc3d6e70f9-~1746235096920-~231561881,app-ios,51.38,0,待定,2025/5/3 12:04,2025/5/3 23:55,1,2025/5/3 12:21,
140757,25050317385937,231561881,1,已付款,2025/5/3 12:15,1746169015199,8.88,2,17d4ce1e68247e20b48538fc3d6e70f9-~1746169015199-~231561881,app-ios,111,0,待定,2025/5/3 12:15,2025/5/3 23:55,1,2025/5/3 12:31,
140823,25050305864102,231561881,1,已付款,2025/5/3 12:16,1746176639235,3.93,2,17d4ce1e68247e20b48538fc3d6e70f9-~1746176639235-~231561881,app-ios,131,0,待定,2025/5/3 12:17,2025/5/3 23:55,1,2025/5/3 12:33,
141606,25050306251102,231561881,0,已失效,2025/5/3 12:30,1746239653584,4.48,2,17d4ce1e68247e20b48538fc3d6e70f9-~1746239653584-~231561881,app-ios,291.9,0,待定,2025/5/3 12:31,2025/5/3 23:55,1,2025/5/3 12:47,
141616,25050326445454,231561881,1,已付款,2025/5/3 12:30,1746239653584,2.34,2,17d4ce1e68247e20b48538fc3d6e70f9-~1746239653584-~231561881,app-ios,77.9,0,待定,2025/5/3 12:31,2025/5/3 23:55,1,2025/5/3 12:47,
141618,25050343085067,231561881,1,已付款,2025/5/3 12:30,1746239653584,1.07,2,17d4ce1e68247e20b48538fc3d6e70f9-~1746239653584-~231561881,app-ios,107,0,待定,2025/5/3 12:31,2025/5/3 23:55,1,2025/5/3 12:47,
141625,25050309585283,231561881,1,已付款,2025/5/3 12:30,1746239653584,1.07,2,17d4ce1e68247e20b48538fc3d6e70f9-~1746239653584-~231561881,app-ios,107,0,待定,2025/5/3 12:31,2025/5/3 23:55,1,2025/5/3 12:47,
141675,25050348522077,231576604,1,已付款,2025/5/3 12:32,1746204804552,5.76,2,dd391ccef6b13960d42d394c8934fc97-~1746204804552-~231576604,app-android,72,0,待定,2025/5/3 12:32,2025/5/3 23:55,1,2025/5/3 12:49,
141916,25050306555783,231561881,1,已付款,2025/5/3 12:36,1746240996018,0,2,17d4ce1e68247e20b48538fc3d6e70f9-~1746240996018-~231561881,app-ios,306,1,/,2025/5/3 12:36,2025/5/3 23:55,0,NULL,
141996,25050336521127,231561881,1,已付款,2025/5/3 12:38,1746230171909,3.75,2,17d4ce1e68247e20b48538fc3d6e70f9-~1746230171909-~231561881,app-ios,125,0,待定,2025/5/3 12:38,2025/5/3 23:55,1,2025/5/3 12:54,
142327,25050399974617,231561881,1,已付款,2025/5/3 12:44,1746233327884,11.63,2,17d4ce1e68247e20b48538fc3d6e70f9-~1746233327884-~231561881,app-ios,196.53,0,待定,2025/5/3 12:45,2025/5/3 23:55,1,2025/5/3 13:00,
142607,25050327103254,231561881,1,已付款,2025/5/3 12:50,1746230171909,5.59,2,17d4ce1e68247e20b48538fc3d6e70f9-~1746230171909-~231561881,app-ios,69,0,待定,2025/5/3 12:50,2025/5/3 23:55,1,2025/5/3 13:06,
142609,25050343422867,231561881,0,已失效,2025/5/3 12:49,1746230171909,8.99,2,17d4ce1e68247e20b48538fc3d6e70f9-~1746230171909-~231561881,app-ios,296,0,待定,2025/5/3 12:50,2025/5/3 23:55,1,2025/5/3 13:06,
142612,25050303319502,231561881,1,已付款,2025/5/3 12:50,1746230171909,0.94,2,17d4ce1e68247e20b48538fc3d6e70f9-~1746230171909-~231561881,app-ios,94,0,待定,2025/5/3 12:50,2025/5/3 23:55,1,2025/5/3 13:06,
142614,25050345957677,231561881,1,已付款,2025/5/3 12:50,1746230171909,0.79,2,17d4ce1e68247e20b48538fc3d6e70f9-~1746230171909-~231561881,app-ios,79,0,待定,2025/5/3 12:50,2025/5/3 23:55,1,2025/5/3 13:06,
142623,25050327103554,231561881,1,已付款,2025/5/3 12:50,1746230171909,1.67,2,17d4ce1e68247e20b48538fc3d6e70f9-~1746230171909-~231561881,app-ios,54,0,待定,2025/5/3 12:50,2025/5/3 23:55,1,2025/5/3 13:06,
143556,25050343789067,231561881,1,已付款,2025/5/3 13:06,1746230171909,7.52,2,17d4ce1e68247e20b48538fc3d6e70f9-~1746230171909-~231561881,app-ios,214.6,0,待定,2025/5/3 13:06,2025/5/3 23:55,1,2025/5/3 13:22,
144083,25050316094237,231561881,1,已付款,2025/5/3 13:16,1746222126393,233.31,2,17d4ce1e68247e20b48538fc3d6e70f9-~1746222126393-~231561881,app-ios,3333,0,待定,2025/5/3 13:17,2025/5/3 23:55,1,2025/5/3 13:33,
144857,25050347137177,231561881,0,已失效,2025/5/3 13:34,1746172537937,17.81,2,17d4ce1e68247e20b48538fc3d6e70f9-~1746172537937-~231561881,app-ios,605.04,0,待定,2025/5/3 13:34,2025/5/3 23:55,1,2025/5/3 13:50,
144896,25050326160147,231561881,1,已付款,2025/5/3 13:35,1746172537937,8.62,2,17d4ce1e68247e20b48538fc3d6e70f9-~1746172537937-~231561881,app-ios,287.41,0,待定,2025/5/3 13:35,2025/5/3 23:55,1,2025/5/3 13:52,
144901,25050304841002,231561881,1,已付款,2025/5/3 13:35,1746172537937,8.53,2,17d4ce1e68247e20b48538fc3d6e70f9-~1746172537937-~231561881,app-ios,284.42,0,待定,2025/5/3 13:35,2025/5/3 23:55,1,2025/5/3 13:52,
144902,25050347167977,231561881,1,已付款,2025/5/3 13:35,1746172537937,0.66,2,17d4ce1e68247e20b48538fc3d6e70f9-~1746172537937-~231561881,app-ios,33.21,0,待定,2025/5/3 13:35,2025/5/3 23:55,1,2025/5/3 13:52,
145091,25050398054417,231561881,1,已付款,2025/5/3 13:39,1746236111196,1.02,2,17d4ce1e68247e20b48538fc3d6e70f9-~1746236111196-~231561881,app-ios,34.02,0,待定,2025/5/3 13:39,2025/5/3 23:55,1,2025/5/3 13:55,
145283,25050344091777,231561881,1,已付款,2025/5/3 13:42,1746236111196,1.28,2,17d4ce1e68247e20b48538fc3d6e70f9-~1746236111196-~231561881,app-ios,42.71,0,待定,2025/5/3 13:42,2025/5/3 23:55,1,2025/5/3 13:59,
146093,25050398710817,231576604,1,已付款,2025/5/3 13:58,1746111693960,0,2,dd391ccef6b13960d42d394c8934fc97-~1746111693960-~231576604,app-android,2639,1,/,2025/5/3 14:02,2025/5/3 23:55,0,NULL,
146486,25050314450337,231561881,1,已付款,2025/5/3 14:12,1746242241228,1.76,2,17d4ce1e68247e20b48538fc3d6e70f9-~1746242241228-~231561881,app-ios,40.1,0,待定,2025/5/3 14:12,2025/5/3 23:55,1,2025/5/3 14:29,
146670,25050314263737,231561881,1,已付款,2025/5/3 14:17,1746228902206,51.1,2,17d4ce1e68247e20b48538fc3d6e70f9-~1746228902206-~231561881,app-ios,730,0,待定,2025/5/3 14:17,2025/5/3 23:55,1,2025/5/3 14:34,
146904,25050345302977,231561881,1,已付款,2025/5/3 14:24,1746240872812,7.2,2,17d4ce1e68247e20b48538fc3d6e70f9-~1746240872812-~231561881,app-ios,144,0,待定,2025/5/3 14:24,2025/5/3 23:55,1,2025/5/3 14:41,
147114,25050329551083,231561881,0,已失效,2025/5/3 14:26,1746229679268,11.9,2,17d4ce1e68247e20b48538fc3d6e70f9-~1746229679268-~231561881,app-ios,170,0,待定,2025/5/3 14:29,2025/5/3 23:55,1,2025/5/3 14:43,
147504,25050340244667,231561881,1,已付款,2025/5/3 14:38,1746235195361,0,2,17d4ce1e68247e20b48538fc3d6e70f9-~1746235195361-~231561881,app-ios,14.34,1,/,2025/5/3 14:38,2025/5/3 23:55,0,NULL,
147671,25050396723817,231561881,1,已付款,2025/5/3 14:39,1746229679268,30.62,2,17d4ce1e68247e20b48538fc3d6e70f9-~1746229679268-~231561881,app-ios,490,0,待定,2025/5/3 14:42,2025/5/3 23:55,1,2025/5/3 14:56,
147834,25050323772054,231561881,0,已失效,2025/5/3 14:45,1746225296120,3.6,2,17d4ce1e68247e20b48538fc3d6e70f9-~1746225296120-~231561881,app-ios,93,0,待定,2025/5/3 14:46,2025/5/3 23:55,1,2025/5/3 15:02,
147835,25050342664277,231561881,1,已付款,2025/5/3 14:45,1746225296120,3.42,2,17d4ce1e68247e20b48538fc3d6e70f9-~1746225296120-~231561881,app-ios,57,0,待定,2025/5/3 14:46,2025/5/3 23:55,1,2025/5/3 15:02,
147837,25050300353802,231561881,1,已付款,2025/5/3 14:45,1746225296120,0.18,2,17d4ce1e68247e20b48538fc3d6e70f9-~1746225296120-~231561881,app-ios,36,0,待定,2025/5/3 14:46,2025/5/3 23:55,1,2025/5/3 15:02,
148482,25050300715002,231561881,1,已付款,2025/5/3 15:01,1746169630465,0.04,2,17d4ce1e68247e20b48538fc3d6e70f9-~1746169630465-~231561881,app-ios,7.4,0,待定,2025/5/3 15:01,2025/5/3 23:55,1,2025/5/3 15:18,
148731,25050300915802,231561881,1,已付款,2025/5/3 15:08,1746178913525,0,2,17d4ce1e68247e20b48538fc3d6e70f9-~1746178913525-~231561881,app-ios,75.9,1,/,2025/5/3 15:08,2025/5/3 23:55,0,NULL,
149583,25050336330437,231561881,1,已付款,2025/5/3 15:28,1746202478894,11.55,2,17d4ce1e68247e20b48538fc3d6e70f9-~1746202478894-~231561881,app-ios,165,0,待定,2025/5/3 15:28,2025/5/3 23:55,1,2025/5/3 15:45,
149600,25050349092447,231561881,1,已付款,2025/5/3 15:26,1746229679268,32.05,2,17d4ce1e68247e20b48538fc3d6e70f9-~1746229679268-~231561881,app-ios,641,0,待定,2025/5/3 15:29,2025/5/3 23:55,1,2025/5/3 15:43,
149994,25050395302417,231561881,1,已付款,2025/5/3 15:37,1746202478894,28.42,2,17d4ce1e68247e20b48538fc3d6e70f9-~1746202478894-~231561881,app-ios,406,0,待定,2025/5/3 15:38,2025/5/3 23:55,1,2025/5/3 15:54,
150216,25050349826347,231576604,0,已失效,2025/5/3 15:44,1746220228891,4.49,2,dd391ccef6b13960d42d394c8934fc97-~1746220228891-~231576604,app-android,149.96,0,待定,2025/5/3 15:44,2025/5/3 23:55,1,2025/5/3 16:00,
150366,25050395540517,231576604,1,已付款,2025/5/3 15:45,1746220228891,2.53,2,dd391ccef6b13960d42d394c8934fc97-~1746220228891-~231576604,app-android,84.48,0,待定,2025/5/3 15:46,2025/5/3 23:55,1,2025/5/3 16:02,
150368,25050341282177,231576604,1,已付款,2025/5/3 15:45,1746220228891,1.96,2,dd391ccef6b13960d42d394c8934fc97-~1746220228891-~231576604,app-android,65.48,0,待定,2025/5/3 15:46,2025/5/3 23:55,1,2025/5/3 16:02,
150422,25050341180677,231561881,1,已付款,2025/5/3 15:49,1746227725504,0,2,17d4ce1e68247e20b48538fc3d6e70f9-~1746227725504-~231561881,app-ios,33,1,/,2025/5/3 15:49,2025/5/3 23:55,0,NULL,
152353,25050348217047,231561881,1,已付款,2025/5/3 16:35,1746225339794,0,2,17d4ce1e68247e20b48538fc3d6e70f9-~1746225339794-~231561881,app-ios,17.61,1,/,2025/5/3 16:36,2025/5/3 23:55,0,NULL,
153097,25050348737547,231561881,1,已付款,2025/5/3 17:00,1746235668292,15.78,2,17d4ce1e68247e20b48538fc3d6e70f9-~1746235668292-~231561881,app-ios,231,0,待定,2025/5/3 17:00,2025/5/3 23:55,1,2025/5/3 17:16,
153717,25050333068237,231561881,0,已失效,2025/5/3 17:17,1746149082992,0,2,17d4ce1e68247e20b48538fc3d6e70f9-~1746149082992-~231561881,app-ios,313.77,1,/,2025/5/3 17:20,2025/5/3 23:55,0,NULL,
153722,25050340558777,231561881,1,已付款,2025/5/3 17:17,1746149082992,0,2,17d4ce1e68247e20b48538fc3d6e70f9-~1746149082992-~231561881,app-ios,251.24,1,/,2025/5/3 17:21,2025/5/3 23:55,0,NULL,
153724,25050333081137,231561881,1,已付款,2025/5/3 17:17,1746149082992,0,2,17d4ce1e68247e20b48538fc3d6e70f9-~1746149082992-~231561881,app-ios,62.53,1,/,2025/5/3 17:21,2025/5/3 23:55,0,NULL,
155435,25050338797577,231561881,1,已付款,2025/5/3 18:07,1746242525469,4.48,2,17d4ce1e68247e20b48538fc3d6e70f9-~1746242525469-~231561881,app-android,112.6,0,待定,2025/5/3 18:10,2025/5/3 23:55,1,2025/5/3 18:24,
156067,25050343442454,231561881,1,已付款,2025/5/3 18:35,1746228258257,4.68,2,17d4ce1e68247e20b48538fc3d6e70f9-~1746228258257-~231561881,app-ios,66.79,0,待定,2025/5/3 18:35,2025/5/3 23:55,1,2025/5/3 18:51,
156216,25050327318627,231561881,1,已付款,2025/5/3 18:39,1746222038976,2.33,2,17d4ce1e68247e20b48538fc3d6e70f9-~1746222038976-~231561881,app-ios,46.5,0,待定,2025/5/3 18:39,2025/5/3 23:55,1,2025/5/3 18:56,
156249,25050327347027,231561881,0,已失效,2025/5/3 18:40,1746232155653,10.92,2,17d4ce1e68247e20b48538fc3d6e70f9-~1746232155653-~231561881,app-ios,155.99,0,待定,2025/5/3 18:40,2025/5/3 23:55,1,2025/5/3 18:57,
158180,25050363420477,231561881,1,已付款,2025/5/3 19:29,1746226035929,4.95,2,17d4ce1e68247e20b48538fc3d6e70f9-~1746226035929-~231561881,app-ios,165,0,待定,2025/5/3 19:32,2025/5/3 23:55,1,2025/5/3 19:45,
158799,25050341708654,231561881,1,已付款,2025/5/3 19:47,1746233113313,5.46,2,17d4ce1e68247e20b48538fc3d6e70f9-~1746233113313-~231561881,app-ios,78,0,待定,2025/5/3 19:50,2025/5/3 23:55,1,2025/5/3 20:04,
158972,25050361145277,231561881,1,已付款,2025/5/3 19:56,1746239592232,1.64,2,17d4ce1e68247e20b48538fc3d6e70f9-~1746239592232-~231561881,app-ios,54.59,0,待定,2025/5/3 19:56,2025/5/3 23:55,1,2025/5/3 20:13,
159655,25050339227554,231561881,1,已付款,2025/5/3 20:17,1746229441425,0,2,17d4ce1e68247e20b48538fc3d6e70f9-~1746229441425-~231561881,app-ios,35.3,1,/,2025/5/3 20:17,2025/5/3 23:55,0,NULL,
159852,25050349590827,231576604,1,已付款,2025/5/3 20:24,1746203315812,3.85,2,dd391ccef6b13960d42d394c8934fc97-~1746203315812-~231576604,app-android,32.1,0,待定,2025/5/3 20:24,2025/5/3 23:55,1,2025/5/3 20:41,
160372,25050341467647,231561881,1,已付款,2025/5/3 20:35,1746162215144,0,2,17d4ce1e68247e20b48538fc3d6e70f9-~1746162215144-~231561881,app-ios,82,1,/,2025/5/3 20:36,2025/5/3 23:55,0,NULL,
160761,25050356661067,231561881,1,已付款,2025/5/3 20:46,1746209764149,0.07,2,17d4ce1e68247e20b48538fc3d6e70f9-~1746209764149-~231561881,app-ios,1,0,待定,2025/5/3 20:46,2025/5/3 23:55,1,2025/5/3 21:02,
161329,25050340702654,231561881,1,已付款,2025/5/3 21:01,1746233166339,0,2,17d4ce1e68247e20b48538fc3d6e70f9-~1746233166339-~231561881,app-ios,114.98,1,/,2025/5/3 21:01,2025/5/3 23:55,0,NULL,
161337,25050342283747,231561881,1,已付款,2025/5/3 21:01,1746233166339,0,2,17d4ce1e68247e20b48538fc3d6e70f9-~1746233166339-~231561881,app-ios,164,1,/,2025/5/3 21:02,2025/5/3 23:55,0,NULL,
162521,25050355153967,231576604,0,已失效,2025/5/3 21:32,1746219485680,30.3,2,dd391ccef6b13960d42d394c8934fc97-~1746219485680-~231576604,app-android,1009.7,0,待定,2025/5/3 21:32,2025/5/3 23:55,1,2025/5/3 21:49,
162522,25050339979947,231576604,1,已付款,2025/5/3 21:32,1746219485680,15.84,2,dd391ccef6b13960d42d394c8934fc97-~1746219485680-~231576604,app-android,527.85,0,待定,2025/5/3 21:32,2025/5/3 23:55,1,2025/5/3 21:49,
162524,25050339979847,231576604,1,已付款,2025/5/3 21:32,1746219485680,14.46,2,dd391ccef6b13960d42d394c8934fc97-~1746219485680-~231576604,app-android,481.85,0,待定,2025/5/3 21:32,2025/5/3 23:55,1,2025/5/3 21:49,
162533,25050357294977,231561881,1,已付款,2025/5/3 21:32,1746231044596,3.34,2,17d4ce1e68247e20b48538fc3d6e70f9-~1746231044596-~231561881,app-ios,71.78,0,待定,2025/5/3 21:33,2025/5/3 23:55,1,2025/5/3 21:49,
162737,25050315240002,231561881,1,已付款,2025/5/3 21:36,1746228684721,14.56,2,17d4ce1e68247e20b48538fc3d6e70f9-~1746228684721-~231561881,app-ios,208,0,待定,2025/5/3 21:36,2025/5/3 23:55,1,2025/5/3 21:53,
163189,25050352172667,231561881,1,已付款,2025/5/3 21:46,1746235692573,3.93,2,17d4ce1e68247e20b48538fc3d6e70f9-~1746235692573-~231561881,app-ios,131.1,0,待定,2025/5/3 21:46,2025/5/3 23:55,1,2025/5/3 22:03,
163190,25050352181367,231561881,1,已付款,2025/5/3 21:46,1746231509313,0.81,2,17d4ce1e68247e20b48538fc3d6e70f9-~1746231509313-~231561881,app-ios,40.7,0,待定,2025/5/3 21:46,2025/5/3 23:55,1,2025/5/3 22:03,
163210,25050327464537,231576604,1,已付款,2025/5/3 21:47,1746203176738,1.56,2,dd391ccef6b13960d42d394c8934fc97-~1746203176738-~231576604,app-android,156,0,待定,2025/5/3 21:47,2025/5/3 23:55,1,2025/5/3 22:04,
163243,25050357882777,231561881,1,已付款,2025/5/3 21:48,1746232048970,3.85,2,17d4ce1e68247e20b48538fc3d6e70f9-~1746232048970-~231561881,app-ios,104,0,待定,2025/5/3 21:49,2025/5/3 23:55,1,2025/5/3 22:05,
163730,25050337554147,231576604,1,已付款,2025/5/3 21:53,1746119915054,0.61,2,dd391ccef6b13960d42d394c8934fc97-~1746119915054-~231576604,app-android,18.89,0,待定,2025/5/3 21:56,2025/5/3 23:55,1,2025/5/3 22:09,
163741,25050352581067,231576604,1,已付款,2025/5/3 21:56,1746204040604,8.36,2,dd391ccef6b13960d42d394c8934fc97-~1746204040604-~231576604,app-android,318.94,0,待定,2025/5/3 21:56,2025/5/3 23:55,1,2025/5/3 22:13,
164298,25050336374554,231576604,1,已付款,2025/5/3 22:06,1746217807296,6.02,2,dd391ccef6b13960d42d394c8934fc97-~1746217807296-~231576604,app-android,86,0,待定,2025/5/3 22:06,2025/5/3 23:55,1,2025/5/3 22:23,
164367,25050355565777,231576604,1,已付款,2025/5/3 22:08,1746217807296,0.46,2,dd391ccef6b13960d42d394c8934fc97-~1746217807296-~231576604,app-android,91,0,待定,2025/5/3 22:09,2025/5/3 23:55,1,2025/5/3 22:24,
165858,25050356629077,231576604,1,已付款,2025/5/3 22:35,1746205090865,7.38,2,dd391ccef6b13960d42d394c8934fc97-~1746205090865-~231576604,app-android,147.7,0,待定,2025/5/3 22:35,2025/5/3 23:55,1,2025/5/3 22:51,
166057,25050344122683,231561881,1,已付款,2025/5/3 22:37,1746229566486,35.86,2,17d4ce1e68247e20b48538fc3d6e70f9-~1746229566486-~231561881,app-ios,512.24,0,待定,2025/5/3 22:37,2025/5/3 23:55,1,2025/5/3 22:54,
166811,25050344818027,231561881,0,已失效,2025/5/3 22:53,1746232155653,1.4,2,17d4ce1e68247e20b48538fc3d6e70f9-~1746232155653-~231561881,app-ios,70.69,0,待定,2025/5/3 22:53,2025/5/3 23:55,1,2025/5/3 23:08,
166816,25050308072018,231561881,1,已付款,2025/5/3 22:53,1746232155653,1.25,2,17d4ce1e68247e20b48538fc3d6e70f9-~1746232155653-~231561881,app-ios,41.52,0,待定,2025/5/3 22:53,2025/5/3 23:55,1,2025/5/3 23:10,
166817,25050337755602,231561881,1,已付款,2025/5/3 22:53,1746232155653,0.15,2,17d4ce1e68247e20b48538fc3d6e70f9-~1746232155653-~231561881,app-ios,29.17,0,待定,2025/5/3 22:53,2025/5/3 23:55,1,2025/5/3 23:10,
167502,25050308857018,231576604,1,已付款,2025/5/3 23:07,1746021518166,6.66,2,dd391ccef6b13960d42d394c8934fc97-~1746021518166-~231576604,app-android,95.2,0,待定,2025/5/3 23:07,2025/5/4 0:07,1,2025/5/3 23:23,
168199,25050354930577,231576604,1,已付款,2025/5/3 23:23,1746203176738,0.21,2,dd391ccef6b13960d42d394c8934fc97-~1746203176738-~231576604,app-android,20.88,0,待定,2025/5/3 23:24,2025/5/4 0:23,1,2025/5/3 23:40,
168225,25050375595167,231561881,0,已失效,2025/5/3 23:24,1746239548420,0.27,2,17d4ce1e68247e20b48538fc3d6e70f9-~1746239548420-~231561881,app-ios,27.34,0,待定,2025/5/3 23:25,2025/5/4 0:24,1,2025/5/3 23:41,
168456,25050342382983,231561881,1,已付款,2025/5/3 23:29,1746239548420,0.27,2,17d4ce1e68247e20b48538fc3d6e70f9-~1746239548420-~231561881,app-ios,27.34,0,待定,2025/5/3 23:29,2025/5/4 0:29,1,2025/5/3 23:46,
169867,25050488560364,231561881,0,已失效,2025/5/4 0:00,1746181223580,0.11,2,17d4ce1e68247e20b48538fc3d6e70f9-~1746181223580-~231561881,app-ios,22.33,0,待定,2025/5/4 0:00,2025/5/4 23:55,1,2025/5/4 0:17,
169915,25050468950624,231576604,1,已付款,2025/5/4 0:05,1746207692625,0,5,dd391ccef6b13960d42d394c8934fc97-~1746207692625-~231576604,app-android,69,1,/,2025/5/4 0:05,2025/5/4 23:55,0,NULL,
170105,25050424197489,231561881,1,已付款,2025/5/4 0:24,1746233232195,0.07,2,17d4ce1e68247e20b48538fc3d6e70f9-~1746233232195-~231561881,app-ios,1,0,待定,2025/5/4 0:24,2025/5/4 23:55,1,2025/5/4 0:41,
170205,25050424384089,231561881,1,已付款,2025/5/4 0:38,1746205023405,5.6,2,17d4ce1e68247e20b48538fc3d6e70f9-~1746205023405-~231561881,app-ios,70,0,待定,2025/5/4 0:38,2025/5/4 23:55,1,2025/5/4 0:55,
170460,25050427233089,231561881,1,已付款,2025/5/4 1:11,1746206624736,1.65,2,17d4ce1e68247e20b48538fc3d6e70f9-~1746206624736-~231561881,app-ios,329.4,0,待定,2025/5/4 1:12,2025/5/4 23:55,1,2025/5/4 1:27,
170493,25050427676800,231576604,1,已付款,2025/5/4 1:16,1746211588775,25.12,2,dd391ccef6b13960d42d394c8934fc97-~1746211588775-~231576604,app-android,314,0,待定,2025/5/4 1:16,2025/5/4 23:55,1,2025/5/4 1:33,
171148,25050465784834,231576604,1,已付款,2025/5/4 6:27,1746138741410,0.08,2,dd391ccef6b13960d42d394c8934fc97-~1746138741410-~231576604,app-android,1,0,待定,2025/5/4 6:30,2025/5/4 23:55,1,2025/5/4 6:44,
171422,25050432147900,231576604,1,已付款,2025/5/4 7:28,1746202181966,3.6,2,dd391ccef6b13960d42d394c8934fc97-~1746202181966-~231576604,app-android,60,0,待定,2025/5/4 7:28,2025/5/4 23:55,1,2025/5/4 7:45,
171423,25050432147600,231576604,1,已付款,2025/5/4 7:28,1746202181966,0.65,2,dd391ccef6b13960d42d394c8934fc97-~1746202181966-~231576604,app-android,37.63,0,待定,2025/5/4 7:28,2025/5/4 23:55,1,2025/5/4 7:45,
171425,25050489763274,231561881,1,已付款,2025/5/4 7:27,1746232672277,0,2,17d4ce1e68247e20b48538fc3d6e70f9-~1746232672277-~231561881,app-ios,350,1,/,2025/5/4 7:28,2025/5/4 23:55,0,NULL,
171744,25050427493489,231561881,0,已失效,2025/5/4 8:04,1746241843342,0,2,17d4ce1e68247e20b48538fc3d6e70f9-~1746241843342-~231561881,app-ios,38.44,1,/,2025/5/4 8:04,2025/5/4 23:55,0,NULL,
171822,25050494905164,231561881,1,已付款,2025/5/4 8:11,1746241843342,0,2,17d4ce1e68247e20b48538fc3d6e70f9-~1746241843342-~231561881,app-ios,38.44,1,/,2025/5/4 8:11,2025/5/4 23:55,0,NULL,
172088,25050410630358,231576604,1,已付款,2025/5/4 8:39,1746112696413,4.9,2,dd391ccef6b13960d42d394c8934fc97-~1746112696413-~231576604,app-android,98,0,待定,2025/5/4 8:39,2025/5/4 23:55,1,2025/5/4 8:56,
172525,25050411017045,231576604,1,已付款,2025/5/4 9:52,1746055174453,4.1,2,dd391ccef6b13960d42d394c8934fc97-~1746055174453-~231576604,app-android,82,0,待定,2025/5/4 9:52,2025/5/4 23:55,1,2025/5/4 10:09,
172528,25050492588174,231576604,1,已付款,2025/5/4 9:53,1746202181966,14.4,2,dd391ccef6b13960d42d394c8934fc97-~1746202181966-~231576604,app-android,480,0,待定,2025/5/4 9:53,2025/5/4 23:55,1,2025/5/4 10:10,
172593,25050437637914,231561881,1,已付款,2025/5/4 10:02,1746239229407,0,2,17d4ce1e68247e20b48538fc3d6e70f9-~1746239229407-~231561881,app-ios,56.36,0,待定,2025/5/4 10:02,2025/5/4 23:55,0,NULL,
173002,25050412397045,231576604,1,已付款,2025/5/4 10:46,1746133740369,0,2,dd391ccef6b13960d42d394c8934fc97-~1746133740369-~231576604,app-android,92,1,/,2025/5/4 10:46,2025/5/4 23:55,0,NULL,
173228,25050438706257,231561881,1,已付款,2025/5/4 11:14,1746242004109,0,2,17d4ce1e68247e20b48538fc3d6e70f9-~1746242004109-~231561881,app-ios,1,0,待定,2025/5/4 11:17,2025/5/4 23:55,0,NULL,
174095,25050494827144,231576604,1,已付款,2025/5/4 14:22,1746109177600,1.47,2,dd391ccef6b13960d42d394c8934fc97-~1746109177600-~231576604,app-android,54,0,待定,2025/5/4 14:23,2025/5/4 23:55,1,2025/5/4 14:39,
174127,25050415029689,231576604,1,已付款,2025/5/4 14:25,1746148372651,0.54,2,dd391ccef6b13960d42d394c8934fc97-~1746148372651-~231576604,app-android,107.27,0,待定,2025/5/4 14:29,2025/5/4 23:55,1,2025/5/4 14:42,
174338,25050495975644,231576604,1,已付款,2025/5/4 14:54,1746202181966,0.18,2,dd391ccef6b13960d42d394c8934fc97-~1746202181966-~231576604,app-android,36.86,0,待定,2025/5/4 14:55,2025/5/4 23:55,1,2025/5/4 15:10,
174339,25050445088057,231576604,1,已付款,2025/5/4 14:54,1746202181966,0.17,2,dd391ccef6b13960d42d394c8934fc97-~1746202181966-~231576604,app-android,33,0,待定,2025/5/4 14:55,2025/5/4 23:55,1,2025/5/4 15:10,
175483,25050448931457,231576604,1,已付款,2025/5/4 17:45,1746119915054,21,2,dd391ccef6b13960d42d394c8934fc97-~1746119915054-~231576604,app-android,300,0,待定,2025/5/4 17:48,2025/5/4 23:55,1,2025/5/4 18:02,
176313,25050433840374,231576604,1,已付款,2025/5/4 20:18,1746136640607,2.13,2,dd391ccef6b13960d42d394c8934fc97-~1746136640607-~231576604,app-android,71,0,待定,2025/5/4 20:19,2025/5/4 23:55,1,2025/5/4 20:35,
176495,25050432990274,231561881,1,已付款,2025/5/4 20:44,1746176639235,3.93,2,17d4ce1e68247e20b48538fc3d6e70f9-~1746176639235-~231561881,app-ios,131,0,待定,2025/5/4 20:45,2025/5/4 23:55,1,2025/5/4 21:01,
177684,25050549859337,231561881,1,已付款,2025/5/5 3:16,1746219329941,4.29,2,17d4ce1e68247e20b48538fc3d6e70f9-~1746219329941-~231561881,app-ios,143,0,待定,2025/5/5 3:17,2025/5/5 23:55,1,2025/5/5 3:32,
178046,25050536244137,231561881,1,已付款,2025/5/5 13:37,1746228902206,11.27,2,17d4ce1e68247e20b48538fc3d6e70f9-~1746228902206-~231561881,app-ios,161,0,待定,2025/5/5 13:38,2025/5/5 23:55,1,2025/5/5 13:54,
178216,25050560452567,231576604,1,已付款,2025/5/5 15:07,1746220228891,2.53,2,dd391ccef6b13960d42d394c8934fc97-~1746220228891-~231576604,app-android,84.48,0,待定,2025/5/5 15:08,2025/5/5 23:55,1,2025/5/5 15:23,
178677,25050576661937,231576604,1,已付款,2025/5/5 19:14,1746205442555,2.64,2,dd391ccef6b13960d42d394c8934fc97-~1746205442555-~231576604,app-android,88.13,0,待定,2025/5/5 19:14,2025/5/5 23:55,1,2025/5/5 19:31,
178901,25050592271614,231576604,1,已付款,2025/5/5 20:43,1746204040604,2.38,2,dd391ccef6b13960d42d394c8934fc97-~1746204040604-~231576604,app-android,238,0,待定,2025/5/5 20:43,2025/5/5 23:55,1,2025/5/5 21:00,
179115,25050537103283,231561881,1,已付款,2025/5/5 21:51,1746149082992,0,2,17d4ce1e68247e20b48538fc3d6e70f9-~1746149082992-~231561881,app-ios,80.1,1,/,2025/5/5 21:52,2025/5/5 23:55,0,NULL,
179278,25050585621874,231561881,1,已付款,2025/5/5 22:38,1746229065738,2.51,2,17d4ce1e68247e20b48538fc3d6e70f9-~1746229065738-~231561881,app-android,62.75,0,待定,2025/5/5 22:38,2025/5/5 23:55,1,2025/5/5 22:55,
179563,25050529796314,NULL,1,已付款,2025/5/5 23:59,1745890291078,0,2,17d4ce1e68247e20b48538fc3d6e70f9-~1745890291078,app-ios,1,1,/,2025/5/5 23:59,2025/5/6 0:59,0,NULL,
179679,25050685151557,231576604,1,已付款,2025/5/6 9:37,1746033397981,2.55,2,dd391ccef6b13960d42d394c8934fc97-~1746033397981-~231576604,app-android,85,0,待定,2025/5/6 9:37,2025/5/6 23:55,1,2025/5/6 9:54,
179850,25050620915816,231561881,1,已付款,2025/5/6 14:13,1746235668292,15.78,2,17d4ce1e68247e20b48538fc3d6e70f9-~1746235668292-~231561881,app-ios,231,0,待定,2025/5/6 14:14,2025/5/6 23:55,1,2025/5/6 14:30,
180024,25050692069609,231576604,1,已付款,2025/5/6 16:36,1746519870348,0.18,5,dd391ccef6b13960d42d394c8934fc97-~1746519870348-~231576604,app-android,18,0,待定,2025/5/6 16:37,2025/5/6 23:55,1,2025/5/6 16:53,
180065,25050616139758,231576604,1,已付款,2025/5/6 16:53,1746517158647,0,2,dd391ccef6b13960d42d394c8934fc97-~1746517158647-~231576604,app-android,861,1,/,2025/5/6 16:54,2025/5/6 23:55,0,NULL,
180069,25050687714109,231576604,0,已失效,2025/5/6 16:54,1746517158647,0,2,dd391ccef6b13960d42d394c8934fc97-~1746517158647-~231576604,app-android,390,1,/,2025/5/6 16:55,2025/5/6 23:55,0,NULL,
180116,25050616342458,231576604,1,已付款,2025/5/6 17:01,1746521243303,8.5,2,dd391ccef6b13960d42d394c8934fc97-~1746521243303-~231576604,app-android,170,0,待定,2025/5/6 17:01,2025/5/6 23:55,1,2025/5/6 17:17,
180137,25050666818616,231561881,1,已付款,2025/5/6 17:00,1746520186521,12.24,2,17d4ce1e68247e20b48538fc3d6e70f9-~1746520186521-~231561881,app-ios,153,0,待定,2025/5/6 17:03,2025/5/6 23:55,1,2025/5/6 17:17,
180189,25050688032409,231561881,0,已失效,2025/5/6 17:05,1746520186521,2.71,2,17d4ce1e68247e20b48538fc3d6e70f9-~1746520186521-~231561881,app-ios,90.3,0,待定,2025/5/6 17:08,2025/5/6 23:55,1,2025/5/6 17:22,
180196,25050685391736,231561881,1,已付款,2025/5/6 17:05,1746520186521,1.03,2,17d4ce1e68247e20b48538fc3d6e70f9-~1746520186521-~231561881,app-ios,34.3,0,待定,2025/5/6 17:09,2025/5/6 23:55,1,2025/5/6 17:22,
180198,25050685391636,231561881,1,已付款,2025/5/6 17:05,1746520186521,1.68,2,17d4ce1e68247e20b48538fc3d6e70f9-~1746520186521-~231561881,app-ios,56,0,待定,2025/5/6 17:09,2025/5/6 23:55,1,2025/5/6 17:22,
180932,25050615519077,231561881,1,已付款,2025/5/6 17:51,1746524073433,4.26,2,17d4ce1e68247e20b48538fc3d6e70f9-~1746524073433-~231561881,app-ios,100.97,0,待定,2025/5/6 17:51,2025/5/6 23:55,1,2025/5/6 18:48,
181255,25050621895247,231576604,1,已付款,2025/5/6 18:23,1746526588261,8.36,2,dd391ccef6b13960d42d394c8934fc97-~1746526588261-~231576604,app-android,167.22,0,待定,2025/5/6 18:23,2025/5/6 23:55,1,2025/5/6 18:48,
181267,25050613675558,231576604,1,已下单,2025/5/6 18:25,1746526917956,7.73,2,dd391ccef6b13960d42d394c8934fc97-~1746526917956-~231576604,app-android,92.05,0,待定,2025/5/6 18:25,2025/5/6 23:55,1,2025/5/6 18:48,
181488,25050615273177,231561881,0,已失效,2025/5/6 18:45,1746526621139,21.05,2,17d4ce1e68247e20b48538fc3d6e70f9-~1746526621139-~231561881,app-ios,582,0,待定,2025/5/6 18:45,2025/5/6 23:55,1,2025/5/6 19:02,
181493,25050614161558,231561881,1,已付款,2025/5/6 18:45,1746526621139,8.98,2,17d4ce1e68247e20b48538fc3d6e70f9-~1746526621139-~231561881,app-ios,179.58,0,待定,2025/5/6 18:46,2025/5/6 23:55,1,2025/5/6 19:02,
181495,25050680117326,231561881,1,已付款,2025/5/6 18:45,1746526621139,12.07,2,17d4ce1e68247e20b48538fc3d6e70f9-~1746526621139-~231561881,app-ios,402.43,0,待定,2025/5/6 18:46,2025/5/6 23:55,1,2025/5/6 19:02,
181762,25050613111858,231561881,1,已付款,2025/5/6 19:05,1746526621139,0.19,2,17d4ce1e68247e20b48538fc3d6e70f9-~1746526621139-~231561881,app-ios,38,0,待定,2025/5/6 19:05,2025/5/6 23:55,1,2025/5/6 19:22,
181933,25050603411783,231576604,0,已失效,2025/5/6 19:17,1746530157184,3.67,2,dd391ccef6b13960d42d394c8934fc97-~1746530157184-~231576604,app-android,366.99,0,待定,2025/5/6 19:17,2025/5/6 23:55,1,2025/5/6 19:34,
181961,25050613514858,231576604,0,已失效,2025/5/6 19:18,1746530157184,6.88,2,dd391ccef6b13960d42d394c8934fc97-~1746530157184-~231576604,app-android,172,0,待定,2025/5/6 19:19,2025/5/6 23:55,1,2025/5/6 19:35,
182199,25050662704516,231561881,1,已付款,2025/5/6 19:32,1746528916040,1.45,2,17d4ce1e68247e20b48538fc3d6e70f9-~1746528916040-~231561881,app-ios,34,0,待定,2025/5/6 19:32,2025/5/6 23:55,1,2025/5/6 19:49,
182498,25050683480736,231576604,1,已付款,2025/5/6 19:50,1746531955258,0,2,dd391ccef6b13960d42d394c8934fc97-~1746531955258-~231576604,app-android,42.92,0,待定,2025/5/6 19:50,2025/5/6 23:55,0,NULL,
182529,25050616310877,231561881,1,已付款,2025/5/6 19:54,1746166591816,1.8,2,17d4ce1e68247e20b48538fc3d6e70f9-~1746166591816-~231561881,app-ios,17.96,0,待定,2025/5/6 19:54,2025/5/6 23:55,1,2025/5/6 20:11,
182544,25050612383577,231576604,1,已付款,2025/5/6 19:55,1746532311707,0.39,5,dd391ccef6b13960d42d394c8934fc97-~1746532311707-~231576604,app-android,44,0,待定,2025/5/6 19:55,2025/5/6 23:55,1,2025/5/6 20:12,
182672,25050699821982,231576604,1,已下单,2025/5/6 19:58,1746523532377,7.23,2,dd391ccef6b13960d42d394c8934fc97-~1746523532377-~231576604,app-android,241,0,待定,2025/5/6 20:01,2025/5/6 23:55,1,2025/5/6 20:15,
183041,25050637911900,231576604,1,已付款,2025/5/6 20:21,1746526917956,10.08,2,dd391ccef6b13960d42d394c8934fc97-~1746526917956-~231576604,app-android,144,0,待定,2025/5/6 20:21,2025/5/6 23:55,1,2025/5/6 20:38,
183061,25050618965747,231561881,1,已付款,2025/5/6 20:23,1746533759358,13.14,2,17d4ce1e68247e20b48538fc3d6e70f9-~1746533759358-~231561881,app-ios,146,0,待定,2025/5/6 20:23,2025/5/6 23:55,1,2025/5/6 20:40,
183220,25050613655477,231561881,1,已付款,2025/5/6 20:30,1746533547254,0.72,2,17d4ce1e68247e20b48538fc3d6e70f9-~1746533547254-~231561881,app-ios,71.96,0,待定,2025/5/6 20:31,2025/5/6 23:55,1,2025/5/6 20:47,
183258,25050659879416,231561881,1,已付款,2025/5/6 20:33,1746529293046,0,2,17d4ce1e68247e20b48538fc3d6e70f9-~1746529293046-~231561881,app-ios,93,1,/,2025/5/6 20:33,2025/5/6 23:55,0,NULL,
183495,25050660367116,231561881,1,已付款,2025/5/6 20:44,1746529678627,0.49,2,17d4ce1e68247e20b48538fc3d6e70f9-~1746529678627-~231561881,app-ios,14.09,0,待定,2025/5/6 20:45,2025/5/6 23:55,1,2025/5/6 21:01,
183567,25050632384600,231576604,1,已付款,2025/5/6 20:47,1746535330424,3.15,2,dd391ccef6b13960d42d394c8934fc97-~1746535330424-~231576604,app-android,70,0,待定,2025/5/6 20:47,2025/5/6 23:55,1,2025/5/6 22:27,
183617,25050672742426,231561881,0,已失效,2025/5/6 20:50,1746534981815,3.87,2,17d4ce1e68247e20b48538fc3d6e70f9-~1746534981815-~231561881,app-ios,128.9,0,待定,2025/5/6 20:50,2025/5/6 23:55,1,2025/5/6 21:07,
183664,25050612866477,231561881,1,已付款,2025/5/6 20:50,1746528349784,14.18,2,17d4ce1e68247e20b48538fc3d6e70f9-~1746528349784-~231561881,app-ios,472.82,0,待定,2025/5/6 20:50,2025/5/6 23:55,1,2025/5/6 21:07,
183675,25050679084336,231561881,1,已付款,2025/5/6 20:51,1746534981815,2.37,2,17d4ce1e68247e20b48538fc3d6e70f9-~1746534981815-~231561881,app-ios,79,0,待定,2025/5/6 20:51,2025/5/6 23:55,1,2025/5/6 21:08,
183678,25050610104258,231561881,1,已付款,2025/5/6 20:51,1746534981815,1.5,2,17d4ce1e68247e20b48538fc3d6e70f9-~1746534981815-~231561881,app-ios,49.9,0,待定,2025/5/6 20:51,2025/5/6 23:55,1,2025/5/6 21:08,
184098,25050606261867,231576604,1,已付款,2025/5/6 21:06,1746535330424,3.99,2,dd391ccef6b13960d42d394c8934fc97-~1746535330424-~231576604,app-android,105,0,待定,2025/5/6 21:06,2025/5/6 23:55,1,2025/5/6 22:27,
184172,25050661369616,231561881,1,已付款,2025/5/6 21:09,1746536756363,0.22,2,17d4ce1e68247e20b48538fc3d6e70f9-~1746536756363-~231561881,app-ios,44,0,待定,2025/5/6 21:09,2025/5/6 23:55,1,2025/5/6 21:26,
184229,25050661465016,231576604,1,已付款,2025/5/6 21:10,1746530059738,0.18,2,dd391ccef6b13960d42d394c8934fc97-~1746530059738-~231576604,app-android,35,0,待定,2025/5/6 21:11,2025/5/6 23:55,1,2025/5/6 21:27,
184234,25050671986226,231576604,1,已付款,2025/5/6 21:10,1746530059738,0.2,2,dd391ccef6b13960d42d394c8934fc97-~1746530059738-~231576604,app-android,39,0,待定,2025/5/6 21:11,2025/5/6 23:55,1,2025/5/6 21:27,
184461,25050605051267,231576604,0,已失效,2025/5/6 21:17,1746527373223,12.33,2,dd391ccef6b13960d42d394c8934fc97-~1746527373223-~231576604,app-android,411,0,待定,2025/5/6 21:17,2025/5/6 23:55,1,2025/5/6 21:34,
184464,25050619546747,231576604,1,已付款,2025/5/6 21:17,1746527373223,2.29,2,dd391ccef6b13960d42d394c8934fc97-~1746527373223-~231576604,app-android,76.26,0,待定,2025/5/6 21:18,2025/5/6 23:55,1,2025/5/6 21:34,
184472,25050609035377,231576604,1,已付款,2025/5/6 21:17,1746527373223,10.04,2,dd391ccef6b13960d42d394c8934fc97-~1746527373223-~231576604,app-android,334.74,0,待定,2025/5/6 21:18,2025/5/6 23:55,1,2025/5/6 21:34,
184739,25050611633558,231576604,1,已付款,2025/5/6 21:25,1746536927909,1.43,2,dd391ccef6b13960d42d394c8934fc97-~1746536927909-~231576604,app-android,47.76,0,待定,2025/5/6 21:25,2025/5/6 23:55,1,2025/5/6 21:42,
184967,25050634164000,231561881,1,已付款,2025/5/6 21:30,1746533759358,25.86,2,17d4ce1e68247e20b48538fc3d6e70f9-~1746533759358-~231561881,app-ios,212,0,待定,2025/5/6 21:30,2025/5/6 23:55,1,2025/5/6 21:47,
184994,25050611874558,231576604,1,已付款,2025/5/6 21:30,1746537575257,2.76,2,dd391ccef6b13960d42d394c8934fc97-~1746537575257-~231576604,app-android,92,0,待定,2025/5/6 21:31,2025/5/6 23:55,1,2025/5/6 21:47,
185188,25050615465247,231561881,1,已付款,2025/5/6 21:35,1746538444873,0.42,5,17d4ce1e68247e20b48538fc3d6e70f9-~1746538444873-~231561881,app-ios,88,0,待定,2025/5/6 21:35,2025/5/6 23:55,1,2025/5/6 21:52,
185202,25050607137958,231576604,0,已失效,2025/5/6 21:35,1746537491803,2.03,2,dd391ccef6b13960d42d394c8934fc97-~1746537491803-~231576604,app-android,34,0,待定,2025/5/6 21:35,2025/5/6 23:55,1,2025/5/6 21:52,
185856,25050656674216,231576604,1,已付款,2025/5/6 21:51,1746535205944,0,2,dd391ccef6b13960d42d394c8934fc97-~1746535205944-~231576604,app-android,26.67,1,/,2025/5/6 21:51,2025/5/6 23:55,0,NULL,
185929,25050673935926,231576604,1,已付款,2025/5/6 21:54,1746539420242,6.93,2,dd391ccef6b13960d42d394c8934fc97-~1746539420242-~231576604,app-android,231,0,待定,2025/5/6 21:54,2025/5/6 23:55,1,2025/5/6 22:11,
186430,25050607023558,231561881,0,已失效,2025/5/6 22:07,1746540162247,13.56,2,17d4ce1e68247e20b48538fc3d6e70f9-~1746540162247-~231561881,app-ios,451.93,0,待定,2025/5/6 22:07,2025/5/6 23:55,1,2025/5/6 22:24,
186605,25050622253227,231576604,1,已付款,2025/5/6 22:12,1746539365540,1.12,2,dd391ccef6b13960d42d394c8934fc97-~1746539365540-~231576604,app-android,37.2,0,待定,2025/5/6 22:12,2025/5/6 23:55,1,2025/5/6 22:29,
186794,25050609212658,231561881,0,已失效,2025/5/6 22:18,1746539812901,0,2,17d4ce1e68247e20b48538fc3d6e70f9-~1746539812901-~231561881,app-ios,61.7,1,/,2025/5/6 22:18,2025/5/6 23:55,0,NULL,
186809,25050658031716,231561881,1,已付款,2025/5/6 22:19,1746539812901,0,2,17d4ce1e68247e20b48538fc3d6e70f9-~1746539812901-~231561881,app-ios,28.5,1,/,2025/5/6 22:19,2025/5/6 23:55,0,NULL,
186816,25050622621227,231561881,1,已付款,2025/5/6 22:19,1746539812901,0,2,17d4ce1e68247e20b48538fc3d6e70f9-~1746539812901-~231561881,app-ios,33.2,1,/,2025/5/6 22:19,2025/5/6 23:55,0,NULL,
186830,25050658068616,231576604,1,已付款,2025/5/6 22:19,1746529636212,1.81,2,dd391ccef6b13960d42d394c8934fc97-~1746529636212-~231576604,app-android,7.25,0,待定,2025/5/6 22:20,2025/5/6 23:55,1,2025/5/6 22:36,
186948,25050658148716,231561881,1,已付款,2025/5/6 22:22,1746539812901,0,2,17d4ce1e68247e20b48538fc3d6e70f9-~1746539812901-~231561881,app-ios,51,1,/,2025/5/6 22:22,2025/5/6 23:55,0,NULL,
187021,25050605555177,231576604,1,已付款,2025/5/6 22:25,1746539928679,21.03,2,dd391ccef6b13960d42d394c8934fc97-~1746539928679-~231576604,app-android,243,0,待定,2025/5/6 22:25,2025/5/6 23:55,1,2025/5/6 22:42,
187293,25050677119436,231576604,1,已付款,2025/5/6 22:31,1746541448292,0.32,2,dd391ccef6b13960d42d394c8934fc97-~1746541448292-~231576604,app-android,32,0,待定,2025/5/6 22:31,2025/5/6 23:55,1,2025/5/6 22:48,
187373,25050616362347,231561881,1,已付款,2025/5/6 22:31,1746517621391,0.25,2,17d4ce1e68247e20b48538fc3d6e70f9-~1746517621391-~231561881,app-ios,25.44,0,待定,2025/5/6 22:34,2025/5/6 23:55,1,2025/5/6 22:48,
187492,25050605974677,231561881,1,已付款,2025/5/6 22:34,1746541103207,5.74,2,17d4ce1e68247e20b48538fc3d6e70f9-~1746541103207-~231561881,app-ios,81.99,0,待定,2025/5/6 22:37,2025/5/6 23:55,1,2025/5/6 22:51,
187554,25050608475558,231576604,1,已付款,2025/5/6 22:39,1746540573822,1.45,2,dd391ccef6b13960d42d394c8934fc97-~1746540573822-~231576604,app-android,14.5,0,待定,2025/5/6 22:39,2025/5/6 23:55,1,2025/5/6 22:55,
187662,25050608641458,231576604,0,已失效,2025/5/6 22:41,1746520013636,6.01,2,dd391ccef6b13960d42d394c8934fc97-~1746520013636-~231576604,app-android,187,0,待定,2025/5/6 22:41,2025/5/6 23:55,1,2025/5/6 22:58,
187681,25050616891147,231576604,1,已付款,2025/5/6 22:41,1746520013636,1.6,2,dd391ccef6b13960d42d394c8934fc97-~1746520013636-~231576604,app-android,40,0,待定,2025/5/6 22:42,2025/5/6 23:55,1,2025/5/6 22:58,
187690,25050677549636,231576604,1,已付款,2025/5/6 22:41,1746520013636,4.41,2,dd391ccef6b13960d42d394c8934fc97-~1746520013636-~231576604,app-android,147,0,待定,2025/5/6 22:42,2025/5/6 23:55,1,2025/5/6 22:58,
187726,25050672758236,231561881,1,已付款,2025/5/6 22:43,1746520290455,0.16,2,17d4ce1e68247e20b48538fc3d6e70f9-~1746520290455-~231561881,app-ios,2.61,0,待定,2025/5/6 22:43,2025/5/6 23:55,1,2025/5/6 23:00,
187729,25050604074867,231561881,1,已付款,2025/5/6 22:43,1746521443996,0,2,17d4ce1e68247e20b48538fc3d6e70f9-~1746521443996-~231561881,app-ios,874.1,1,/,2025/5/6 22:43,2025/5/6 23:55,0,NULL,
187765,25050604129367,231561881,1,已付款,2025/5/6 22:44,1746539555306,0,2,17d4ce1e68247e20b48538fc3d6e70f9-~1746539555306-~231561881,app-ios,187.45,1,/,2025/5/6 22:44,2025/5/6 23:55,0,NULL,
188162,25050604431667,231576604,1,已付款,2025/5/6 22:50,1746542128640,1.17,2,dd391ccef6b13960d42d394c8934fc97-~1746542128640-~231576604,app-android,44,0,待定,2025/5/6 22:51,2025/5/6 23:55,1,2025/5/6 23:07,
189154,25050672238036,231576604,1,已付款,2025/5/6 23:10,1746531172537,18.97,2,dd391ccef6b13960d42d394c8934fc97-~1746531172537-~231576604,app-android,323,0,待定,2025/5/6 23:11,2025/5/7 0:10,1,2025/5/6 23:27,
189341,25050607797777,231576604,1,已付款,2025/5/6 23:15,1746531172537,6.79,2,dd391ccef6b13960d42d394c8934fc97-~1746531172537-~231576604,app-android,97,0,待定,2025/5/6 23:15,2025/5/7 0:14,1,2025/5/6 23:32,
189892,25050626234300,231561881,1,已付款,2025/5/6 23:27,1746521443996,0,2,17d4ce1e68247e20b48538fc3d6e70f9-~1746521443996-~231561881,app-ios,210.71,1,/,2025/5/6 23:27,2025/5/7 0:27,0,NULL,
189907,25050626236800,231561881,1,已付款,2025/5/6 23:27,1746544777005,2.67,2,17d4ce1e68247e20b48538fc3d6e70f9-~1746544777005-~231561881,app-ios,89,0,待定,2025/5/6 23:27,2025/5/7 0:27,1,2025/5/6 23:44,
190092,25050619110627,231576604,1,已付款,2025/5/6 23:30,1746544502311,16.61,2,dd391ccef6b13960d42d394c8934fc97-~1746544502311-~231576604,app-android,553.6,0,待定,2025/5/6 23:31,2025/5/7 0:30,1,2025/5/6 23:46,
190141,25050606696377,231576604,0,已失效,2025/5/6 23:33,1746535789555,15.79,2,dd391ccef6b13960d42d394c8934fc97-~1746535789555-~231576604,app-android,1579,0,待定,2025/5/6 23:33,2025/5/7 0:32,1,2025/5/6 23:49,
190150,25050652892616,231561881,1,已付款,2025/5/6 23:32,1746531760795,0,2,17d4ce1e68247e20b48538fc3d6e70f9-~1746531760795-~231561881,app-ios,163.99,1,/,2025/5/6 23:33,2025/5/7 0:32,0,NULL,
190166,25050674711536,231576604,1,已付款,2025/5/6 23:33,1746545230602,9.84,2,dd391ccef6b13960d42d394c8934fc97-~1746545230602-~231576604,app-android,328.12,0,待定,2025/5/6 23:33,2025/5/7 0:33,1,2025/5/6 23:50,
190176,25050619213627,231576604,1,已付款,2025/5/6 23:34,1746545230602,16.74,2,dd391ccef6b13960d42d394c8934fc97-~1746545230602-~231576604,app-android,558,0,待定,2025/5/6 23:34,2025/5/7 0:33,1,2025/5/6 23:50,
190308,25050652918416,231576604,0,已失效,2025/5/6 23:35,1746535789555,15.79,2,dd391ccef6b13960d42d394c8934fc97-~1746535789555-~231576604,app-android,1579,0,待定,2025/5/6 23:35,2025/5/7 0:35,1,2025/5/6 23:52,
190373,25050614066647,231561881,1,已付款,2025/5/6 23:36,1746545549687,2.4,2,17d4ce1e68247e20b48538fc3d6e70f9-~1746545549687-~231561881,app-ios,89,0,待定,2025/5/6 23:37,2025/5/7 0:36,1,2025/5/6 23:53,
190380,25050674813136,231576604,0,已失效,2025/5/6 23:36,1746535789555,15.79,2,dd391ccef6b13960d42d394c8934fc97-~1746535789555-~231576604,app-android,1579,0,待定,2025/5/6 23:37,2025/5/7 0:36,1,2025/5/6 23:53,
190476,25050694117382,231576604,1,已付款,2025/5/6 23:36,1746544397177,10.12,2,dd391ccef6b13960d42d394c8934fc97-~1746544397177-~231576604,app-ios,67,0,待定,2025/5/6 23:39,2025/5/7 0:35,1,2025/5/6 23:55,
190511,25050689310582,231576604,0,已失效,2025/5/6 23:40,1746535789555,15.79,2,dd391ccef6b13960d42d394c8934fc97-~1746535789555-~231576604,app-android,1579,0,待定,2025/5/6 23:40,2025/5/7 0:39,1,2025/5/6 23:57,
190517,25050654749616,231576604,1,已付款,2025/5/6 23:40,1746545679945,8.43,2,dd391ccef6b13960d42d394c8934fc97-~1746545679945-~231576604,app-android,280.99,0,待定,2025/5/6 23:40,2025/5/7 0:39,1,2025/5/6 23:57,
190629,25050617768527,231576604,1,已付款,2025/5/6 23:40,1746544245294,0.01,2,dd391ccef6b13960d42d394c8934fc97-~1746544245294-~231576604,app-android,2.5,0,待定,2025/5/6 23:41,2025/5/7 0:40,1,2025/5/6 23:57,
190686,25050628339200,231576604,0,已失效,2025/5/6 23:41,1746535789555,15.79,2,dd391ccef6b13960d42d394c8934fc97-~1746535789555-~231576604,app-android,1579,0,待定,2025/5/6 23:42,2025/5/7 0:41,1,2025/5/6 23:58,
190754,25050607024677,231576604,0,已失效,2025/5/6 23:43,1746535789555,2.18,2,dd391ccef6b13960d42d394c8934fc97-~1746535789555-~231576604,app-android,109,0,待定,2025/5/6 23:43,2025/5/7 0:43,1,2025/5/7 0:00,
190775,25050617789927,231576604,0,已失效,2025/5/6 23:43,1746535789555,2.18,2,dd391ccef6b13960d42d394c8934fc97-~1746535789555-~231576604,app-android,109,0,待定,2025/5/6 23:44,2025/5/7 0:43,1,2025/5/7 0:00,
191457,25050673611236,231576604,1,已付款,2025/5/6 23:54,1746540704017,7.2,2,dd391ccef6b13960d42d394c8934fc97-~1746540704017-~231576604,app-android,180,0,待定,2025/5/6 23:55,2025/5/7 0:54,0,NULL,
191604,25050698452466,231561881,1,已付款,2025/5/6 23:56,1746533064675,0.17,2,17d4ce1e68247e20b48538fc3d6e70f9-~1746533064675-~231561881,app-ios,34.17,0,待定,2025/5/6 23:57,2025/5/7 0:56,0,NULL,
191711,25050698504966,231576604,1,已付款,2025/5/6 23:58,1746535875646,0,2,dd391ccef6b13960d42d394c8934fc97-~1746535875646-~231576604,app-android,0,1,/,2025/5/6 23:59,2025/5/7 0:58,0,NULL,
191907,25050795824204,231576604,1,已付款,2025/5/7 0:02,1746547075230,3.6,5,dd391ccef6b13960d42d394c8934fc97-~1746547075230-~231576604,app-android,36,0,待定,2025/5/7 0:03,2025/5/7 23:25,1,2025/5/7 0:19,
191978,25050785198323,231576604,1,已付款,2025/5/7 0:04,1746546899882,4.74,2,dd391ccef6b13960d42d394c8934fc97-~1746546899882-~231576604,app-android,67.8,0,待定,2025/5/7 0:04,2025/5/7 23:25,1,2025/5/7 0:20,
191999,25050785192123,231576604,0,已失效,2025/5/7 0:04,1746535789555,15.74,2,dd391ccef6b13960d42d394c8934fc97-~1746535789555-~231576604,app-android,1574,0,待定,2025/5/7 0:05,2025/5/7 23:25,1,2025/5/7 0:21,
192073,25050709134574,231576604,0,已失效,2025/5/7 0:06,1746535789555,15.79,2,dd391ccef6b13960d42d394c8934fc97-~1746535789555-~231576604,app-android,1579,0,待定,2025/5/7 0:06,2025/5/7 23:25,1,2025/5/7 0:23,
192091,25050704863064,231576604,1,已付款,2025/5/7 0:06,1746546434535,7.95,2,dd391ccef6b13960d42d394c8934fc97-~1746546434535-~231576604,app-android,265,0,待定,2025/5/7 0:06,2025/5/7 23:25,1,2025/5/7 0:23,
192098,25050795886704,231576604,1,已付款,2025/5/7 0:06,1746546434535,8.52,2,dd391ccef6b13960d42d394c8934fc97-~1746546434535-~231576604,app-android,284,0,待定,2025/5/7 0:06,2025/5/7 23:25,1,2025/5/7 0:23,
192106,25050777493033,231576604,0,已失效,2025/5/7 0:06,1746546434535,16.47,2,dd391ccef6b13960d42d394c8934fc97-~1746546434535-~231576604,app-android,549,0,待定,2025/5/7 0:06,2025/5/7 23:25,1,2025/5/7 0:23,
192107,25050795896904,231576604,0,已失效,2025/5/7 0:06,1746535789555,2.18,2,dd391ccef6b13960d42d394c8934fc97-~1746535789555-~231576604,app-android,109,0,待定,2025/5/7 0:06,2025/5/7 23:25,1,2025/5/7 0:23,
192108,25050704860264,231576604,0,已失效,2025/5/7 0:06,1746547301693,0,2,dd391ccef6b13960d42d394c8934fc97-~1746547301693-~231576604,app-android,40,1,/,2025/5/7 0:06,2025/5/7 23:25,0,NULL,
192173,25050777211533,231576604,0,已失效,2025/5/7 0:07,1746547526834,0,5,dd391ccef6b13960d42d394c8934fc97-~1746547526834-~231576604,app-android,158,0,待定,2025/5/7 0:07,2025/5/7 23:25,1,2025/5/7 0:24,
192197,25050721972788,231576604,1,已付款,2025/5/7 0:08,1746546434535,0.25,2,dd391ccef6b13960d42d394c8934fc97-~1746546434535-~231576604,app-android,49.6,0,待定,2025/5/7 0:08,2025/5/7 23:25,1,2025/5/7 0:25,
192211,25050790316843,231576604,0,已失效,2025/5/7 0:07,1746535789555,2.18,2,dd391ccef6b13960d42d394c8934fc97-~1746535789555-~231576604,app-android,109,0,待定,2025/5/7 0:08,2025/5/7 23:25,1,2025/5/7 0:24,
192264,25050777240733,231576604,0,已失效,2025/5/7 0:09,1746547301693,0,2,dd391ccef6b13960d42d394c8934fc97-~1746547301693-~231576604,app-android,25.3,1,/,2025/5/7 0:09,2025/5/7 23:25,0,NULL,
192317,25050795881904,231576604,1,已付款,2025/5/7 0:09,1746547301693,0,2,dd391ccef6b13960d42d394c8934fc97-~1746547301693-~231576604,app-android,25.3,1,/,2025/5/7 0:09,2025/5/7 23:25,0,NULL,
192509,25050744895013,231561881,1,已付款,2025/5/7 0:11,1746542931983,0.19,2,17d4ce1e68247e20b48538fc3d6e70f9-~1746542931983-~231561881,app-ios,19.06,0,待定,2025/5/7 0:12,2025/5/7 23:25,1,2025/5/7 0:28,
193068,25050798358952,231576604,1,已付款,2025/5/7 0:18,1746544125141,22.92,2,dd391ccef6b13960d42d394c8934fc97-~1746544125141-~231576604,app-android,254.55,0,待定,2025/5/7 0:19,2025/5/7 23:25,1,2025/5/7 0:34,
193817,25050721380488,231576604,1,已付款,2025/5/7 0:28,1746547313615,8.7,2,dd391ccef6b13960d42d394c8934fc97-~1746547313615-~231576604,app-android,58,0,待定,2025/5/7 0:28,2025/5/7 23:25,1,2025/5/7 0:45,
194259,25050721546588,231561881,1,已付款,2025/5/7 0:34,1746544898860,0.04,2,17d4ce1e68247e20b48538fc3d6e70f9-~1746544898860-~231561881,app-ios,7.37,0,待定,2025/5/7 0:34,2025/5/7 23:25,1,2025/5/7 0:51,
194558,25050704585464,231576604,1,已付款,2025/5/7 0:38,1746544959011,0,2,dd391ccef6b13960d42d394c8934fc97-~1746544959011-~231576604,app-android,115.37,1,/,2025/5/7 0:39,2025/5/7 23:25,0,NULL,
196486,25050757043513,231561881,1,已签收,2025/5/7 2:25,1746544101199,2.33,2,17d4ce1e68247e20b48538fc3d6e70f9-~1746544101199-~231561881,app-ios,232.75,0,待定,2025/5/7 2:25,2025/5/7 23:25,1,2025/5/7 2:42,
196997,25050705683152,231576604,1,已付款,2025/5/7 3:56,1746547354937,0.32,2,dd391ccef6b13960d42d394c8934fc97-~1746547354937-~231576604,app-android,31.94,0,待定,2025/5/7 3:57,2025/5/7 23:25,1,2025/5/7 4:12,
197480,25050705437952,231576604,1,已付款,2025/5/7 5:18,1746562207375,2.67,5,dd391ccef6b13960d42d394c8934fc97-~1746562207375-~231576604,app-android,89,0,待定,2025/5/7 5:18,2025/5/7 23:25,1,2025/5/7 5:34,
197682,25050756316013,231576604,1,已付款,2025/5/7 5:48,1746565551730,3.99,2,dd391ccef6b13960d42d394c8934fc97-~1746565551730-~231576604,app-android,133.1,0,待定,2025/5/7 5:48,2025/5/7 23:25,1,2025/5/7 6:04,
197852,25050703292664,231561881,1,已付款,2025/5/7 6:06,1746568690442,1.92,2,17d4ce1e68247e20b48538fc3d6e70f9-~1746568690442-~231561881,app-ios,64.1,0,待定,2025/5/7 6:06,2025/5/7 23:25,1,2025/5/7 6:22,
198059,25050756215113,231561881,1,已付款,2025/5/7 6:26,1746568690442,2.59,2,17d4ce1e68247e20b48538fc3d6e70f9-~1746568690442-~231561881,app-ios,86.2,0,待定,2025/5/7 6:26,2025/5/7 23:25,1,2025/5/7 6:42,
198061,25050707083474,231561881,1,已付款,2025/5/7 6:27,1746568690442,2.91,2,17d4ce1e68247e20b48538fc3d6e70f9-~1746568690442-~231561881,app-ios,97,0,待定,2025/5/7 6:27,2025/5/7 23:25,1,2025/5/7 6:43,
198101,25050707212474,231576604,1,已付款,2025/5/7 6:29,1746535330424,0,2,dd391ccef6b13960d42d394c8934fc97-~1746535330424-~231576604,app-android,97.65,1,/,2025/5/7 6:30,2025/5/7 23:25,0,NULL,
198230,25050706663605,231561881,1,已付款,2025/5/7 6:38,1746571016965,0.78,2,17d4ce1e68247e20b48538fc3d6e70f9-~1746571016965-~231561881,app-ios,31,0,待定,2025/5/7 6:39,2025/5/7 23:25,1,2025/5/7 6:55,
198276,25050796052323,231576604,1,已付款,2025/5/7 6:40,1746571147051,0.17,2,dd391ccef6b13960d42d394c8934fc97-~1746571147051-~231576604,app-android,34.05,0,待定,2025/5/7 6:40,2025/5/7 23:25,1,2025/5/7 6:57,
198371,25050701211644,231576604,1,已付款,2025/5/7 6:45,1746570554084,6.06,5,dd391ccef6b13960d42d394c8934fc97-~1746570554084-~231576604,app-android,122,0,待定,2025/5/7 6:45,2025/5/7 23:25,1,2025/5/7 7:02,
198401,25050756004713,231561881,1,已付款,2025/5/7 6:46,1746521460100,0,2,17d4ce1e68247e20b48538fc3d6e70f9-~1746521460100-~231561881,app-ios,1,1,/,2025/5/7 6:47,2025/5/7 23:25,0,NULL,
198688,25050706581205,231576604,0,已失效,2025/5/7 6:59,1746530603832,20.35,2,dd391ccef6b13960d42d394c8934fc97-~1746530603832-~231576604,app-android,419.16,0,待定,2025/5/7 7:00,2025/5/7 23:25,1,2025/5/7 7:16,
198709,25050755796313,231576604,1,已付款,2025/5/7 7:00,1746530603832,10.88,2,dd391ccef6b13960d42d394c8934fc97-~1746530603832-~231576604,app-android,283.86,0,待定,2025/5/7 7:00,2025/5/7 23:25,1,2025/5/7 7:17,
198717,25050704389952,231576604,1,已付款,2025/5/7 7:00,1746530603832,9.47,2,dd391ccef6b13960d42d394c8934fc97-~1746530603832-~231576604,app-android,135.3,0,待定,2025/5/7 7:00,2025/5/7 23:25,1,2025/5/7 7:17,
198853,25050704503452,231576604,1,已付款,2025/5/7 7:05,1746536538600,0,2,dd391ccef6b13960d42d394c8934fc97-~1746536538600-~231576604,app-android,93.46,1,/,2025/5/7 7:05,2025/5/7 23:25,0,NULL,
198877,25050755446813,231561881,1,已付款,2025/5/7 7:06,1746549605632,0.08,2,17d4ce1e68247e20b48538fc3d6e70f9-~1746549605632-~231561881,app-ios,15.7,0,待定,2025/5/7 7:06,2025/5/7 23:25,1,2025/5/7 7:23,
198889,25050787927933,231561881,1,已付款,2025/5/7 7:06,1746529564618,1.49,2,17d4ce1e68247e20b48538fc3d6e70f9-~1746529564618-~231561881,app-ios,21.24,0,待定,2025/5/7 7:07,2025/5/7 23:25,1,2025/5/7 7:23,
198943,25050701038044,231561881,1,已付款,2025/5/7 7:09,1746543749067,1.38,2,17d4ce1e68247e20b48538fc3d6e70f9-~1746543749067-~231561881,app-ios,46,0,待定,2025/5/7 7:09,2025/5/7 23:25,1,2025/5/7 7:25,
199088,25050710441363,231576604,1,已付款,2025/5/7 7:12,1746538317779,2.29,2,dd391ccef6b13960d42d394c8934fc97-~1746538317779-~231576604,app-android,38.2,0,待定,2025/5/7 7:12,2025/5/7 23:25,1,2025/5/7 7:29,
199446,25050787453533,231576604,1,已付款,2025/5/7 7:22,1746530515141,0.54,2,dd391ccef6b13960d42d394c8934fc97-~1746530515141-~231576604,app-android,17.99,0,待定,2025/5/7 7:22,2025/5/7 23:25,1,2025/5/7 7:39,
199508,25050703973352,231561881,1,已付款,2025/5/7 7:23,1746544644416,2.98,2,17d4ce1e68247e20b48538fc3d6e70f9-~1746544644416-~231561881,app-ios,37.2,0,待定,2025/5/7 7:24,2025/5/7 23:25,1,2025/5/7 7:40,
199745,25050705787905,231576604,1,已付款,2025/5/7 7:29,1746573377103,3.78,0,dd391ccef6b13960d42d394c8934fc97-~1746573377103-~231576604,app-android,54,0,待定,2025/5/7 7:30,2025/5/7 23:25,1,2025/5/7 7:45,
199870,25050787248233,231576604,1,已付款,2025/5/7 7:33,1746573377103,13.44,0,dd391ccef6b13960d42d394c8934fc97-~1746573377103-~231576604,app-android,160,0,待定,2025/5/7 7:33,2025/5/7 23:25,1,2025/5/7 7:50,
200240,25050787376733,231576604,0,已失效,2025/5/7 7:39,1746536113644,12.45,2,dd391ccef6b13960d42d394c8934fc97-~1746536113644-~231576604,app-ios,415,0,待定,2025/5/7 7:43,2025/5/7 23:25,1,2025/5/7 7:56,
200353,25050795133623,231561881,1,已签收,2025/5/7 7:45,1746546067435,0.21,2,17d4ce1e68247e20b48538fc3d6e70f9-~1746546067435-~231561881,app-ios,42.36,0,待定,2025/5/7 7:45,2025/5/7 23:25,1,2025/5/7 8:02,
200380,25050700134844,231576604,1,已付款,2025/5/7 7:46,1746542056574,0,2,dd391ccef6b13960d42d394c8934fc97-~1746542056574-~231576604,app-android,50.99,1,/,2025/5/7 7:46,2025/5/7 23:25,0,NULL,
200418,25050709777263,231561881,0,已失效,2025/5/7 7:47,1746574570106,0.08,2,17d4ce1e68247e20b48538fc3d6e70f9-~1746574570106-~231561881,app-ios,1,0,待定,2025/5/7 7:47,2025/5/7 23:25,1,2025/5/7 8:04,
200434,25050787014033,231561881,1,已付款,2025/5/7 7:47,1746573934679,7.68,2,17d4ce1e68247e20b48538fc3d6e70f9-~1746573934679-~231561881,app-ios,189.9,0,待定,2025/5/7 7:48,2025/5/7 23:25,1,2025/5/7 8:04,
200839,25050700058644,231561881,1,已付款,2025/5/7 7:57,1746536637181,0,2,17d4ce1e68247e20b48538fc3d6e70f9-~1746536637181-~231561881,app-ios,177.04,1,/,2025/5/7 7:57,2025/5/7 23:25,0,NULL,
201418,25050754400313,231576604,1,已付款,2025/5/7 8:10,1746569620915,0.11,2,dd391ccef6b13960d42d394c8934fc97-~1746569620915-~231576604,app-android,1.18,0,待定,2025/5/7 8:13,2025/5/7 23:25,1,2025/5/7 8:27,
201679,25050754142513,231576604,1,已付款,2025/5/7 8:20,1746544125141,3.66,2,dd391ccef6b13960d42d394c8934fc97-~1746544125141-~231576604,app-android,22.9,0,待定,2025/5/7 8:20,2025/5/7 23:25,1,2025/5/7 8:37,
201682,25050799272843,231576604,1,已付款,2025/5/7 8:20,1746544125141,1.43,2,dd391ccef6b13960d42d394c8934fc97-~1746544125141-~231576604,app-android,17.9,0,待定,2025/5/7 8:20,2025/5/7 23:25,1,2025/5/7 8:37,
201835,25050704848374,231561881,1,已付款,2025/5/7 8:24,1746530983684,4.78,2,17d4ce1e68247e20b48538fc3d6e70f9-~1746530983684-~231561881,app-ios,59,0,待定,2025/5/7 8:25,2025/5/7 23:25,1,2025/5/7 8:41,
201933,25050717606788,231561881,1,已付款,2025/5/7 8:28,1746546374544,0,2,17d4ce1e68247e20b48538fc3d6e70f9-~1746546374544-~231561881,app-ios,58.61,1,/,2025/5/7 8:29,2025/5/7 23:25,0,NULL,
202347,25050753503413,231561881,1,已付款,2025/5/7 8:40,1746572930056,0.17,2,17d4ce1e68247e20b48538fc3d6e70f9-~1746572930056-~231561881,app-ios,34,0,待定,2025/5/7 8:40,2025/5/7 23:25,1,2025/5/7 8:57,
202474,25050704264674,231576604,1,已付款,2025/5/7 8:44,1746577912324,2.16,2,dd391ccef6b13960d42d394c8934fc97-~1746577912324-~231576604,app-android,72,0,待定,2025/5/7 8:45,2025/5/7 23:25,1,2025/5/7 9:01,
202577,25050785369733,231561881,1,已付款,2025/5/7 8:48,1746535222434,12.84,2,17d4ce1e68247e20b48538fc3d6e70f9-~1746535222434-~231561881,app-ios,231.01,0,待定,2025/5/7 8:48,2025/5/7 23:25,1,2025/5/7 9:05,
202598,25050785509633,231561881,1,已付款,2025/5/7 8:49,1746547067471,2.94,2,17d4ce1e68247e20b48538fc3d6e70f9-~1746547067471-~231561881,app-ios,98,0,待定,2025/5/7 8:49,2025/5/7 23:25,1,2025/5/7 9:06,
202829,25050701681952,231576604,1,已付款,2025/5/7 8:55,1746578244853,2.38,2,dd391ccef6b13960d42d394c8934fc97-~1746578244853-~231576604,app-android,29.09,0,待定,2025/5/7 8:55,2025/5/7 23:25,1,2025/5/7 9:12,
202831,25050793244023,231561881,0,已失效,2025/5/7 8:55,1746570236125,38.64,2,17d4ce1e68247e20b48538fc3d6e70f9-~1746570236125-~231561881,app-ios,552,0,待定,2025/5/7 8:55,2025/5/7 23:25,1,2025/5/7 9:12,
202836,25050798404943,231561881,0,已失效,2025/5/7 8:55,1746544238024,9.19,2,17d4ce1e68247e20b48538fc3d6e70f9-~1746544238024-~231561881,app-ios,306.4,0,待定,2025/5/7 8:55,2025/5/7 23:25,1,2025/5/7 9:12,
202843,25050703850174,231561881,1,已付款,2025/5/7 8:56,1746544238024,0.58,2,17d4ce1e68247e20b48538fc3d6e70f9-~1746544238024-~231561881,app-ios,19.4,0,待定,2025/5/7 8:56,2025/5/7 23:25,1,2025/5/7 9:13,
202844,25050752783513,231561881,1,已付款,2025/5/7 8:56,1746544238024,1.47,2,17d4ce1e68247e20b48538fc3d6e70f9-~1746544238024-~231561881,app-ios,49,0,待定,2025/5/7 8:56,2025/5/7 23:25,1,2025/5/7 9:13,
202853,25050716515688,231561881,1,已付款,2025/5/7 8:56,1746544238024,2.67,2,17d4ce1e68247e20b48538fc3d6e70f9-~1746544238024-~231561881,app-ios,89,0,待定,2025/5/7 8:56,2025/5/7 23:25,1,2025/5/7 9:13,
202855,25050716515588,231561881,1,已付款,2025/5/7 8:56,1746544238024,4.47,2,17d4ce1e68247e20b48538fc3d6e70f9-~1746544238024-~231561881,app-ios,149,0,待定,2025/5/7 8:56,2025/5/7 23:25,1,2025/5/7 9:13,
202949,25050785028333,231561881,1,已付款,2025/5/7 8:59,1746545391040,7.47,2,17d4ce1e68247e20b48538fc3d6e70f9-~1746545391040-~231561881,app-ios,249,0,待定,2025/5/7 8:59,2025/5/7 23:25,1,2025/5/7 9:15,
203077,25050793112223,231576604,1,已付款,2025/5/7 9:01,1746540991329,21.93,2,dd391ccef6b13960d42d394c8934fc97-~1746540991329-~231576604,app-android,731,0,待定,2025/5/7 9:01,2025/5/7 23:25,1,2025/5/7 9:18,
203821,25050703100105,231576604,1,已付款,2025/5/7 9:16,1746520015917,5.26,2,dd391ccef6b13960d42d394c8934fc97-~1746520015917-~231576604,app-android,263,0,待定,2025/5/7 9:17,2025/5/7 23:25,1,2025/5/7 9:33,
204061,25050728779088,231561881,1,已付款,2025/5/7 9:21,1746530517522,4.31,2,17d4ce1e68247e20b48538fc3d6e70f9-~1746530517522-~231561881,app-ios,143.57,0,待定,2025/5/7 9:22,2025/5/7 23:25,1,2025/5/7 9:37,
204083,25050702858405,231561881,1,已付款,2025/5/7 9:22,1746574142678,24.36,2,17d4ce1e68247e20b48538fc3d6e70f9-~1746574142678-~231561881,app-ios,348,0,待定,2025/5/7 9:22,2025/5/7 23:25,1,2025/5/7 9:39,
204098,25050702877005,231561881,1,已付款,2025/5/7 9:23,1746558082063,0.11,2,17d4ce1e68247e20b48538fc3d6e70f9-~1746558082063-~231561881,app-ios,11.2,0,待定,2025/5/7 9:23,2025/5/7 23:25,1,2025/5/7 9:40,
204100,25050792129323,231561881,1,已付款,2025/5/7 9:23,1746574142678,22.4,2,17d4ce1e68247e20b48538fc3d6e70f9-~1746574142678-~231561881,app-ios,320,0,待定,2025/5/7 9:23,2025/5/7 23:25,1,2025/5/7 9:40,
204121,25050752093513,231561881,1,已付款,2025/5/7 9:23,1746540882450,1.33,2,17d4ce1e68247e20b48538fc3d6e70f9-~1746540882450-~231561881,app-ios,133,0,待定,2025/5/7 9:23,2025/5/7 23:25,1,2025/5/7 9:40,
204130,25050728917088,231576604,1,已付款,2025/5/7 9:23,1746580843688,0.55,2,dd391ccef6b13960d42d394c8934fc97-~1746580843688-~231576604,app-android,55.03,0,待定,2025/5/7 9:23,2025/5/7 23:25,1,2025/5/7 9:40,
204278,25050707098163,231576604,0,已失效,2025/5/7 9:25,1746579822307,2.07,2,dd391ccef6b13960d42d394c8934fc97-~1746579822307-~231576604,app-android,74,0,待定,2025/5/7 9:25,2025/5/7 23:25,1,2025/5/7 9:42,
204298,25050797333143,231576604,1,已付款,2025/5/7 9:26,1746579639809,0.04,2,dd391ccef6b13960d42d394c8934fc97-~1746579639809-~231576604,app-android,7.89,0,待定,2025/5/7 9:26,2025/5/7 23:25,1,2025/5/7 9:43,
204407,25050784012033,231576604,1,已付款,2025/5/7 9:28,1746579822307,10.89,2,dd391ccef6b13960d42d394c8934fc97-~1746579822307-~231576604,app-android,195,0,待定,2025/5/7 9:28,2025/5/7 23:25,1,2025/5/7 9:45,
204574,25050706739463,231576604,0,已失效,2025/5/7 9:30,1746581038692,0.35,2,dd391ccef6b13960d42d394c8934fc97-~1746581038692-~231576604,app-android,75,0,待定,2025/5/7 9:30,2025/5/7 23:25,1,2025/5/7 9:47,
204658,25050728349688,231576604,1,已付款,2025/5/7 9:32,1746566500667,1.52,2,dd391ccef6b13960d42d394c8934fc97-~1746566500667-~231576604,app-android,29.9,0,待定,2025/5/7 9:32,2025/5/7 23:25,1,2025/5/7 9:49,
204931,25050796878243,231561881,1,已付款,2025/5/7 9:32,1746541103207,49.99,2,17d4ce1e68247e20b48538fc3d6e70f9-~1746541103207-~231561881,app-ios,714.2,0,待定,2025/5/7 9:36,2025/5/7 23:25,1,2025/5/7 9:49,
204983,25050706697763,231561881,1,已付款,2025/5/7 9:37,1746570236125,38.5,2,17d4ce1e68247e20b48538fc3d6e70f9-~1746570236125-~231561881,app-ios,549.99,0,待定,2025/5/7 9:37,2025/5/7 23:25,1,2025/5/7 9:53,
205064,25050791573923,231561881,1,已付款,2025/5/7 9:38,1746547067471,25.73,2,17d4ce1e68247e20b48538fc3d6e70f9-~1746547067471-~231561881,app-ios,567,0,待定,2025/5/7 9:38,2025/5/7 23:25,1,2025/5/7 9:55,
205098,25050700097152,231576604,1,已付款,2025/5/7 9:39,1746530556648,0,2,dd391ccef6b13960d42d394c8934fc97-~1746530556648-~231576604,app-android,33.9,1,/,2025/5/7 9:39,2025/5/7 23:25,0,NULL,
205301,25050783532733,231576604,0,已失效,2025/5/7 9:41,1746581038692,6.36,2,dd391ccef6b13960d42d394c8934fc97-~1746581038692-~231576604,app-android,104.11,0,待定,2025/5/7 9:41,2025/5/7 23:25,1,2025/5/7 9:57,
205314,25050728254088,231561881,1,已付款,2025/5/7 9:41,1746551544797,6.65,2,17d4ce1e68247e20b48538fc3d6e70f9-~1746551544797-~231561881,app-ios,95,0,待定,2025/5/7 9:41,2025/5/7 23:25,1,2025/5/7 9:58,
205329,25050791606623,231576604,1,已付款,2025/5/7 9:41,1746581038692,0.32,2,dd391ccef6b13960d42d394c8934fc97-~1746581038692-~231576604,app-android,63.87,0,待定,2025/5/7 9:42,2025/5/7 23:25,1,2025/5/7 9:57,
205337,25050701967605,231561881,1,已付款,2025/5/7 9:42,1746547067471,0.29,2,17d4ce1e68247e20b48538fc3d6e70f9-~1746547067471-~231561881,app-ios,29.3,0,待定,2025/5/7 9:42,2025/5/7 23:25,1,2025/5/7 9:59,
205338,25050796765043,231576604,1,已付款,2025/5/7 9:41,1746581038692,6.04,2,dd391ccef6b13960d42d394c8934fc97-~1746581038692-~231576604,app-android,40.24,0,待定,2025/5/7 9:42,2025/5/7 23:25,1,2025/5/7 9:58,
205344,25050791594123,231561881,1,已付款,2025/5/7 9:42,1746547067471,9.98,2,17d4ce1e68247e20b48538fc3d6e70f9-~1746547067471-~231561881,app-ios,66.5,0,待定,2025/5/7 9:42,2025/5/7 23:25,1,2025/5/7 9:59,
205351,25050701971205,231561881,0,已失效,2025/5/7 9:42,1746547067471,10.27,2,17d4ce1e68247e20b48538fc3d6e70f9-~1746547067471-~231561881,app-ios,95.8,0,待定,2025/5/7 9:42,2025/5/7 23:25,1,2025/5/7 9:59,
205355,25050706460163,231561881,1,已付款,2025/5/7 9:42,1746547067471,7.92,2,17d4ce1e68247e20b48538fc3d6e70f9-~1746547067471-~231561881,app-ios,99,0,待定,2025/5/7 9:42,2025/5/7 23:25,1,2025/5/7 9:59,
205495,25050710397573,231561881,1,已付款,2025/5/7 9:44,1746551544797,11.9,2,17d4ce1e68247e20b48538fc3d6e70f9-~1746551544797-~231561881,app-ios,170,0,待定,2025/5/7 9:44,2025/5/7 23:25,1,2025/5/7 10:00,
205724,25050706104463,231576604,1,已付款,2025/5/7 9:46,1746571503010,0,2,dd391ccef6b13960d42d394c8934fc97-~1746571503010-~231576604,app-android,166,1,/,2025/5/7 9:46,2025/5/7 23:25,0,NULL,
205880,25050713084552,231561881,1,已付款,2025/5/7 9:48,1746579152555,9.49,2,17d4ce1e68247e20b48538fc3d6e70f9-~1746579152555-~231561881,app-ios,73,0,待定,2025/5/7 9:48,2025/5/7 23:25,1,2025/5/7 10:05,
206291,25050727574388,231561881,1,已付款,2025/5/7 9:52,1746539866438,19.25,2,17d4ce1e68247e20b48538fc3d6e70f9-~1746539866438-~231561881,app-ios,192.46,0,待定,2025/5/7 9:53,2025/5/7 23:25,1,2025/5/7 10:09,
206585,25050705736263,231561881,0,已失效,2025/5/7 9:55,1746579652564,2.64,2,17d4ce1e68247e20b48538fc3d6e70f9-~1746579652564-~231561881,app-ios,66,0,待定,2025/5/7 9:55,2025/5/7 23:25,1,2025/5/7 10:12,
206601,25050750873113,231561881,1,已付款,2025/5/7 9:56,1746582820326,0.2,2,17d4ce1e68247e20b48538fc3d6e70f9-~1746582820326-~231561881,app-ios,44,0,待定,2025/5/7 9:56,2025/5/7 23:25,1,2025/5/7 10:13,
206633,25050727612188,231576604,0,已失效,2025/5/7 9:56,1746546328762,6.26,2,dd391ccef6b13960d42d394c8934fc97-~1746546328762-~231576604,app-android,271.35,0,待定,2025/5/7 9:56,2025/5/7 23:25,1,2025/5/7 10:13,
206665,25050795995133,231576604,1,已付款,2025/5/7 9:56,1746543157934,0,2,dd391ccef6b13960d42d394c8934fc97-~1746543157934-~231576604,app-android,31.63,1,/,2025/5/7 9:57,2025/5/7 23:25,0,NULL,
206672,25050758867412,231576604,1,已付款,2025/5/7 9:57,1746546328762,0.94,2,dd391ccef6b13960d42d394c8934fc97-~1746546328762-~231576604,app-android,93.94,0,待定,2025/5/7 9:57,2025/5/7 23:25,1,2025/5/7 10:14,
206685,25050727642888,231576604,1,已付款,2025/5/7 9:57,1746546328762,0.92,2,dd391ccef6b13960d42d394c8934fc97-~1746546328762-~231576604,app-android,30.62,0,待定,2025/5/7 9:57,2025/5/7 23:25,1,2025/5/7 10:14,
206688,25050791066023,231561881,1,已付款,2025/5/7 9:56,1746578068690,4.17,2,17d4ce1e68247e20b48538fc3d6e70f9-~1746578068690-~231561881,app-ios,59.5,0,待定,2025/5/7 9:57,2025/5/7 23:25,1,2025/5/7 10:13,
206694,25050712659652,231576604,1,已付款,2025/5/7 9:57,1746546328762,4.4,2,dd391ccef6b13960d42d394c8934fc97-~1746546328762-~231576604,app-android,146.78,0,待定,2025/5/7 9:57,2025/5/7 23:25,1,2025/5/7 10:14,
206817,25050709204544,231561881,1,已付款,2025/5/7 9:58,1746520249790,0,2,17d4ce1e68247e20b48538fc3d6e70f9-~1746520249790-~231561881,app-ios,119,1,/,2025/5/7 9:59,2025/5/7 23:25,0,NULL,
206829,25050727345588,231561881,1,已付款,2025/5/7 9:59,1746551544797,7.49,2,17d4ce1e68247e20b48538fc3d6e70f9-~1746551544797-~231561881,app-ios,107,0,待定,2025/5/7 9:59,2025/5/7 23:25,1,2025/5/7 10:16,
207030,25050727457288,231561881,1,已付款,2025/5/7 10:00,1746545031277,0,2,17d4ce1e68247e20b48538fc3d6e70f9-~1746545031277-~231561881,app-ios,0.01,0,待定,2025/5/7 10:00,2025/5/7 23:25,0,NULL,
207151,25050708747944,231561881,1,已付款,2025/5/7 10:02,1746520186521,2.14,2,17d4ce1e68247e20b48538fc3d6e70f9-~1746520186521-~231561881,app-ios,53.48,0,待定,2025/5/7 10:02,2025/5/7 23:25,1,2025/5/7 10:19,
207156,25050705582663,231576604,1,已付款,2025/5/7 10:01,1746518443028,2.62,2,dd391ccef6b13960d42d394c8934fc97-~1746518443028-~231576604,app-android,131.24,0,待定,2025/5/7 10:02,2025/5/7 23:25,1,2025/5/7 10:17,
207186,25050758686512,231576604,1,已付款,2025/5/7 10:02,1746570608069,7.31,2,dd391ccef6b13960d42d394c8934fc97-~1746570608069-~231576604,app-android,136.04,0,待定,2025/5/7 10:02,2025/5/7 23:25,1,2025/5/7 10:19,
207305,25050795781433,231576604,1,已付款,2025/5/7 10:03,1746525445338,0,2,dd391ccef6b13960d42d394c8934fc97-~1746525445338-~231576604,app-android,43.48,0,待定,2025/5/7 10:04,2025/5/7 23:25,0,NULL,
207380,25050712214852,231561881,1,已付款,2025/5/7 10:04,1746579652564,6.72,2,17d4ce1e68247e20b48538fc3d6e70f9-~1746579652564-~231561881,app-ios,84,0,待定,2025/5/7 10:04,2025/5/7 23:25,1,2025/5/7 10:21,
207595,25050795414333,231561881,1,已付款,2025/5/7 10:06,1746542521410,1.88,2,17d4ce1e68247e20b48538fc3d6e70f9-~1746542521410-~231561881,app-ios,62.52,0,待定,2025/5/7 10:06,2025/5/7 23:25,1,2025/5/7 10:23,
207599,25050795419833,231561881,0,已失效,2025/5/7 10:06,1746542521410,3.76,2,17d4ce1e68247e20b48538fc3d6e70f9-~1746542521410-~231561881,app-ios,125.06,0,待定,2025/5/7 10:06,2025/5/7 23:25,1,2025/5/7 10:22,
207615,25050726742188,231561881,1,已付款,2025/5/7 10:06,1746542521410,1.88,2,17d4ce1e68247e20b48538fc3d6e70f9-~1746542521410-~231561881,app-ios,62.53,0,待定,2025/5/7 10:06,2025/5/7 23:25,1,2025/5/7 10:23,
208151,25050726524888,231576604,1,已付款,2025/5/7 10:10,1746569600365,5.91,2,dd391ccef6b13960d42d394c8934fc97-~1746569600365-~231576604,app-android,98.56,0,待定,2025/5/7 10:10,2025/5/7 23:25,1,2025/5/7 10:26,
208188,25050713727105,231576604,1,已付款,2025/5/7 10:10,1746547514512,0.35,2,dd391ccef6b13960d42d394c8934fc97-~1746547514512-~231576604,app-android,70.37,0,待定,2025/5/7 10:10,2025/5/7 23:25,1,2025/5/7 10:27,
208204,25050708961973,231561881,1,已付款,2025/5/7 10:11,1746577132532,9.62,2,17d4ce1e68247e20b48538fc3d6e70f9-~1746577132532-~231561881,app-ios,80.14,0,待定,2025/5/7 10:11,2025/5/7 23:25,1,2025/5/7 10:28,
208270,25050708980873,231561881,1,已付款,2025/5/7 10:11,1746546374544,0,2,17d4ce1e68247e20b48538fc3d6e70f9-~1746546374544-~231561881,app-ios,88.3,1,/,2025/5/7 10:11,2025/5/7 23:25,0,NULL,
208304,25050711476952,231576604,1,已付款,2025/5/7 10:12,1746547514512,7.49,2,dd391ccef6b13960d42d394c8934fc97-~1746547514512-~231576604,app-android,107,0,待定,2025/5/7 10:12,2025/5/7 23:25,1,2025/5/7 10:29,
208410,25050708240344,231576604,1,已付款,2025/5/7 10:13,1746559425977,27.15,2,dd391ccef6b13960d42d394c8934fc97-~1746559425977-~231576604,app-android,320,0,待定,2025/5/7 10:13,2025/5/7 23:25,1,2025/5/7 10:30,
208423,25050709099473,231561881,1,已付款,2025/5/7 10:13,1746571168098,4.29,2,17d4ce1e68247e20b48538fc3d6e70f9-~1746571168098-~231561881,app-ios,85.7,0,待定,2025/5/7 10:13,2025/5/7 23:25,1,2025/5/7 10:30,
208462,25050717955163,231576604,1,已付款,2025/5/7 10:13,1746525445338,0.15,2,dd391ccef6b13960d42d394c8934fc97-~1746525445338-~231576604,app-android,29.9,0,待定,2025/5/7 10:13,2025/5/7 23:25,1,2025/5/7 10:30,
208536,25050711611952,231576604,1,已付款,2025/5/7 10:14,1746577938115,0,2,dd391ccef6b13960d42d394c8934fc97-~1746577938115-~231576604,app-android,179,1,/,2025/5/7 10:14,2025/5/7 23:25,0,NULL,
208901,25050707908744,231576604,1,已付款,2025/5/7 10:16,1746583816867,5.86,2,dd391ccef6b13960d42d394c8934fc97-~1746583816867-~231576604,app-android,83.68,0,待定,2025/5/7 10:16,2025/5/7 23:25,1,2025/5/7 12:57,
209045,25050713171705,231576604,1,已付款,2025/5/7 10:17,1746574943574,5.08,2,dd391ccef6b13960d42d394c8934fc97-~1746574943574-~231576604,app-android,508,0,待定,2025/5/7 10:18,2025/5/7 23:25,1,2025/5/7 10:34,
209049,25050708023544,231576604,1,已付款,2025/5/7 10:17,1746574943574,0,2,dd391ccef6b13960d42d394c8934fc97-~1746574943574-~231576604,app-android,0,0,待定,2025/5/7 10:18,2025/5/7 23:25,0,NULL,
209108,25050726403288,231561881,1,已付款,2025/5/7 10:15,1746544276397,7.32,2,17d4ce1e68247e20b48538fc3d6e70f9-~1746544276397-~231561881,app-ios,244,0,待定,2025/5/7 10:18,2025/5/7 23:25,1,2025/5/7 10:31,
209244,25050702703824,231576604,1,已付款,2025/5/7 10:19,1746525352617,3.79,2,dd391ccef6b13960d42d394c8934fc97-~1746525352617-~231576604,app-android,96.59,0,待定,2025/5/7 10:19,2025/5/7 23:25,1,2025/5/7 10:35,
209536,25050757432412,231576604,0,已失效,2025/5/7 10:20,1746583912592,1.59,2,dd391ccef6b13960d42d394c8934fc97-~1746583912592-~231576604,app-android,159,0,待定,2025/5/7 10:21,2025/5/7 23:25,1,2025/5/7 10:37,
209549,25050717741463,231576604,1,已付款,2025/5/7 10:17,1746543324919,19.18,2,dd391ccef6b13960d42d394c8934fc97-~1746543324919-~231576604,app-android,274,0,待定,2025/5/7 10:21,2025/5/7 23:25,1,2025/5/7 10:34,
209952,25050757210112,231576604,1,已付款,2025/5/7 10:23,1746520673943,5.42,2,dd391ccef6b13960d42d394c8934fc97-~1746520673943-~231576604,app-android,77.49,0,待定,2025/5/7 10:24,2025/5/7 23:25,1,2025/5/7 10:40,
209976,25050757224212,231561881,1,已付款,2025/5/7 10:24,1746546610028,20.71,2,17d4ce1e68247e20b48538fc3d6e70f9-~1746546610028-~231561881,app-ios,337.9,0,待定,2025/5/7 10:24,2025/5/7 23:25,1,2025/5/7 10:41,
210003,25050711021252,231561881,0,已失效,2025/5/7 10:24,1746546610028,32.25,2,17d4ce1e68247e20b48538fc3d6e70f9-~1746546610028-~231561881,app-ios,414.8,0,待定,2025/5/7 10:24,2025/5/7 23:25,1,2025/5/7 10:41,
210004,25050725738788,231561881,1,已付款,2025/5/7 10:24,1746546610028,2.05,2,17d4ce1e68247e20b48538fc3d6e70f9-~1746546610028-~231561881,app-ios,41,0,待定,2025/5/7 10:24,2025/5/7 23:25,1,2025/5/7 10:41,
210013,25050725720288,231561881,1,已付款,2025/5/7 10:24,1746546610028,11.54,2,17d4ce1e68247e20b48538fc3d6e70f9-~1746546610028-~231561881,app-ios,76.9,0,待定,2025/5/7 10:24,2025/5/7 23:25,1,2025/5/7 10:41,
210282,25050707322044,231561881,1,已付款,2025/5/7 10:26,1746537737311,2.06,2,17d4ce1e68247e20b48538fc3d6e70f9-~1746537737311-~231561881,app-ios,12.9,0,待定,2025/5/7 10:26,2025/5/7 23:25,1,2025/5/7 10:43,
210325,25050711000452,231561881,0,已失效,2025/5/7 10:25,1746518271497,6.4,2,17d4ce1e68247e20b48538fc3d6e70f9-~1746518271497-~231561881,app-ios,91.44,0,待定,2025/5/7 10:26,2025/5/7 23:25,1,2025/5/7 10:42,
210608,25050757033012,231561881,1,已付款,2025/5/7 10:28,1746546944831,19.85,2,17d4ce1e68247e20b48538fc3d6e70f9-~1746546944831-~231561881,app-ios,283.53,0,待定,2025/5/7 10:28,2025/5/7 23:25,1,2025/5/7 10:45,
210616,25050707456144,231576604,1,已付款,2025/5/7 10:28,1746583590545,1.2,1,dd391ccef6b13960d42d394c8934fc97-~1746583590545-~231576604,app-android,25,0,待定,2025/5/7 10:28,2025/5/7 23:25,1,2025/5/7 10:45,
210738,25050756942812,231576604,1,已付款,2025/5/7 10:29,1746516942858,1.62,2,dd391ccef6b13960d42d394c8934fc97-~1746516942858-~231576604,app-android,54,0,待定,2025/5/7 10:30,2025/5/7 23:25,1,2025/5/7 10:46,
210770,25050717129163,231561881,1,已付款,2025/5/7 10:29,1746575489464,0,2,17d4ce1e68247e20b48538fc3d6e70f9-~1746575489464-~231561881,app-ios,439,1,/,2025/5/7 10:30,2025/5/7 23:25,0,NULL,
211149,25050757086412,231561881,1,已付款,2025/5/7 10:31,1746579248965,0,2,17d4ce1e68247e20b48538fc3d6e70f9-~1746579248965-~231561881,app-ios,33.98,1,/,2025/5/7 10:32,2025/5/7 23:25,0,NULL,
211150,25050707062444,231561881,1,已付款,2025/5/7 10:31,1746544004275,5.25,2,17d4ce1e68247e20b48538fc3d6e70f9-~1746544004275-~231561881,app-ios,175,0,待定,2025/5/7 10:32,2025/5/7 23:25,1,2025/5/7 10:48,
211155,25050702092424,231561881,1,已付款,2025/5/7 10:32,1746573219707,0.22,2,17d4ce1e68247e20b48538fc3d6e70f9-~1746573219707-~231561881,app-ios,44,0,待定,2025/5/7 10:32,2025/5/7 23:25,1,2025/5/7 10:48,
212007,25050701871824,231576604,1,已付款,2025/5/7 10:37,1746584153582,3.75,2,dd391ccef6b13960d42d394c8934fc97-~1746584153582-~231576604,app-android,53.53,0,待定,2025/5/7 10:37,2025/5/7 23:25,1,2025/5/7 10:54,
212593,25050710208852,231576604,1,已付款,2025/5/7 10:40,1746576324188,10.35,2,dd391ccef6b13960d42d394c8934fc97-~1746576324188-~231576604,app-android,147.8,0,待定,2025/5/7 10:41,2025/5/7 23:25,1,2025/5/7 10:57,
212761,25050793663833,231576604,1,已付款,2025/5/7 10:42,1746579562758,2.24,2,dd391ccef6b13960d42d394c8934fc97-~1746579562758-~231576604,app-android,28.04,0,待定,2025/5/7 10:42,2025/5/7 23:25,1,2025/5/7 10:59,
213240,25050724706688,231561881,1,已付款,2025/5/7 10:45,1746577741290,15.6,2,17d4ce1e68247e20b48538fc3d6e70f9-~1746577741290-~231561881,app-ios,104,0,待定,2025/5/7 10:45,2025/5/7 23:25,1,2025/5/7 11:02,
213432,25050706291444,231561881,1,已付款,2025/5/7 10:47,1746574033903,11.69,2,17d4ce1e68247e20b48538fc3d6e70f9-~1746574033903-~231561881,app-ios,116.91,0,待定,2025/5/7 10:47,2025/5/7 23:25,1,2025/5/7 11:04,
213451,25050756162312,231561881,1,已付款,2025/5/7 10:47,1746584873659,0.76,2,17d4ce1e68247e20b48538fc3d6e70f9-~1746584873659-~231561881,app-ios,152.69,0,待定,2025/5/7 10:47,2025/5/7 23:25,1,2025/5/7 11:03,
213528,25050707144573,231561881,1,已付款,2025/5/7 10:48,1746520929771,0,2,17d4ce1e68247e20b48538fc3d6e70f9-~1746520929771-~231561881,app-ios,1,1,/,2025/5/7 10:48,2025/5/7 23:25,0,NULL,
213582,25050706281344,231561881,1,已付款,2025/5/7 10:48,1746575777325,2.22,2,17d4ce1e68247e20b48538fc3d6e70f9-~1746575777325-~231561881,app-ios,74,0,待定,2025/5/7 10:48,2025/5/7 23:25,1,2025/5/7 11:04,
214260,25050706033444,231576604,0,已失效,2025/5/7 10:52,1746517178440,14.21,2,dd391ccef6b13960d42d394c8934fc97-~1746517178440-~231576604,app-android,297.48,0,待定,2025/5/7 10:53,2025/5/7 23:25,1,2025/5/7 11:09,
214305,25050701082124,231576604,1,已付款,2025/5/7 10:53,1746517178440,7.6,2,dd391ccef6b13960d42d394c8934fc97-~1746517178440-~231576604,app-android,253.45,0,待定,2025/5/7 10:53,2025/5/7 23:25,1,2025/5/7 11:10,
214320,25050756019012,231576604,1,已付款,2025/5/7 10:53,1746517178440,6.6,2,dd391ccef6b13960d42d394c8934fc97-~1746517178440-~231576604,app-android,44.03,0,待定,2025/5/7 10:53,2025/5/7 23:25,1,2025/5/7 11:10,
214562,25050793081533,231561881,1,已付款,2025/5/7 10:55,1746576452809,2.38,2,17d4ce1e68247e20b48538fc3d6e70f9-~1746576452809-~231561881,app-ios,29.34,0,待定,2025/5/7 10:55,2025/5/7 23:25,1,2025/5/7 11:12,
214728,25050709539552,231576604,1,已付款,2025/5/7 10:55,1746541833397,0.18,2,dd391ccef6b13960d42d394c8934fc97-~1746541833397-~231576604,app-android,6,0,待定,2025/5/7 10:55,2025/5/7 23:25,1,2025/5/7 11:12,
214953,25050706904673,231576604,1,已付款,2025/5/7 10:57,1746585626710,11.62,2,dd391ccef6b13960d42d394c8934fc97-~1746585626710-~231576604,app-android,166,0,待定,2025/5/7 10:57,2025/5/7 23:25,1,2025/5/7 11:14,
214990,25050724342188,231576604,1,已付款,2025/5/7 10:57,1746526703417,0,2,dd391ccef6b13960d42d394c8934fc97-~1746526703417-~231576604,app-android,159,1,/,2025/5/7 10:58,2025/5/7 23:25,0,NULL,
215406,25050755537112,231561881,1,已付款,2025/5/7 11:00,1746584346677,0,2,17d4ce1e68247e20b48538fc3d6e70f9-~1746584346677-~231561881,app-ios,347,1,/,2025/5/7 11:01,2025/5/7 23:25,0,NULL,
216175,25050710978005,231561881,1,已付款,2025/5/7 11:03,1746538887537,0.99,2,17d4ce1e68247e20b48538fc3d6e70f9-~1746538887537-~231561881,app-ios,197.72,0,待定,2025/5/7 11:07,2025/5/7 23:25,1,2025/5/7 11:20,
216437,25050708917152,231576604,1,已付款,2025/5/7 11:09,1746584968378,10.08,2,dd391ccef6b13960d42d394c8934fc97-~1746584968378-~231576604,app-android,144,0,待定,2025/5/7 11:09,2025/5/7 23:25,1,2025/5/7 11:26,
216676,25050715202963,231576604,1,已付款,2025/5/7 11:10,1746530315967,1.8,2,dd391ccef6b13960d42d394c8934fc97-~1746530315967-~231576604,app-android,59.9,0,待定,2025/5/7 11:10,2025/5/7 23:25,1,2025/5/7 11:27,
216688,25050700178024,231561881,1,已付款,2025/5/7 11:10,1746582015187,22.87,2,17d4ce1e68247e20b48538fc3d6e70f9-~1746582015187-~231561881,app-ios,576.46,0,待定,2025/5/7 11:10,2025/5/7 23:25,1,2025/5/7 11:27,
217001,25050792257733,231561881,1,已付款,2025/5/7 11:14,1746518271497,6.4,2,17d4ce1e68247e20b48538fc3d6e70f9-~1746518271497-~231561881,app-ios,91.39,0,待定,2025/5/7 11:14,2025/5/7 23:25,1,2025/5/7 11:31,
217335,25050705007044,231561881,1,已付款,2025/5/7 11:16,1746520206509,14.63,2,17d4ce1e68247e20b48538fc3d6e70f9-~1746520206509-~231561881,app-ios,169.91,0,待定,2025/5/7 11:16,2025/5/7 23:25,1,2025/5/7 11:33,
217359,25050705177844,231561881,1,已付款,2025/5/7 11:16,1746578284525,3.78,2,17d4ce1e68247e20b48538fc3d6e70f9-~1746578284525-~231561881,app-ios,126,0,待定,2025/5/7 11:17,2025/5/7 23:25,1,2025/5/7 11:33,
217488,25050705736173,231576604,1,已付款,2025/5/7 11:18,1746541266428,0,2,dd391ccef6b13960d42d394c8934fc97-~1746541266428-~231576604,app-android,190.8,1,/,2025/5/7 11:18,2025/5/7 23:25,0,NULL,
217519,25050700022324,231561881,1,已付款,2025/5/7 11:18,1746574155063,4.2,2,17d4ce1e68247e20b48538fc3d6e70f9-~1746574155063-~231561881,app-ios,84,0,待定,2025/5/7 11:19,2025/5/7 23:25,1,2025/5/7 11:35,
217615,25050710432605,231576604,1,已付款,2025/5/7 11:20,1746526113657,0.52,2,dd391ccef6b13960d42d394c8934fc97-~1746526113657-~231576604,app-android,17.23,0,待定,2025/5/7 11:20,2025/5/7 23:25,1,2025/5/7 11:37,
218647,25050799372523,231561881,1,已付款,2025/5/7 11:29,1746582370634,3.23,2,17d4ce1e68247e20b48538fc3d6e70f9-~1746582370634-~231561881,app-ios,26.9,0,待定,2025/5/7 11:30,2025/5/7 23:25,1,2025/5/7 11:46,
218905,25050722984688,231561881,1,已付款,2025/5/7 11:31,1746575504796,0,2,17d4ce1e68247e20b48538fc3d6e70f9-~1746575504796-~231561881,app-ios,63,1,/,2025/5/7 11:31,2025/5/7 23:25,0,NULL,
219399,25050713940263,231561881,0,已失效,2025/5/7 11:36,1746541370264,0.35,2,17d4ce1e68247e20b48538fc3d6e70f9-~1746541370264-~231561881,app-ios,11.64,0,待定,2025/5/7 11:37,2025/5/7 23:25,1,2025/5/7 11:53,
219533,25050730660687,231576604,1,已付款,2025/5/7 11:39,1746517158647,0,2,dd391ccef6b13960d42d394c8934fc97-~1746517158647-~231576604,app-android,390.22,1,/,2025/5/7 11:39,2025/5/7 23:25,0,NULL,
219851,25050730825487,231576604,1,已付款,2025/5/7 11:42,1746530460683,0,2,dd391ccef6b13960d42d394c8934fc97-~1746530460683-~231576604,app-android,32.75,1,/,2025/5/7 11:42,2025/5/7 23:25,0,NULL,
219929,25050730768087,231576604,0,已失效,2025/5/7 11:43,1746572238194,5.37,2,dd391ccef6b13960d42d394c8934fc97-~1746572238194-~231576604,app-android,179,0,待定,2025/5/7 11:43,2025/5/7 23:25,1,2025/5/7 12:00,
219974,25050705010373,231561881,1,已付款,2025/5/7 11:44,1746547519007,0.23,2,17d4ce1e68247e20b48538fc3d6e70f9-~1746547519007-~231561881,app-ios,23.48,0,待定,2025/5/7 11:44,2025/5/7 23:25,1,2025/5/7 12:01,
219987,25050790920633,231576604,1,已付款,2025/5/7 11:44,1746540492117,0.6,2,dd391ccef6b13960d42d394c8934fc97-~1746540492117-~231576604,app-android,20,0,待定,2025/5/7 11:45,2025/5/7 23:25,1,2025/5/7 12:01,
220231,25050798992823,231576604,1,已付款,2025/5/7 11:45,1746589134321,0.22,2,dd391ccef6b13960d42d394c8934fc97-~1746589134321-~231576604,app-android,21.5,0,待定,2025/5/7 11:46,2025/5/7 23:25,1,2025/5/7 12:02,
220239,25050713826863,231561881,1,已付款,2025/5/7 11:45,1746589210236,2.09,2,17d4ce1e68247e20b48538fc3d6e70f9-~1746589210236-~231561881,app-ios,41.8,0,待定,2025/5/7 11:46,2025/5/7 23:25,1,2025/5/7 12:02,
220258,25050730474687,231561881,0,已失效,2025/5/7 11:46,1746588055882,17.82,2,17d4ce1e68247e20b48538fc3d6e70f9-~1746588055882-~231561881,app-ios,99,0,待定,2025/5/7 11:46,2025/5/7 23:25,1,2025/5/7 12:03,
220336,25050717786673,231561881,1,已付款,2025/5/7 11:47,1746578667764,0,2,17d4ce1e68247e20b48538fc3d6e70f9-~1746578667764-~231561881,app-ios,85.87,1,/,2025/5/7 11:47,2025/5/7 23:25,0,NULL,
220357,25050717938973,231576604,1,已付款,2025/5/7 11:47,1746572238194,1.69,2,dd391ccef6b13960d42d394c8934fc97-~1746572238194-~231576604,app-android,169,0,待定,2025/5/7 11:48,2025/5/7 23:25,1,2025/5/7 12:04,
220944,25050717746873,231576604,1,已付款,2025/5/7 11:54,1746533526713,1.23,2,dd391ccef6b13960d42d394c8934fc97-~1746533526713-~231576604,app-android,245.48,0,待定,2025/5/7 11:54,2025/5/7 23:25,1,2025/5/7 12:10,
220946,25050753635512,231561881,1,已付款,2025/5/7 11:54,1746587534584,34.73,2,17d4ce1e68247e20b48538fc3d6e70f9-~1746587534584-~231561881,app-ios,496.1,0,待定,2025/5/7 11:54,2025/5/7 23:25,1,2025/5/7 12:10,
221313,25050753339312,231576604,1,已付款,2025/5/7 11:57,1746580401552,22.8,2,dd391ccef6b13960d42d394c8934fc97-~1746580401552-~231576604,app-android,190,0,待定,2025/5/7 11:57,2025/5/7 23:25,1,2025/5/7 12:13,
221702,25050708959105,231561881,1,已付款,2025/5/7 12:01,1746589675876,28.12,2,17d4ce1e68247e20b48538fc3d6e70f9-~1746589675876-~231561881,app-ios,478,0,待定,2025/5/7 12:01,2025/5/7 23:25,1,2025/5/7 12:18,
221740,25050753385812,231561881,1,已付款,2025/5/7 12:02,1746589675876,3.64,2,17d4ce1e68247e20b48538fc3d6e70f9-~1746589675876-~231561881,app-ios,364,0,待定,2025/5/7 12:02,2025/5/7 23:25,1,2025/5/7 12:19,
221907,25050713242863,231576604,1,已付款,2025/5/7 12:05,1746543313607,1.11,2,dd391ccef6b13960d42d394c8934fc97-~1746543313607-~231576604,app-android,37,0,待定,2025/5/7 12:05,2025/5/7 23:25,1,2025/5/7 12:21,
222728,25050711284043,231561881,1,已付款,2025/5/7 12:13,1746567770547,1.17,2,17d4ce1e68247e20b48538fc3d6e70f9-~1746567770547-~231561881,app-ios,38.9,0,待定,2025/5/7 12:13,2025/5/7 23:25,1,2025/5/7 12:29,
223443,25050797693623,231561881,1,已付款,2025/5/7 12:18,1746546506600,0.31,2,17d4ce1e68247e20b48538fc3d6e70f9-~1746546506600-~231561881,app-android,15.7,0,待定,2025/5/7 12:21,2025/5/7 23:25,1,2025/5/7 12:35,
223809,25050708197905,231576604,1,已付款,2025/5/7 12:25,1746540246144,8.8,2,dd391ccef6b13960d42d394c8934fc97-~1746540246144-~231576604,app-android,125.7,0,待定,2025/5/7 12:25,2025/5/7 23:25,1,2025/5/7 12:42,
223839,25050729406187,231561881,0,已失效,2025/5/7 12:26,1746569609452,7.28,2,17d4ce1e68247e20b48538fc3d6e70f9-~1746569609452-~231561881,app-ios,104,0,待定,2025/5/7 12:26,2025/5/7 23:25,1,2025/5/7 12:43,
223960,25050710995743,231561881,1,已付款,2025/5/7 12:29,1746584856674,0,2,17d4ce1e68247e20b48538fc3d6e70f9-~1746584856674-~231561881,app-ios,89,1,/,2025/5/7 12:29,2025/5/7 23:25,0,NULL,
224245,25050729042187,231561881,1,已付款,2025/5/7 12:30,1746591868204,3.9,2,17d4ce1e68247e20b48538fc3d6e70f9-~1746591868204-~231561881,app-ios,156,0,待定,2025/5/7 12:31,2025/5/7 23:25,1,2025/5/7 12:47,
224689,25050712191763,231561881,1,已付款,2025/5/7 12:36,1746591734680,0.8,2,17d4ce1e68247e20b48538fc3d6e70f9-~1746591734680-~231561881,app-ios,21,0,待定,2025/5/7 12:36,2025/5/7 23:25,1,2025/5/7 12:53,
224798,25050728900187,231561881,1,已付款,2025/5/7 12:39,1746570911344,1.25,2,17d4ce1e68247e20b48538fc3d6e70f9-~1746570911344-~231561881,app-ios,25,0,待定,2025/5/7 12:39,2025/5/7 23:25,1,2025/5/7 12:56,
224924,25050765270512,231561881,0,已失效,2025/5/7 12:40,1746570786166,26.82,2,17d4ce1e68247e20b48538fc3d6e70f9-~1746570786166-~231561881,app-ios,383.1,0,待定,2025/5/7 12:40,2025/5/7 23:25,1,2025/5/7 12:57,
225088,25050765255112,231561881,1,已付款,2025/5/7 12:40,1746570786166,6.73,2,17d4ce1e68247e20b48538fc3d6e70f9-~1746570786166-~231561881,app-ios,96.1,0,待定,2025/5/7 12:40,2025/5/7 23:25,1,2025/5/7 12:57,
225089,25050710553543,231561881,1,已付款,2025/5/7 12:40,1746570786166,20.09,2,17d4ce1e68247e20b48538fc3d6e70f9-~1746570786166-~231561881,app-ios,287,0,待定,2025/5/7 12:40,2025/5/7 23:25,1,2025/5/7 12:57,
225194,25050718508352,231561881,1,已付款,2025/5/7 12:42,1746586140002,0.21,2,17d4ce1e68247e20b48538fc3d6e70f9-~1746586140002-~231561881,app-ios,42.9,0,待定,2025/5/7 12:42,2025/5/7 23:25,1,2025/5/7 12:59,
225520,25050728441087,231561881,0,已失效,2025/5/7 12:45,1746591118306,4.17,2,17d4ce1e68247e20b48538fc3d6e70f9-~1746591118306-~231561881,app-ios,139,0,待定,2025/5/7 12:46,2025/5/7 23:25,1,2025/5/7 13:02,
225673,25050718618252,231576604,1,已付款,2025/5/7 12:46,1746576673999,14.9,2,dd391ccef6b13960d42d394c8934fc97-~1746576673999-~231576604,app-android,149,0,待定,2025/5/7 12:49,2025/5/7 23:25,1,2025/5/7 13:02,
225919,25050764824012,231576604,1,已付款,2025/5/7 12:50,1746517997353,26.95,2,dd391ccef6b13960d42d394c8934fc97-~1746517997353-~231576604,app-android,385.04,0,待定,2025/5/7 12:50,2025/5/7 23:25,1,2025/5/7 13:07,
226020,25050715521073,231576604,0,已失效,2025/5/7 12:53,1746553583515,0,2,dd391ccef6b13960d42d394c8934fc97-~1746553583515-~231576604,app-android,57,1,/,2025/5/7 12:53,2025/5/7 23:25,0,NULL,
226062,25050709526324,231576604,1,已付款,2025/5/7 12:54,1746590937522,9.6,2,dd391ccef6b13960d42d394c8934fc97-~1746590937522-~231576604,app-android,96,0,待定,2025/5/7 12:54,2025/5/7 23:25,1,2025/5/7 13:11,
226371,25050709667424,231561881,1,已付款,2025/5/7 12:55,1746542229239,7.91,2,17d4ce1e68247e20b48538fc3d6e70f9-~1746542229239-~231561881,app-ios,87.9,0,待定,2025/5/7 12:56,2025/5/7 23:25,1,2025/5/7 13:11,
226435,25050764324612,231576604,1,已付款,2025/5/7 12:57,1746593725608,6.77,2,dd391ccef6b13960d42d394c8934fc97-~1746593725608-~231576604,app-android,96.78,0,待定,2025/5/7 12:57,2025/5/7 23:25,1,2025/5/7 20:52,
226747,25050715161904,231561881,1,已付款,2025/5/7 13:00,1746533199911,16.9,2,17d4ce1e68247e20b48538fc3d6e70f9-~1746533199911-~231561881,app-ios,338,0,待定,2025/5/7 13:00,2025/5/7 23:25,1,2025/5/7 13:17,
226764,25050701393434,231576604,1,已下单,2025/5/7 13:00,1746592213640,2.67,2,dd391ccef6b13960d42d394c8934fc97-~1746592213640-~231576604,app-android,38.2,0,待定,2025/5/7 13:01,2025/5/7 23:25,1,2025/5/7 13:17,
226867,25050709759243,231561881,1,已付款,2025/5/7 13:02,1746577687313,0,2,17d4ce1e68247e20b48538fc3d6e70f9-~1746577687313-~231561881,app-ios,114.5,1,/,2025/5/7 13:03,2025/5/7 23:25,0,NULL,
226899,25050727816287,231561881,1,已付款,2025/5/7 13:03,1746570786166,5.11,2,17d4ce1e68247e20b48538fc3d6e70f9-~1746570786166-~231561881,app-ios,73,0,待定,2025/5/7 13:04,2025/5/7 23:25,1,2025/5/7 13:20,
227234,25050717662652,231561881,1,已付款,2025/5/7 13:06,1746592076493,21.95,2,17d4ce1e68247e20b48538fc3d6e70f9-~1746592076493-~231561881,app-ios,313.7,0,待定,2025/5/7 13:06,2025/5/7 23:25,1,2025/5/7 13:23,
227324,25050717804452,231576604,1,已付款,2025/5/7 13:07,1746574946949,1.29,2,dd391ccef6b13960d42d394c8934fc97-~1746574946949-~231576604,app-android,25.84,0,待定,2025/5/7 13:08,2025/5/7 23:25,1,2025/5/7 13:24,
228612,25050714424404,231561881,1,已付款,2025/5/7 13:22,1746593617999,0,2,17d4ce1e68247e20b48538fc3d6e70f9-~1746593617999-~231561881,app-ios,227,1,/,2025/5/7 13:22,2025/5/7 23:25,0,NULL,
229519,25050700493934,231576604,1,已付款,2025/5/7 13:32,1746517997353,35.63,2,dd391ccef6b13960d42d394c8934fc97-~1746517997353-~231576604,app-android,509,0,待定,2025/5/7 13:33,2025/5/7 23:25,1,2025/5/7 13:49,
229573,25050714251773,231561881,1,已下单,2025/5/7 13:34,1746525280143,17.71,2,17d4ce1e68247e20b48538fc3d6e70f9-~1746525280143-~231561881,app-ios,253,0,待定,2025/5/7 13:34,2025/5/7 23:25,1,2025/5/7 13:51,
229872,25050726614987,231561881,1,已付款,2025/5/7 13:36,1746592076493,73.85,2,17d4ce1e68247e20b48538fc3d6e70f9-~1746592076493-~231561881,app-ios,588,0,待定,2025/5/7 13:36,2025/5/7 23:25,1,2025/5/7 13:52,
230325,25050762989312,231576604,1,已付款,2025/5/7 13:41,1746532141342,1.04,2,dd391ccef6b13960d42d394c8934fc97-~1746532141342-~231576604,app-android,104,0,待定,2025/5/7 13:41,2025/5/7 23:25,1,2025/5/7 13:58,
230784,25050799772333,231576604,1,已付款,2025/5/7 13:49,1746575787301,0,2,dd391ccef6b13960d42d394c8934fc97-~1746575787301-~231576604,app-android,134,1,/,2025/5/7 13:49,2025/5/7 23:25,0,NULL,
230790,25050762810112,231561881,1,已付款,2025/5/7 13:49,1746570911344,9.6,2,17d4ce1e68247e20b48538fc3d6e70f9-~1746570911344-~231561881,app-ios,320,0,待定,2025/5/7 13:49,2025/5/7 23:25,1,2025/5/7 14:05,
231501,25050716117552,231561881,1,已付款,2025/5/7 13:57,1746520105153,0.28,2,17d4ce1e68247e20b48538fc3d6e70f9-~1746520105153-~231561881,app-ios,2.75,0,待定,2025/5/7 13:57,2025/5/7 23:25,1,2025/5/7 14:13,
231514,25050799640633,231561881,1,已付款,2025/5/7 13:58,1746535691714,22.43,2,17d4ce1e68247e20b48538fc3d6e70f9-~1746535691714-~231561881,app-ios,271.2,0,待定,2025/5/7 13:58,2025/5/7 23:25,1,2025/5/7 14:15,
231550,25050707860843,231561881,1,已付款,2025/5/7 13:59,1746536586613,28.07,2,17d4ce1e68247e20b48538fc3d6e70f9-~1746536586613-~231561881,app-ios,401,0,待定,2025/5/7 13:59,2025/5/7 23:25,1,2025/5/7 14:16,
231818,25050722135063,231576604,1,已付款,2025/5/7 14:00,1746544585815,5.45,2,dd391ccef6b13960d42d394c8934fc97-~1746544585815-~231576604,app-android,109,0,待定,2025/5/7 14:01,2025/5/7 23:25,1,2025/5/7 14:17,
231862,25050713380473,231576604,1,已付款,2025/5/7 14:02,1746540293999,3.36,2,dd391ccef6b13960d42d394c8934fc97-~1746540293999-~231576604,app-android,48,0,待定,2025/5/7 14:02,2025/5/7 23:25,1,2025/5/7 14:19,
232201,25050799452233,231576604,1,已付款,2025/5/7 14:05,1746547283044,30.32,2,dd391ccef6b13960d42d394c8934fc97-~1746547283044-~231576604,app-android,379,0,待定,2025/5/7 14:06,2025/5/7 23:25,1,2025/5/7 14:22,
232202,25050715660552,231576604,1,已付款,2025/5/7 14:05,1746547283044,0,2,dd391ccef6b13960d42d394c8934fc97-~1746547283044-~231576604,app-android,0,0,待定,2025/5/7 14:06,2025/5/7 23:25,0,NULL,
232266,25050762205212,231576604,1,已付款,2025/5/7 14:08,1746577294291,0,2,dd391ccef6b13960d42d394c8934fc97-~1746577294291-~231576604,app-android,1,1,/,2025/5/7 14:08,2025/5/7 23:25,0,NULL,
232619,25050799187033,231576604,1,已付款,2025/5/7 14:12,1746586465470,0,2,dd391ccef6b13960d42d394c8934fc97-~1746586465470-~231576604,app-android,175,1,/,2025/5/7 14:12,2025/5/7 23:25,0,NULL,
232985,25050721822163,231561881,1,已付款,2025/5/7 14:16,1746532008675,41.34,2,17d4ce1e68247e20b48538fc3d6e70f9-~1746532008675-~231561881,app-ios,590.71,0,待定,2025/5/7 14:17,2025/5/7 23:25,1,2025/5/7 14:33,
233411,25050761499112,231576604,1,已付款,2025/5/7 14:22,1746526161410,2.54,2,dd391ccef6b13960d42d394c8934fc97-~1746526161410-~231576604,app-android,127,0,待定,2025/5/7 14:22,2025/5/7 23:25,1,2025/5/7 14:39,
233415,25050798657533,231561881,0,已失效,2025/5/7 14:22,1746585304565,0,2,17d4ce1e68247e20b48538fc3d6e70f9-~1746585304565-~231561881,app-ios,132,1,/,2025/5/7 14:23,2025/5/7 23:25,0,NULL,
233423,25050712267504,231561881,1,已付款,2025/5/7 14:23,1746585304565,0,2,17d4ce1e68247e20b48538fc3d6e70f9-~1746585304565-~231561881,app-ios,87.71,1,/,2025/5/7 14:23,2025/5/7 23:25,0,NULL,
233430,25050761526312,231561881,1,已付款,2025/5/7 14:23,1746585304565,0,2,17d4ce1e68247e20b48538fc3d6e70f9-~1746585304565-~231561881,app-ios,44.29,1,/,2025/5/7 14:23,2025/5/7 23:25,0,NULL,
233819,25050714986552,231561881,1,已付款,2025/5/7 14:26,1746576770769,9.04,2,17d4ce1e68247e20b48538fc3d6e70f9-~1746576770769-~231561881,app-ios,82.2,0,待定,2025/5/7 14:27,2025/5/7 23:25,1,2025/5/7 14:43,
233884,25050715129652,231561881,1,已付款,2025/5/7 14:28,1746591577448,5.13,2,17d4ce1e68247e20b48538fc3d6e70f9-~1746591577448-~231561881,app-ios,51.32,0,待定,2025/5/7 14:28,2025/5/7 23:25,1,2025/5/7 14:45,
233886,25050706566224,231576604,0,已失效,2025/5/7 14:28,1746584591518,10.29,2,dd391ccef6b13960d42d394c8934fc97-~1746584591518-~231576604,app-android,147,0,待定,2025/5/7 14:28,2025/5/7 23:25,1,2025/5/7 14:45,
234239,25050721353463,231561881,1,已付款,2025/5/7 14:31,1746591187688,2.95,5,17d4ce1e68247e20b48538fc3d6e70f9-~1746591187688-~231561881,app-ios,64,0,待定,2025/5/7 14:31,2025/5/7 23:25,1,2025/5/7 14:48,
234265,25050714838452,231561881,1,已付款,2025/5/7 14:31,1746532620641,3.76,2,17d4ce1e68247e20b48538fc3d6e70f9-~1746532620641-~231561881,app-ios,185.99,0,待定,2025/5/7 14:32,2025/5/7 23:25,1,2025/5/7 14:48,
234315,25050712164404,231561881,1,已付款,2025/5/7 14:32,1746572535803,5.12,2,17d4ce1e68247e20b48538fc3d6e70f9-~1746572535803-~231561881,app-ios,64,0,待定,2025/5/7 14:33,2025/5/7 23:25,1,2025/5/7 14:49,
234403,25050712113504,231561881,1,已付款,2025/5/7 14:34,1746534280139,5.16,2,17d4ce1e68247e20b48538fc3d6e70f9-~1746534280139-~231561881,app-ios,103.2,0,待定,2025/5/7 14:34,2025/5/7 23:25,1,2025/5/7 14:51,
234861,25050706386443,231561881,0,已失效,2025/5/7 14:38,1746534280139,7.78,2,17d4ce1e68247e20b48538fc3d6e70f9-~1746534280139-~231561881,app-ios,155.51,0,待定,2025/5/7 14:39,2025/5/7 23:25,1,2025/5/7 14:55,
235185,25050711914504,231576604,1,已付款,2025/5/7 14:40,1746576007675,0.35,2,dd391ccef6b13960d42d394c8934fc97-~1746576007675-~231576604,app-android,69.9,0,待定,2025/5/7 14:40,2025/5/7 23:25,1,2025/5/7 14:56,
235717,25050706118843,231576604,1,已付款,2025/5/7 14:46,1746532079770,0.41,2,dd391ccef6b13960d42d394c8934fc97-~1746532079770-~231576604,app-android,6.9,0,待定,2025/5/7 14:47,2025/5/7 23:25,1,2025/5/7 15:02,
236796,25050737322487,231576604,1,已付款,2025/5/7 14:59,1746547486590,17.1,2,dd391ccef6b13960d42d394c8934fc97-~1746547486590-~231576604,app-android,155.46,0,待定,2025/5/7 14:59,2025/5/7 23:25,1,2025/5/7 15:16,
237187,25050705573824,231576604,1,已付款,2025/5/7 14:59,1746517708578,61.34,2,dd391ccef6b13960d42d394c8934fc97-~1746517708578-~231576604,app-android,982,0,待定,2025/5/7 15:02,2025/5/7 23:25,1,2025/5/7 15:15,
237202,25050705704943,231576604,1,已付款,2025/5/7 14:59,1746113758310,0,2,dd391ccef6b13960d42d394c8934fc97-~1746113758310-~231576604,app-android,1049,1,/,2025/5/7 15:03,2025/5/7 23:25,0,NULL,
238093,25050797082433,231561881,1,已付款,2025/5/7 15:12,1746576817495,14.16,2,17d4ce1e68247e20b48538fc3d6e70f9-~1746576817495-~231561881,app-ios,280,0,待定,2025/5/7 15:12,2025/5/7 23:25,1,2025/5/7 15:29,
238119,25050705122424,231576604,1,已付款,2025/5/7 15:13,1746592213640,2.67,2,dd391ccef6b13960d42d394c8934fc97-~1746592213640-~231576604,app-android,38.2,0,待定,2025/5/7 15:13,2025/5/7 23:25,1,2025/5/7 15:30,
238169,25050736576887,231576604,1,已付款,2025/5/7 15:14,1746545230602,0,2,dd391ccef6b13960d42d394c8934fc97-~1746545230602-~231576604,app-android,1521,0,待定,2025/5/7 15:14,2025/5/7 23:25,0,NULL,
238181,25050724004973,231576604,1,已付款,2025/5/7 15:14,1746582011036,0.01,2,dd391ccef6b13960d42d394c8934fc97-~1746582011036-~231576604,app-android,2.19,0,待定,2025/5/7 15:14,2025/5/7 23:25,1,2025/5/7 15:31,
238413,25050797178133,231561881,1,已付款,2025/5/7 15:15,1746576817495,14.35,2,17d4ce1e68247e20b48538fc3d6e70f9-~1746576817495-~231561881,app-ios,205,0,待定,2025/5/7 15:15,2025/5/7 23:25,1,2025/5/7 15:32,
238576,25050724076073,231576604,1,已付款,2025/5/7 15:16,1746570607673,0.29,2,dd391ccef6b13960d42d394c8934fc97-~1746570607673-~231576604,app-android,28.56,0,待定,2025/5/7 15:17,2025/5/7 23:25,1,2025/5/7 15:33,
238637,25050796879133,231576604,1,已付款,2025/5/7 15:18,1746579240449,1.47,2,dd391ccef6b13960d42d394c8934fc97-~1746579240449-~231576604,app-android,49,0,待定,2025/5/7 15:18,2025/5/7 23:25,1,2025/5/7 15:35,
239219,25050713151652,231576604,1,已付款,2025/5/7 15:23,1746579145528,0,2,dd391ccef6b13960d42d394c8934fc97-~1746579145528-~231576604,app-android,171,1,/,2025/5/7 15:24,2025/5/7 23:25,0,NULL,
239320,25050759743812,231576604,1,已付款,2025/5/7 15:25,1746579256222,2.97,1,dd391ccef6b13960d42d394c8934fc97-~1746579256222-~231576604,app-android,99,0,待定,2025/5/7 15:25,2025/5/7 23:25,1,2025/5/7 15:42,
239610,25050719425863,231576604,1,已付款,2025/5/7 15:26,1746592357187,0,2,dd391ccef6b13960d42d394c8934fc97-~1746592357187-~231576604,app-android,574,1,/,2025/5/7 15:26,2025/5/7 23:25,0,NULL,
239650,25050710169204,231576604,1,已付款,2025/5/7 15:27,1746547283044,39.62,2,dd391ccef6b13960d42d394c8934fc97-~1746547283044-~231576604,app-android,566,0,待定,2025/5/7 15:27,2025/5/7 23:25,1,2025/5/7 15:44,
239687,25050736328587,231576604,1,已付款,2025/5/7 15:28,1746580600734,0.4,2,dd391ccef6b13960d42d394c8934fc97-~1746580600734-~231576604,app-android,80.4,0,待定,2025/5/7 15:28,2025/5/7 23:25,1,2025/5/7 15:45,
240150,25050726119252,231561881,1,已付款,2025/5/7 15:32,1746582299190,1.98,2,17d4ce1e68247e20b48538fc3d6e70f9-~1746582299190-~231561881,app-ios,19.8,0,待定,2025/5/7 15:32,2025/5/7 23:25,1,2025/5/7 15:49,
240172,25050736275287,231561881,1,已付款,2025/5/7 15:29,1746587192739,13.76,2,17d4ce1e68247e20b48538fc3d6e70f9-~1746587192739-~231561881,app-ios,373,0,待定,2025/5/7 15:33,2025/5/7 23:25,1,2025/5/7 15:45,
240634,25050719085563,231576604,1,已付款,2025/5/7 15:36,1746545230602,17.32,2,dd391ccef6b13960d42d394c8934fc97-~1746545230602-~231576604,app-android,545,0,待定,2025/5/7 15:37,2025/5/7 23:25,1,2025/5/7 15:53,
240756,25050736073087,231576604,1,已付款,2025/5/7 15:36,1746538317779,5.5,2,dd391ccef6b13960d42d394c8934fc97-~1746538317779-~231576604,app-android,55,0,待定,2025/5/7 15:39,2025/5/7 23:25,1,2025/5/7 15:53,
241176,25050735861787,231576604,1,已付款,2025/5/7 15:42,1746603341661,4.5,1,dd391ccef6b13960d42d394c8934fc97-~1746603341661-~231576604,app-android,56.19,0,待定,2025/5/7 15:42,2025/5/7 23:25,1,2025/5/7 15:59,
241180,25050717429943,231561881,1,已付款,2025/5/7 15:42,1746577878780,0,2,17d4ce1e68247e20b48538fc3d6e70f9-~1746577878780-~231561881,app-ios,130.73,1,/,2025/5/7 15:42,2025/5/7 23:25,0,NULL,
241654,25050718974463,231561881,1,已付款,2025/5/7 15:46,1746539555306,0,2,17d4ce1e68247e20b48538fc3d6e70f9-~1746539555306-~231561881,app-ios,759,1,/,2025/5/7 15:47,2025/5/7 23:25,0,NULL,
241658,25050722655004,231561881,1,已付款,2025/5/7 15:46,1746539555306,0,2,17d4ce1e68247e20b48538fc3d6e70f9-~1746539555306-~231561881,app-ios,1559,1,/,2025/5/7 15:47,2025/5/7 23:25,0,NULL,
241679,25050718969763,231561881,0,已失效,2025/5/7 15:46,1746539555306,0,2,17d4ce1e68247e20b48538fc3d6e70f9-~1746539555306-~231561881,app-ios,2318,1,/,2025/5/7 15:47,2025/5/7 23:25,0,NULL,
242920,25050708728434,231561881,1,已付款,2025/5/7 15:59,1746584486810,11.62,2,17d4ce1e68247e20b48538fc3d6e70f9-~1746584486810-~231561881,app-ios,166,0,待定,2025/5/7 15:59,2025/5/7 23:25,1,2025/5/7 16:16,
243250,25050703457424,231576604,1,已付款,2025/5/7 16:00,1746571296630,11.9,2,dd391ccef6b13960d42d394c8934fc97-~1746571296630-~231576604,app-android,170,0,待定,2025/5/7 16:00,2025/5/7 23:25,1,2025/5/7 16:16,
243412,25050722078604,231576604,1,已付款,2025/5/7 16:03,1746584949089,4.5,2,dd391ccef6b13960d42d394c8934fc97-~1746584949089-~231576604,app-android,900,0,待定,2025/5/7 16:04,2025/5/7 23:25,1,2025/5/7 16:20,
244444,25050721839104,231576604,1,已付款,2025/5/7 16:12,1746592506409,0.03,2,dd391ccef6b13960d42d394c8934fc97-~1746592506409-~231576604,app-android,6.57,0,待定,2025/5/7 16:13,2025/5/7 23:25,1,2025/5/7 16:29,
244509,25050708291234,231561881,1,已付款,2025/5/7 16:11,1746541103207,71.54,2,17d4ce1e68247e20b48538fc3d6e70f9-~1746541103207-~231561881,app-ios,1009,0,待定,2025/5/7 16:14,2025/5/7 23:25,1,2025/5/7 16:28,
244850,25050722259173,231576604,1,已付款,2025/5/7 16:15,1746525274186,0,2,dd391ccef6b13960d42d394c8934fc97-~1746525274186-~231576604,app-android,90.3,1,/,2025/5/7 16:16,2025/5/7 23:25,0,NULL,
244860,25050730955163,231561881,1,已付款,2025/5/7 16:16,1746576081642,3.11,2,17d4ce1e68247e20b48538fc3d6e70f9-~1746576081642-~231561881,app-ios,43.85,0,待定,2025/5/7 16:17,2025/5/7 23:25,1,2025/5/7 16:33,
244940,25050716515843,231576604,1,已付款,2025/5/7 16:18,1746572991308,0,2,dd391ccef6b13960d42d394c8934fc97-~1746572991308-~231576604,app-android,218.42,1,/,2025/5/7 16:18,2025/5/7 23:25,0,NULL,
244946,25050770881212,231576604,1,已付款,2025/5/7 16:18,1746604944051,0.96,2,dd391ccef6b13960d42d394c8934fc97-~1746604944051-~231576604,app-android,31.97,0,待定,2025/5/7 16:19,2025/5/7 23:25,1,2025/5/7 16:35,
244978,25050734569587,231561881,1,已付款,2025/5/7 16:19,1746605484780,10.08,5,17d4ce1e68247e20b48538fc3d6e70f9-~1746605484780-~231561881,app-ios,144,0,待定,2025/5/7 16:19,2025/5/7 23:25,1,2025/5/7 16:36,
246333,25050707690134,231561881,1,已付款,2025/5/7 16:31,1746577687313,0,2,17d4ce1e68247e20b48538fc3d6e70f9-~1746577687313-~231561881,app-ios,453.5,1,/,2025/5/7 16:31,2025/5/7 23:25,0,NULL,
246354,25050710914323,231561881,1,已付款,2025/5/7 16:31,1746591118306,4.17,5,17d4ce1e68247e20b48538fc3d6e70f9-~1746591118306-~231561881,app-ios,139,0,待定,2025/5/7 16:32,2025/5/7 23:25,1,2025/5/7 16:48,
246495,25050724043752,231576604,1,已付款,2025/5/7 16:34,1746553583515,0,2,dd391ccef6b13960d42d394c8934fc97-~1746553583515-~231576604,app-android,153.04,1,/,2025/5/7 16:35,2025/5/7 23:25,0,NULL,
246829,25050715754843,231576604,1,已付款,2025/5/7 16:36,1746604944051,1.13,2,dd391ccef6b13960d42d394c8934fc97-~1746604944051-~231576604,app-android,37.8,0,待定,2025/5/7 16:37,2025/5/7 23:25,1,2025/5/7 16:53,
246863,25050770588512,233476754,1,已付款,2025/5/7 16:37,1746604785162,0.01,2,17d4ce1e68247e20b48538fc3d6e70f9-~1746604785162-~233476754,app-ios,1,0,待定,2025/5/7 16:37,2025/5/7 23:25,1,2025/5/7 17:37,
246878,25050715880043,231576604,1,已付款,2025/5/7 16:37,1746564454408,0.05,2,dd391ccef6b13960d42d394c8934fc97-~1746564454408-~231576604,app-android,1,0,待定,2025/5/7 16:38,2025/5/7 23:25,1,2025/5/7 16:54,
247375,25050770365612,231576604,1,已付款,2025/5/7 16:43,1746531448713,5.02,2,dd391ccef6b13960d42d394c8934fc97-~1746531448713-~231576604,app-android,144.34,0,待定,2025/5/7 16:43,2025/5/7 23:25,1,2025/5/7 17:00,
248422,25050770008812,231561881,1,已付款,2025/5/7 16:55,1746607660016,9.18,2,17d4ce1e68247e20b48538fc3d6e70f9-~1746607660016-~231561881,app-ios,305.9,0,待定,2025/5/7 16:55,2025/5/7 23:25,1,2025/5/7 17:12,
248678,25050769991412,231561881,1,已付款,2025/5/7 16:55,1746521443996,0,2,17d4ce1e68247e20b48538fc3d6e70f9-~1746521443996-~231561881,app-ios,396.95,1,/,2025/5/7 16:55,2025/5/7 23:25,0,NULL,
248717,25050709987923,231576604,1,已付款,2025/5/7 16:56,1746530059738,0.46,2,dd391ccef6b13960d42d394c8934fc97-~1746530059738-~231576604,app-android,45.66,0,待定,2025/5/7 16:56,2025/5/7 23:25,1,2025/5/7 17:13,
249233,25050715230343,231561881,1,已付款,2025/5/7 17:02,1746543645037,1.92,2,17d4ce1e68247e20b48538fc3d6e70f9-~1746543645037-~231561881,app-ios,192.12,0,待定,2025/5/7 17:02,2025/5/7 23:25,1,2025/5/7 17:19,
249849,25050706766734,231561881,1,已付款,2025/5/7 17:10,1746607151000,0.71,2,17d4ce1e68247e20b48538fc3d6e70f9-~1746607151000-~231561881,app-ios,32.7,0,待定,2025/5/7 17:10,2025/5/7 23:25,1,2025/5/7 17:26,
250188,25050706495634,231561881,1,已付款,2025/5/7 17:12,1746538292877,19.88,2,17d4ce1e68247e20b48538fc3d6e70f9-~1746538292877-~231561881,app-ios,284,0,待定,2025/5/7 17:12,2025/5/7 23:25,1,2025/5/7 17:29,
250670,25050769425312,231561881,1,已付款,2025/5/7 17:17,1746546072731,0.63,2,17d4ce1e68247e20b48538fc3d6e70f9-~1746546072731-~231561881,app-ios,21,0,待定,2025/5/7 17:18,2025/5/7 23:25,1,2025/5/7 17:34,
250680,25050720065904,231561881,1,已付款,2025/5/7 17:18,1746608784858,1.49,2,17d4ce1e68247e20b48538fc3d6e70f9-~1746608784858-~231561881,app-ios,149,0,待定,2025/5/7 17:18,2025/5/7 23:25,1,2025/5/7 17:35,
250687,25050706552134,231561881,1,已付款,2025/5/7 17:18,1746608784858,48.44,2,17d4ce1e68247e20b48538fc3d6e70f9-~1746608784858-~231561881,app-ios,692,0,待定,2025/5/7 17:18,2025/5/7 23:25,1,2025/5/7 17:35,
251022,25050722916752,231561881,1,已付款,2025/5/7 17:20,1746608375830,0,2,17d4ce1e68247e20b48538fc3d6e70f9-~1746608375830-~231561881,app-ios,55,1,/,2025/5/7 17:20,2025/5/7 23:25,0,NULL,
251069,25050732707787,231576604,1,已付款,2025/5/7 17:21,1746609522652,5.04,2,dd391ccef6b13960d42d394c8934fc97-~1746609522652-~231576604,app-android,72,0,待定,2025/5/7 17:21,2025/5/7 23:25,1,2025/5/7 17:38,
251571,25050709205623,231576604,1,已付款,2025/5/7 17:26,1746603585545,5.81,2,dd391ccef6b13960d42d394c8934fc97-~1746603585545-~231576604,app-android,83.02,0,待定,2025/5/7 17:26,2025/5/7 23:25,1,2025/5/7 17:43,
252072,25050706192134,231561881,1,已付款,2025/5/7 17:31,1746532620641,14.7,2,17d4ce1e68247e20b48538fc3d6e70f9-~1746532620641-~231561881,app-ios,210,0,待定,2025/5/7 17:31,2025/5/7 23:25,1,2025/5/7 17:48,
252131,25050719857573,231561881,0,已失效,2025/5/7 17:32,1746605484780,17.01,2,17d4ce1e68247e20b48538fc3d6e70f9-~1746605484780-~231561881,app-ios,243,0,待定,2025/5/7 17:33,2025/5/7 23:25,1,2025/5/7 17:49,
252560,25050728633463,231576604,1,已付款,2025/5/7 17:36,1746610154739,0.73,2,dd391ccef6b13960d42d394c8934fc97-~1746610154739-~231576604,app-android,72.92,0,待定,2025/5/7 17:36,2025/5/7 23:25,1,2025/5/7 22:18,
252564,25050709112723,231576604,0,已失效,2025/5/7 17:36,1746610154739,24.37,2,dd391ccef6b13960d42d394c8934fc97-~1746610154739-~231576604,app-android,311.7,0,待定,2025/5/7 17:36,2025/5/7 23:25,1,2025/5/7 22:18,
252574,25050722445352,231576604,1,已付款,2025/5/7 17:36,1746610154739,23.64,2,dd391ccef6b13960d42d394c8934fc97-~1746610154739-~231576604,app-android,238.78,0,待定,2025/5/7 17:36,2025/5/7 23:25,1,2025/5/7 22:18,
252581,25050732289787,231561881,0,已失效,2025/5/7 17:37,1746543835441,0,2,17d4ce1e68247e20b48538fc3d6e70f9-~1746543835441-~231561881,app-ios,286,1,/,2025/5/7 17:37,2025/5/7 23:25,0,NULL,
252613,25050705838734,231561881,1,已付款,2025/5/7 17:37,1746543835441,0,2,17d4ce1e68247e20b48538fc3d6e70f9-~1746543835441-~231561881,app-ios,161,1,/,2025/5/7 17:37,2025/5/7 23:25,0,NULL,
252624,25050722426852,231561881,1,已付款,2025/5/7 17:37,1746543835441,0,2,17d4ce1e68247e20b48538fc3d6e70f9-~1746543835441-~231561881,app-ios,125,1,/,2025/5/7 17:37,2025/5/7 23:25,0,NULL,
252674,25050719518004,233476754,1,已付款,2025/5/7 17:39,1746607150119,3.5,2,17d4ce1e68247e20b48538fc3d6e70f9-~1746607150119-~233476754,app-ios,116.59,0,待定,2025/5/7 17:39,2025/5/7 23:25,1,2025/5/7 17:56,
253652,25050714055243,231561881,1,已付款,2025/5/7 17:46,1746609045091,0.7,2,17d4ce1e68247e20b48538fc3d6e70f9-~1746609045091-~231561881,app-ios,69.9,0,待定,2025/5/7 17:47,2025/5/7 23:25,1,2025/5/7 18:03,
253667,25050713993843,231561881,1,已付款,2025/5/7 17:47,1746609098476,0.02,2,17d4ce1e68247e20b48538fc3d6e70f9-~1746609098476-~231561881,app-ios,8.5,0,待定,2025/5/7 17:47,2025/5/7 23:25,1,2025/5/7 18:04,
254828,25050708349623,231561881,1,已付款,2025/5/7 17:59,1746605285051,3.13,2,17d4ce1e68247e20b48538fc3d6e70f9-~1746605285051-~231561881,app-ios,26.1,0,待定,2025/5/7 17:59,2025/5/7 23:25,1,2025/5/7 18:16,
254854,25050768345812,231561881,0,已失效,2025/5/7 17:59,1746587380254,3.92,2,17d4ce1e68247e20b48538fc3d6e70f9-~1746587380254-~231561881,app-ios,196,0,待定,2025/5/7 17:59,2025/5/7 23:25,1,2025/5/7 18:16,
254863,25050708387723,231561881,1,已付款,2025/5/7 17:59,1746574282056,7.85,2,17d4ce1e68247e20b48538fc3d6e70f9-~1746574282056-~231561881,app-ios,261.65,0,待定,2025/5/7 17:59,2025/5/7 23:25,1,2025/5/7 18:16,
255840,25050768112312,231561881,1,已付款,2025/5/7 18:07,1746548478883,0.01,2,17d4ce1e68247e20b48538fc3d6e70f9-~1746548478883-~231561881,app-ios,1,0,待定,2025/5/7 18:07,2025/5/7 23:25,1,2025/5/7 18:24,
256363,25050731456687,231561881,0,已失效,2025/5/7 18:10,1746529293046,0,2,17d4ce1e68247e20b48538fc3d6e70f9-~1746529293046-~231561881,app-ios,364,1,/,2025/5/7 18:11,2025/5/7 23:25,0,NULL,
256384,25050705054834,231576604,1,已付款,2025/5/7 18:11,1746612136926,5.03,2,dd391ccef6b13960d42d394c8934fc97-~1746612136926-~231576604,app-android,105.67,0,待定,2025/5/7 18:11,2025/5/7 23:25,1,2025/5/7 18:28,
257505,25050767744012,231561881,1,已付款,2025/5/7 18:22,1746580550623,0,2,17d4ce1e68247e20b48538fc3d6e70f9-~1746580550623-~231561881,app-ios,51.1,0,待定,2025/5/7 18:22,2025/5/7 23:25,0,NULL,
257536,25050704919734,231561881,1,已付款,2025/5/7 18:23,1746550562835,17.25,2,17d4ce1e68247e20b48538fc3d6e70f9-~1746550562835-~231561881,app-ios,345,0,待定,2025/5/7 18:23,2025/5/7 23:25,1,2025/5/7 18:40,
258052,25050767402812,231561881,1,已付款,2025/5/7 18:28,1746540675049,0.15,2,17d4ce1e68247e20b48538fc3d6e70f9-~1746540675049-~231561881,app-ios,29.6,0,待定,2025/5/7 18:28,2025/5/7 23:25,1,2025/5/7 18:45,
258469,25050718453873,231576604,1,已付款,2025/5/7 18:30,1746577385502,0,2,dd391ccef6b13960d42d394c8934fc97-~1746577385502-~231576604,app-android,68,1,/,2025/5/7 18:30,2025/5/7 23:25,0,NULL,
258574,25050767488712,231561881,1,已付款,2025/5/7 18:33,1746537271642,2.61,2,17d4ce1e68247e20b48538fc3d6e70f9-~1746537271642-~231561881,app-ios,86.92,0,待定,2025/5/7 18:33,2025/5/7 23:25,1,2025/5/7 18:50,
258596,25050718257604,231561881,1,已付款,2025/5/7 18:33,1746604258183,2.31,5,17d4ce1e68247e20b48538fc3d6e70f9-~1746604258183-~231561881,app-ios,82,0,待定,2025/5/7 18:34,2025/5/7 23:25,1,2025/5/7 18:50,
259070,25050717937104,231576604,1,已付款,2025/5/7 18:37,1746588152165,5.45,2,dd391ccef6b13960d42d394c8934fc97-~1746588152165-~231576604,app-android,36.3,0,待定,2025/5/7 18:38,2025/5/7 23:25,1,2025/5/7 18:54,
259167,25050718091804,231561881,0,已失效,2025/5/7 18:40,1746582370634,7.58,2,17d4ce1e68247e20b48538fc3d6e70f9-~1746582370634-~231561881,app-ios,92,0,待定,2025/5/7 18:40,2025/5/7 23:25,1,2025/5/7 18:57,
259475,25050707404723,231561881,1,已付款,2025/5/7 18:40,1746582370634,3.8,2,17d4ce1e68247e20b48538fc3d6e70f9-~1746582370634-~231561881,app-ios,38,0,待定,2025/5/7 18:40,2025/5/7 23:25,1,2025/5/7 18:57,
259485,25050730994887,231561881,1,已付款,2025/5/7 18:40,1746582370634,3.78,2,17d4ce1e68247e20b48538fc3d6e70f9-~1746582370634-~231561881,app-ios,54,0,待定,2025/5/7 18:40,2025/5/7 23:25,1,2025/5/7 18:57,
259504,25050704528934,231576604,1,已付款,2025/5/7 18:41,1746613529035,11.61,2,dd391ccef6b13960d42d394c8934fc97-~1746613529035-~231576604,app-android,153,0,待定,2025/5/7 18:41,2025/5/7 23:25,1,2025/5/7 19:00,
259563,25050743825887,231561881,0,已失效,2025/5/7 18:43,1746571091455,15.84,2,17d4ce1e68247e20b48538fc3d6e70f9-~1746571091455-~231561881,app-ios,656,0,待定,2025/5/7 18:43,2025/5/7 23:25,1,2025/5/7 19:00,
259602,25050717800004,231561881,1,已付款,2025/5/7 18:43,1746571091455,1.92,2,17d4ce1e68247e20b48538fc3d6e70f9-~1746571091455-~231561881,app-ios,192,0,待定,2025/5/7 18:43,2025/5/7 23:25,1,2025/5/7 19:00,
259604,25050717803104,231561881,1,已付款,2025/5/7 18:43,1746571091455,13.92,2,17d4ce1e68247e20b48538fc3d6e70f9-~1746571091455-~231561881,app-ios,464,0,待定,2025/5/7 18:43,2025/5/7 23:25,1,2025/5/7 19:00,
260100,25050707164723,231576604,1,已付款,2025/5/7 18:47,1746536684001,19.95,2,dd391ccef6b13960d42d394c8934fc97-~1746536684001-~231576604,app-android,285,0,待定,2025/5/7 18:48,2025/5/7 23:25,1,2025/5/7 19:04,
260102,25050704189234,231561881,1,已付款,2025/5/7 18:44,1746575201581,8.39,2,17d4ce1e68247e20b48538fc3d6e70f9-~1746575201581-~231561881,app-android,171.3,0,待定,2025/5/7 18:48,2025/5/7 23:25,1,2025/5/7 19:01,
260586,25050743564287,231576604,1,已付款,2025/5/7 18:51,1746579600805,4,2,dd391ccef6b13960d42d394c8934fc97-~1746579600805-~231576604,app-android,57.08,0,待定,2025/5/7 18:51,2025/5/7 23:25,1,2025/5/7 19:08,
261156,25050706984223,231561881,1,已付款,2025/5/7 18:56,1746589115358,0,2,17d4ce1e68247e20b48538fc3d6e70f9-~1746589115358-~231561881,app-ios,1,1,/,2025/5/7 18:56,2025/5/7 23:25,0,NULL,
261817,25050703880434,231576604,1,已付款,2025/5/7 19:03,1746568513221,0,2,dd391ccef6b13960d42d394c8934fc97-~1746568513221-~231576604,app-android,32.4,1,/,2025/5/7 19:04,2025/5/7 23:25,0,NULL,
262392,25050706821223,231576604,1,已付款,2025/5/7 19:08,1746579837952,0,2,dd391ccef6b13960d42d394c8934fc97-~1746579837952-~231576604,app-android,79,1,/,2025/5/7 19:09,2025/5/7 23:25,0,NULL,
263505,25050711505743,231576604,1,已付款,2025/5/7 19:18,1746576489705,0,2,dd391ccef6b13960d42d394c8934fc97-~1746576489705-~231576604,app-android,152.9,1,/,2025/5/7 19:19,2025/5/7 23:25,0,NULL,
265092,25050742666287,231576604,1,已付款,2025/5/7 19:32,1746585896540,0,2,dd391ccef6b13960d42d394c8934fc97-~1746585896540-~231576604,app-android,40.99,1,/,2025/5/7 19:32,2025/5/7 23:25,0,NULL,
265209,25050705922823,231576604,1,已付款,2025/5/7 19:34,1746617638818,3.61,2,dd391ccef6b13960d42d394c8934fc97-~1746617638818-~231576604,app-android,80,0,待定,2025/5/7 19:35,2025/5/7 23:25,1,2025/5/7 19:56,
265586,25050725585463,231561881,1,已下单,2025/5/7 19:36,1746541370264,0.56,2,17d4ce1e68247e20b48538fc3d6e70f9-~1746541370264-~231561881,app-ios,18.6,0,待定,2025/5/7 19:36,2025/5/7 23:25,1,2025/5/7 19:53,
265607,25050742366387,231576604,1,已付款,2025/5/7 19:33,1746572910625,0.08,2,dd391ccef6b13960d42d394c8934fc97-~1746572910625-~231576604,app-android,15.31,0,待定,2025/5/7 19:37,2025/5/7 23:25,1,2025/5/7 19:50,
266106,25050729800773,231561881,1,已付款,2025/5/7 19:40,1746591416980,0,2,17d4ce1e68247e20b48538fc3d6e70f9-~1746591416980-~231561881,app-ios,169,1,/,2025/5/7 19:40,2025/5/7 23:25,0,NULL,
266615,25050742236887,231576604,1,已付款,2025/5/7 19:46,1746532796268,0.71,2,dd391ccef6b13960d42d394c8934fc97-~1746532796268-~231576604,app-android,71,0,待定,2025/5/7 19:46,2025/5/7 23:25,1,2025/5/7 20:03,
266629,25050778541212,231576604,1,已付款,2025/5/7 19:46,1746617960511,3.08,2,dd391ccef6b13960d42d394c8934fc97-~1746617960511-~231576604,app-android,102.7,0,待定,2025/5/7 19:46,2025/5/7 23:25,1,2025/5/7 20:03,
266637,25050778470412,231561881,0,已失效,2025/5/7 19:43,1746581793754,0.79,2,17d4ce1e68247e20b48538fc3d6e70f9-~1746581793754-~231561881,app-ios,84,0,待定,2025/5/7 19:46,2025/5/7 23:25,1,2025/5/7 20:00,
266672,25050705483523,231576604,1,已付款,2025/5/7 19:48,1746547176689,0.92,2,dd391ccef6b13960d42d394c8934fc97-~1746547176689-~231576604,app-android,30.79,0,待定,2025/5/7 19:48,2025/5/7 23:25,1,2025/5/7 20:04,
266993,25050725303163,231561881,1,已付款,2025/5/7 19:50,1746549335202,0.29,2,17d4ce1e68247e20b48538fc3d6e70f9-~1746549335202-~231561881,app-ios,29,0,待定,2025/5/7 19:50,2025/5/7 23:25,1,2025/5/7 20:07,
267126,25050729315073,233460954,1,已下单,2025/5/7 19:51,1746585768488,0,2,dd391ccef6b13960d42d394c8934fc97-~1746585768488-~233460954,app-android,276,1,/,2025/5/7 19:51,2025/5/7 23:25,0,NULL,
267151,25050705509523,231561881,0,已失效,2025/5/7 19:48,1746581793754,1.19,2,17d4ce1e68247e20b48538fc3d6e70f9-~1746581793754-~231561881,app-ios,119,0,待定,2025/5/7 19:52,2025/5/7 23:25,1,2025/5/7 20:05,
267238,25050741776987,231576604,0,已失效,2025/5/7 19:54,1746608272112,98.89,2,dd391ccef6b13960d42d394c8934fc97-~1746608272112-~231576604,app-android,2473,0,待定,2025/5/7 19:54,2025/5/7 23:25,1,2025/5/7 20:11,
267637,25050728815704,231576604,1,已付款,2025/5/7 19:55,1746608272112,86.52,2,dd391ccef6b13960d42d394c8934fc97-~1746608272112-~231576604,app-android,1236,0,待定,2025/5/7 19:55,2025/5/7 23:25,1,2025/5/7 20:12,
267649,25050723658243,231576604,1,已付款,2025/5/7 19:55,1746608272112,12.37,2,dd391ccef6b13960d42d394c8934fc97-~1746608272112-~231576604,app-android,1237,0,待定,2025/5/7 19:55,2025/5/7 23:25,1,2025/5/7 20:12,
267767,25050728918504,233460954,1,已付款,2025/5/7 19:58,1746585398874,0,2,dd391ccef6b13960d42d394c8934fc97-~1746585398874-~233460954,app-android,21.1,1,/,2025/5/7 19:58,2025/5/7 23:25,0,NULL,
267809,25050728886504,231576604,1,已付款,2025/5/7 19:59,1746614358724,4.7,2,dd391ccef6b13960d42d394c8934fc97-~1746614358724-~231576604,app-android,47,0,待定,2025/5/7 19:59,2025/5/7 23:25,1,2025/5/7 20:16,
267990,25050710234833,231576604,1,已付款,2025/5/7 20:00,1746572179600,1.44,2,dd391ccef6b13960d42d394c8934fc97-~1746572179600-~231576604,app-android,24,0,待定,2025/5/7 20:00,2025/5/7 23:25,1,2025/5/7 20:17,
267999,25050728903204,231561881,1,已付款,2025/5/7 20:00,1746619069173,0.72,2,17d4ce1e68247e20b48538fc3d6e70f9-~1746619069173-~231561881,app-ios,23.9,0,待定,2025/5/7 20:00,2025/5/7 23:25,1,2025/5/7 20:17,
268252,25050731641952,231576604,1,已付款,2025/5/7 20:01,1746615177724,0,2,dd391ccef6b13960d42d394c8934fc97-~1746615177724-~231576604,app-android,166.99,1,/,2025/5/7 20:01,2025/5/7 23:25,0,NULL,
268983,25050723195243,233498046,1,已付款,2025/5/7 20:09,1746619152467,3.99,2,17d4ce1e68247e20b48538fc3d6e70f9-~1746619152467-~233498046,app-ios,164.85,0,待定,2025/5/7 20:09,2025/5/7 23:53,1,2025/5/7 23:53,
268984,25050777792712,231576604,1,已付款,2025/5/7 20:09,1746604072479,0.53,2,dd391ccef6b13960d42d394c8934fc97-~1746604072479-~231576604,app-android,106.52,0,待定,2025/5/7 20:09,2025/5/7 23:25,1,2025/5/7 20:26,
269041,25050728630473,231561881,1,已付款,2025/5/7 20:10,1746618499822,8.28,2,17d4ce1e68247e20b48538fc3d6e70f9-~1746618499822-~231561881,app-ios,276,0,待定,2025/5/7 20:10,2025/5/7 23:25,1,2025/5/7 20:27,
269390,25050723216943,231576604,1,已付款,2025/5/7 20:10,1746570780111,8.15,2,dd391ccef6b13960d42d394c8934fc97-~1746570780111-~231576604,app-android,97,0,待定,2025/5/7 20:10,2025/5/7 23:25,1,2025/5/7 20:27,
269436,25050731307452,231576604,1,已付款,2025/5/7 20:11,1746610154739,2.46,2,dd391ccef6b13960d42d394c8934fc97-~1746610154739-~231576604,app-android,246.09,0,待定,2025/5/7 20:11,2025/5/7 23:25,1,2025/5/7 22:18,
269458,25050722969443,233460954,1,已付款,2025/5/7 20:11,1746585398874,0,2,dd391ccef6b13960d42d394c8934fc97-~1746585398874-~233460954,app-android,24,1,/,2025/5/7 20:11,2025/5/7 23:25,0,NULL,
269506,25050728502504,231561881,0,已失效,2025/5/7 20:12,1746615548783,26.18,2,17d4ce1e68247e20b48538fc3d6e70f9-~1746615548783-~231561881,app-ios,374,0,待定,2025/5/7 20:12,2025/5/7 23:25,1,2025/5/7 20:29,
271521,25050709491633,231561881,1,已付款,2025/5/7 20:29,1746606200873,9.6,2,17d4ce1e68247e20b48538fc3d6e70f9-~1746606200873-~231561881,app-ios,96,0,待定,2025/5/7 20:29,2025/5/7 23:25,1,2025/5/7 20:46,
272111,25050709258233,231561881,1,已付款,2025/5/7 20:30,1746589284185,1.42,2,17d4ce1e68247e20b48538fc3d6e70f9-~1746589284185-~231561881,app-ios,28.4,0,待定,2025/5/7 20:34,2025/5/7 23:25,1,2025/5/7 20:47,
272833,25050776703312,231576604,1,已付款,2025/5/7 20:39,1746575161042,19.63,2,dd391ccef6b13960d42d394c8934fc97-~1746575161042-~231576604,app-android,392.7,0,待定,2025/5/7 20:40,2025/5/7 23:25,1,2025/5/7 20:56,
273246,25050727181304,231561881,1,已付款,2025/5/7 20:41,1746619471656,5.5,2,17d4ce1e68247e20b48538fc3d6e70f9-~1746619471656-~231561881,app-ios,110,0,待定,2025/5/7 20:41,2025/5/7 23:25,1,2025/5/7 20:58,
273293,25050736444063,233460954,1,已付款,2025/5/7 20:42,1746617067687,10.14,2,dd391ccef6b13960d42d394c8934fc97-~1746617067687-~233460954,app-android,144.81,0,待定,2025/5/7 20:42,2025/5/7 23:25,1,2025/5/7 20:59,
273321,25050727723773,231576604,1,已付款,2025/5/7 20:42,1746620730059,0.32,2,dd391ccef6b13960d42d394c8934fc97-~1746620730059-~231576604,app-android,15.6,0,待定,2025/5/7 20:43,2025/5/7 23:25,1,2025/5/7 20:59,
273347,25050776558112,231576604,1,已付款,2025/5/7 20:43,1746582515834,0.48,2,dd391ccef6b13960d42d394c8934fc97-~1746582515834-~231576604,app-android,20.9,0,待定,2025/5/7 20:43,2025/5/7 23:25,1,2025/5/7 21:00,
273909,25050716535023,233476754,1,已付款,2025/5/7 20:46,1746617821349,1.98,2,17d4ce1e68247e20b48538fc3d6e70f9-~1746617821349-~233476754,app-ios,66,0,待定,2025/5/7 20:46,2025/5/7 23:25,1,2025/5/7 21:03,
273924,25050716707423,231561881,1,已付款,2025/5/7 20:47,1746615548783,20.02,2,17d4ce1e68247e20b48538fc3d6e70f9-~1746615548783-~231561881,app-ios,286,0,待定,2025/5/7 20:47,2025/5/7 23:25,1,2025/5/7 21:04,
274012,25050708711833,231561881,0,已失效,2025/5/7 20:49,1746539555306,0,2,17d4ce1e68247e20b48538fc3d6e70f9-~1746539555306-~231561881,app-ios,205.8,1,/,2025/5/7 20:49,2025/5/7 23:25,0,NULL,
274036,25050776343612,231561881,1,已付款,2025/5/7 20:49,1746539555306,0,2,17d4ce1e68247e20b48538fc3d6e70f9-~1746539555306-~231561881,app-ios,52,1,/,2025/5/7 20:49,2025/5/7 23:25,0,NULL,
274044,25050716681523,231561881,0,已失效,2025/5/7 20:49,1746610276771,32.92,2,17d4ce1e68247e20b48538fc3d6e70f9-~1746610276771-~231561881,app-ios,958,0,待定,2025/5/7 20:49,2025/5/7 23:25,1,2025/5/7 21:06,
274048,25050721768143,231561881,1,已付款,2025/5/7 20:49,1746539555306,0,2,17d4ce1e68247e20b48538fc3d6e70f9-~1746539555306-~231561881,app-ios,153.8,1,/,2025/5/7 20:49,2025/5/7 23:25,0,NULL,
274084,25050736381663,231561881,1,已付款,2025/5/7 20:49,1746610276771,8.52,2,17d4ce1e68247e20b48538fc3d6e70f9-~1746610276771-~231561881,app-ios,213,0,待定,2025/5/7 20:50,2025/5/7 23:25,1,2025/5/7 21:06,
274103,25050729719052,231561881,1,已付款,2025/5/7 20:49,1746610276771,8.52,2,17d4ce1e68247e20b48538fc3d6e70f9-~1746610276771-~231561881,app-ios,284,0,待定,2025/5/7 20:50,2025/5/7 23:25,1,2025/5/7 21:06,
274111,25050736381763,231561881,1,已付款,2025/5/7 20:49,1746610276771,8.2,2,17d4ce1e68247e20b48538fc3d6e70f9-~1746610276771-~231561881,app-ios,205,0,待定,2025/5/7 20:50,2025/5/7 23:25,1,2025/5/7 21:06,
274114,25050727262273,231561881,1,已付款,2025/5/7 20:49,1746610276771,7.68,2,17d4ce1e68247e20b48538fc3d6e70f9-~1746610276771-~231561881,app-ios,256,0,待定,2025/5/7 20:50,2025/5/7 23:25,1,2025/5/7 21:06,
274545,25050740004487,231561881,1,已付款,2025/5/7 20:50,1746610276771,8.22,2,17d4ce1e68247e20b48538fc3d6e70f9-~1746610276771-~231561881,app-ios,411,0,待定,2025/5/7 20:51,2025/5/7 23:25,1,2025/5/7 21:07,
274652,25050721472543,231561881,1,已付款,2025/5/7 20:52,1746574975615,0,2,17d4ce1e68247e20b48538fc3d6e70f9-~1746574975615-~231561881,app-ios,117,1,/,2025/5/7 20:53,2025/5/7 23:25,0,NULL,
274831,25050729505652,233476754,1,已付款,2025/5/7 20:54,1746609111572,0,2,17d4ce1e68247e20b48538fc3d6e70f9-~1746609111572-~233476754,app-ios,1,1,/,2025/5/7 20:55,2025/5/7 23:25,0,NULL,
275185,25050721308743,231561881,1,已付款,2025/5/7 20:55,1746621802012,3.69,2,17d4ce1e68247e20b48538fc3d6e70f9-~1746621802012-~231561881,app-ios,123,0,待定,2025/5/7 20:55,2025/5/7 23:25,1,2025/5/7 21:12,
275667,25050708291933,231576604,1,已付款,2025/5/7 21:00,1746572532515,0,2,dd391ccef6b13960d42d394c8934fc97-~1746572532515-~231576604,app-android,35.2,1,/,2025/5/7 21:00,2025/5/7 23:25,0,NULL,
275668,25050726860573,231561881,1,已付款,2025/5/7 21:00,1746574975615,0,2,17d4ce1e68247e20b48538fc3d6e70f9-~1746574975615-~231561881,app-ios,117,1,/,2025/5/7 21:00,2025/5/7 23:25,0,NULL,
275958,25050726779073,231561881,1,已付款,2025/5/7 21:00,1746602194056,1.85,2,17d4ce1e68247e20b48538fc3d6e70f9-~1746602194056-~231561881,app-ios,204.2,0,待定,2025/5/7 21:00,2025/5/7 23:25,1,2025/5/7 21:17,
276064,25050721083643,231561881,1,已付款,2025/5/7 21:02,1746591316092,2.51,2,17d4ce1e68247e20b48538fc3d6e70f9-~1746591316092-~231561881,app-ios,71.6,0,待定,2025/5/7 21:03,2025/5/7 23:25,1,2025/5/7 21:19,
276133,25050735618163,231576604,0,已失效,2025/5/7 21:03,1746593754317,0,2,dd391ccef6b13960d42d394c8934fc97-~1746593754317-~231576604,app-android,9.2,1,/,2025/5/7 21:04,2025/5/7 23:25,0,NULL,
276664,25050721170643,231561881,1,已付款,2025/5/7 21:05,1746601807725,5.36,2,17d4ce1e68247e20b48538fc3d6e70f9-~1746601807725-~231561881,app-ios,63,0,待定,2025/5/7 21:06,2025/5/7 23:25,1,2025/5/7 21:22,
276741,25050735437963,231561881,0,已失效,2025/5/7 21:06,1746594302428,0,2,17d4ce1e68247e20b48538fc3d6e70f9-~1746594302428-~231561881,app-ios,5999,0,待定,2025/5/7 21:07,2025/5/7 23:25,0,NULL,
276750,25050708037633,231561881,1,已付款,2025/5/7 21:06,1746571616950,3.3,2,17d4ce1e68247e20b48538fc3d6e70f9-~1746571616950-~231561881,app-ios,110,0,待定,2025/5/7 21:07,2025/5/7 23:25,1,2025/5/7 21:23,
276835,25050739048987,231561881,1,已付款,2025/5/7 21:08,1746592081726,36.33,2,17d4ce1e68247e20b48538fc3d6e70f9-~1746592081726-~231561881,app-ios,519,0,待定,2025/5/7 21:08,2025/5/7 23:25,1,2025/5/7 21:25,
276931,25050726435873,231561881,0,已失效,2025/5/7 21:09,1746588443371,1.34,2,17d4ce1e68247e20b48538fc3d6e70f9-~1746588443371-~231561881,app-ios,16.78,0,待定,2025/5/7 21:09,2025/5/7 23:25,1,2025/5/7 21:26,
277427,25050775508912,231576604,1,已付款,2025/5/7 21:11,1746623076411,1.23,2,dd391ccef6b13960d42d394c8934fc97-~1746623076411-~231576604,app-android,40.91,0,待定,2025/5/7 21:11,2025/5/7 23:25,1,2025/5/7 21:28,
277456,25050735243063,231561881,0,已失效,2025/5/7 21:11,1746573411100,2.68,2,17d4ce1e68247e20b48538fc3d6e70f9-~1746573411100-~231561881,app-ios,268.14,0,待定,2025/5/7 21:11,2025/5/7 23:25,1,2025/5/7 21:28,
277587,25050726509273,231561881,1,已付款,2025/5/7 21:13,1746604634540,3.16,2,17d4ce1e68247e20b48538fc3d6e70f9-~1746604634540-~231561881,app-ios,105.4,0,待定,2025/5/7 21:13,2025/5/7 23:25,1,2025/5/7 21:30,
277624,25050729009752,231576604,1,已付款,2025/5/7 21:14,1746565048020,0.04,2,dd391ccef6b13960d42d394c8934fc97-~1746565048020-~231576604,app-android,8.08,0,待定,2025/5/7 21:14,2025/5/7 23:25,1,2025/5/7 21:30,
277640,25050735202563,231561881,1,已付款,2025/5/7 21:13,1746588443371,2.7,2,17d4ce1e68247e20b48538fc3d6e70f9-~1746588443371-~231561881,app-ios,16.9,0,待定,2025/5/7 21:14,2025/5/7 23:25,1,2025/5/7 21:30,
278295,25050720454543,231576604,1,已付款,2025/5/7 21:17,1746540095562,3.96,2,dd391ccef6b13960d42d394c8934fc97-~1746540095562-~231576604,app-android,131.9,0,待定,2025/5/7 21:18,2025/5/7 23:25,1,2025/5/7 21:34,
278406,25050726289073,233460954,1,已付款,2025/5/7 21:19,1746621150634,0,2,dd391ccef6b13960d42d394c8934fc97-~1746621150634-~233460954,app-android,99.44,1,/,2025/5/7 21:19,2025/5/7 23:25,0,NULL,
278466,25050726050673,231576604,0,已失效,2025/5/7 21:19,1746542284171,0,2,dd391ccef6b13960d42d394c8934fc97-~1746542284171-~231576604,app-android,335.85,1,/,2025/5/7 21:20,2025/5/7 23:25,0,NULL,
278723,25050775022012,231561881,1,已付款,2025/5/7 21:17,1746539711549,0.38,2,17d4ce1e68247e20b48538fc3d6e70f9-~1746539711549-~231561881,app-ios,38.2,0,待定,2025/5/7 21:20,2025/5/7 23:25,1,2025/5/7 21:34,
278737,25050707508433,231576604,1,已付款,2025/5/7 21:20,1746542284171,0,2,dd391ccef6b13960d42d394c8934fc97-~1746542284171-~231576604,app-android,273,1,/,2025/5/7 21:20,2025/5/7 23:25,0,NULL,
278743,25050720566543,231576604,1,已付款,2025/5/7 21:20,1746542284171,0,2,dd391ccef6b13960d42d394c8934fc97-~1746542284171-~231576604,app-android,32.45,1,/,2025/5/7 21:20,2025/5/7 23:25,0,NULL,
278748,25050735090763,233460954,1,已付款,2025/5/7 21:20,1746621150634,0,2,dd391ccef6b13960d42d394c8934fc97-~1746621150634-~233460954,app-android,16,1,/,2025/5/7 21:20,2025/5/7 23:25,0,NULL,
278759,25050725718304,231576604,1,已付款,2025/5/7 21:20,1746542284171,0,2,dd391ccef6b13960d42d394c8934fc97-~1746542284171-~231576604,app-android,30.4,1,/,2025/5/7 21:20,2025/5/7 23:25,0,NULL,
279093,25050728670952,231576604,1,已付款,2025/5/7 21:22,1746585877597,0,2,dd391ccef6b13960d42d394c8934fc97-~1746585877597-~231576604,app-android,64.77,1,/,2025/5/7 21:22,2025/5/7 23:25,0,NULL,
279149,25050725551904,231561881,1,已付款,2025/5/7 21:23,1746615548783,1.6,2,17d4ce1e68247e20b48538fc3d6e70f9-~1746615548783-~231561881,app-ios,160,0,待定,2025/5/7 21:23,2025/5/7 23:25,1,2025/5/7 21:40,
279217,25050734792563,231561881,1,已付款,2025/5/7 21:23,1746570146830,5.11,2,17d4ce1e68247e20b48538fc3d6e70f9-~1746570146830-~231561881,app-ios,85.12,0,待定,2025/5/7 21:24,2025/5/7 23:25,1,2025/5/7 21:40,
280103,25050738262087,231561881,1,已付款,2025/5/7 21:28,1746609113053,0,2,17d4ce1e68247e20b48538fc3d6e70f9-~1746609113053-~231561881,app-ios,48,1,/,2025/5/7 21:28,2025/5/7 23:25,0,NULL,
280209,25050720125443,231561881,1,已付款,2025/5/7 21:29,1746609113053,0,2,17d4ce1e68247e20b48538fc3d6e70f9-~1746609113053-~231561881,app-ios,43.7,1,/,2025/5/7 21:29,2025/5/7 23:25,0,NULL,
280416,25050725315304,231561881,1,已付款,2025/5/7 21:29,1746615548783,13.09,2,17d4ce1e68247e20b48538fc3d6e70f9-~1746615548783-~231561881,app-ios,187,0,待定,2025/5/7 21:30,2025/5/7 23:25,1,2025/5/7 21:46,
281016,25050725160704,231561881,1,已付款,2025/5/7 21:33,1746624302939,21.45,2,17d4ce1e68247e20b48538fc3d6e70f9-~1746624302939-~231561881,app-ios,306.47,0,待定,2025/5/7 21:33,2025/5/7 23:25,1,2025/5/7 21:50,
281093,25050734511763,231561881,1,已付款,2025/5/7 21:34,1746615548783,0.42,2,17d4ce1e68247e20b48538fc3d6e70f9-~1746615548783-~231561881,app-ios,42.38,0,待定,2025/5/7 21:34,2025/5/7 23:25,1,2025/5/7 21:51,
281193,25050734535363,231561881,1,已付款,2025/5/7 21:34,1746579595116,1.79,2,17d4ce1e68247e20b48538fc3d6e70f9-~1746579595116-~231561881,app-ios,59.81,0,待定,2025/5/7 21:35,2025/5/7 23:25,1,2025/5/7 21:51,
281827,25050725087204,231576604,1,已付款,2025/5/7 21:34,1746524851488,0,2,dd391ccef6b13960d42d394c8934fc97-~1746524851488-~231576604,app-android,6,1,/,2025/5/7 21:37,2025/5/7 23:25,0,NULL,
281828,25050734206563,231561881,1,已付款,2025/5/7 21:36,1746575060643,11.5,2,17d4ce1e68247e20b48538fc3d6e70f9-~1746575060643-~231561881,app-ios,143.7,0,待定,2025/5/7 21:37,2025/5/7 23:25,1,2025/5/7 21:53,
281935,25050714643723,231561881,1,已付款,2025/5/7 21:38,1746601902340,4.04,2,17d4ce1e68247e20b48538fc3d6e70f9-~1746601902340-~231561881,app-ios,808.08,0,待定,2025/5/7 21:38,2025/5/7 23:25,1,2025/5/7 21:55,
282568,25050727822252,231561881,1,已付款,2025/5/7 21:40,1746575060643,12.06,2,17d4ce1e68247e20b48538fc3d6e70f9-~1746575060643-~231561881,app-ios,134,0,待定,2025/5/7 21:40,2025/5/7 23:25,1,2025/5/7 21:57,
282885,25050706683633,231561881,1,已付款,2025/5/7 21:39,1746602954288,7,2,17d4ce1e68247e20b48538fc3d6e70f9-~1746602954288-~231561881,app-android,140,0,待定,2025/5/7 21:42,2025/5/7 23:25,1,2025/5/7 21:56,
283099,25050719268443,231561881,1,已付款,2025/5/7 21:44,1746619430567,0.15,2,17d4ce1e68247e20b48538fc3d6e70f9-~1746619430567-~231561881,app-ios,30.9,0,待定,2025/5/7 21:44,2025/5/7 23:25,1,2025/5/7 22:01,
283108,25050706409333,231561881,1,已付款,2025/5/7 21:44,1746619430567,1.47,2,17d4ce1e68247e20b48538fc3d6e70f9-~1746619430567-~231561881,app-ios,29.3,0,待定,2025/5/7 21:44,2025/5/7 23:25,1,2025/5/7 22:01,
283779,25050714078523,231561881,1,已付款,2025/5/7 21:46,1746579595116,0.44,2,17d4ce1e68247e20b48538fc3d6e70f9-~1746579595116-~231561881,app-ios,44.1,0,待定,2025/5/7 21:46,2025/5/7 23:25,1,2025/5/7 22:03,
284079,25050733843863,231561881,0,已失效,2025/5/7 21:49,1746622365961,1.47,2,17d4ce1e68247e20b48538fc3d6e70f9-~1746622365961-~231561881,app-ios,54,0,待定,2025/5/7 21:49,2025/5/7 23:25,1,2025/5/7 22:06,
284156,25050724645204,233498054,0,已失效,2025/5/7 21:49,1746624034349,8.52,2,dd391ccef6b13960d42d394c8934fc97-~1746624034349-~233498054,app-android,156,0,待定,2025/5/7 21:50,2025/5/7 23:53,1,2025/5/7 23:53,
284764,25050750298087,231561881,1,已付款,2025/5/7 21:51,1746604583040,12.93,2,17d4ce1e68247e20b48538fc3d6e70f9-~1746604583040-~231561881,app-ios,165.81,0,待定,2025/5/7 21:51,2025/5/7 23:25,1,2025/5/7 22:08,
284840,25050714028123,231576604,1,已付款,2025/5/7 21:52,1746572782786,0,2,dd391ccef6b13960d42d394c8934fc97-~1746572782786-~231576604,app-android,930,1,/,2025/5/7 21:52,2025/5/7 23:25,0,NULL,
284960,25050713973623,231561881,1,已付款,2025/5/7 21:53,1746574272196,3.24,2,17d4ce1e68247e20b48538fc3d6e70f9-~1746574272196-~231561881,app-ios,64.7,0,待定,2025/5/7 21:53,2025/5/7 23:25,1,2025/5/7 22:10,
285059,25050733663263,233498054,1,已付款,2025/5/7 21:54,1746624034349,4.8,2,dd391ccef6b13960d42d394c8934fc97-~1746624034349-~233498054,app-android,32,0,待定,2025/5/7 21:54,2025/5/7 23:53,1,2025/5/7 23:53,
285064,25050733663163,233498054,1,已付款,2025/5/7 21:54,1746624034349,3.72,2,dd391ccef6b13960d42d394c8934fc97-~1746624034349-~233498054,app-android,124,0,待定,2025/5/7 21:54,2025/5/7 23:53,1,2025/5/7 23:53,
285719,25050705684433,231561881,1,已付款,2025/5/7 21:56,1746621188255,0,2,17d4ce1e68247e20b48538fc3d6e70f9-~1746621188255-~231561881,app-ios,71,1,/,2025/5/7 21:56,2025/5/7 23:25,0,NULL,
285727,25050705684333,231561881,1,已付款,2025/5/7 21:56,1746621188255,0,2,17d4ce1e68247e20b48538fc3d6e70f9-~1746621188255-~231561881,app-ios,158.9,1,/,2025/5/7 21:56,2025/5/7 23:25,0,NULL,
285803,25050724142404,231576604,1,已付款,2025/5/7 21:56,1746622567112,3.06,5,dd391ccef6b13960d42d394c8934fc97-~1746622567112-~231576604,app-android,92.3,0,待定,2025/5/7 21:56,2025/5/7 23:25,1,2025/5/7 22:13,
285823,25050750294587,231561881,1,已付款,2025/5/7 21:57,1746550520772,1.87,2,17d4ce1e68247e20b48538fc3d6e70f9-~1746550520772-~231561881,app-ios,7.48,0,待定,2025/5/7 21:57,2025/5/7 23:25,1,2025/5/7 22:14,
286816,25050773301112,231561881,1,已付款,2025/5/7 22:01,1746593217178,24.33,2,17d4ce1e68247e20b48538fc3d6e70f9-~1746593217178-~231561881,app-ios,347.64,0,待定,2025/5/7 22:01,2025/5/7 23:25,1,2025/5/7 22:18,
286917,25050750088387,231576604,1,已付款,2025/5/7 22:01,1746575161042,1.62,2,dd391ccef6b13960d42d394c8934fc97-~1746575161042-~231576604,app-android,54,0,待定,2025/5/7 22:01,2025/5/7 23:25,1,2025/5/7 22:18,
287045,25050737223973,231561881,1,已付款,2025/5/7 22:02,1746593957901,0.59,2,17d4ce1e68247e20b48538fc3d6e70f9-~1746593957901-~231561881,app-ios,9.9,0,待定,2025/5/7 22:03,2025/5/7 23:25,1,2025/5/7 22:19,
287058,25050726674752,231561881,1,已付款,2025/5/7 22:02,1746593957901,1.31,1,17d4ce1e68247e20b48538fc3d6e70f9-~1746593957901-~231561881,app-ios,43.79,0,待定,2025/5/7 22:03,2025/5/7 23:25,1,2025/5/7 22:19,
287170,25050749780587,231561881,1,已付款,2025/5/7 22:03,1746577993635,5.53,2,17d4ce1e68247e20b48538fc3d6e70f9-~1746577993635-~231561881,app-ios,79,0,待定,2025/5/7 22:04,2025/5/7 23:25,1,2025/5/7 22:20,
287869,25050733088863,233460954,1,已付款,2025/5/7 22:05,1746603920146,30.63,2,dd391ccef6b13960d42d394c8934fc97-~1746603920146-~233460954,app-android,565,0,待定,2025/5/7 22:06,2025/5/7 23:25,1,2025/5/7 22:22,
288234,25050726602352,231561881,1,已付款,2025/5/7 22:08,1746594340221,13.26,2,17d4ce1e68247e20b48538fc3d6e70f9-~1746594340221-~231561881,app-ios,192.42,0,待定,2025/5/7 22:08,2025/5/7 23:25,1,2025/5/7 22:25,
288375,25050713061323,233460954,1,已付款,2025/5/7 22:09,1746612327073,2.27,2,dd391ccef6b13960d42d394c8934fc97-~1746612327073-~233460954,app-android,15.1,0,待定,2025/5/7 22:09,2025/5/7 23:25,1,2025/5/7 22:26,
288426,25050713209823,233460954,1,已付款,2025/5/7 22:10,1746586675367,18.47,2,dd391ccef6b13960d42d394c8934fc97-~1746586675367-~233460954,app-android,309,0,待定,2025/5/7 22:10,2025/5/7 23:25,1,2025/5/7 22:27,
288861,25050749645287,231576604,1,已付款,2025/5/7 22:10,1746609820164,0.2,2,dd391ccef6b13960d42d394c8934fc97-~1746609820164-~231576604,app-android,20,0,待定,2025/5/7 22:10,2025/5/7 23:25,1,2025/5/7 22:27,
289024,25050736896473,231561881,1,已下单,2025/5/7 22:10,1746620997505,4.77,2,17d4ce1e68247e20b48538fc3d6e70f9-~1746620997505-~231561881,app-ios,158.9,0,待定,2025/5/7 22:11,2025/5/7 23:25,1,2025/5/7 22:27,
289109,25050705189233,231561881,1,已付款,2025/5/7 22:11,1746613077105,0.65,2,17d4ce1e68247e20b48538fc3d6e70f9-~1746613077105-~231561881,app-ios,32.3,0,待定,2025/5/7 22:11,2025/5/7 23:25,1,2025/5/7 22:28,
289270,25050736968073,231576604,0,已失效,2025/5/7 22:12,1746620501373,1.66,2,dd391ccef6b13960d42d394c8934fc97-~1746620501373-~231576604,app-android,88.69,0,待定,2025/5/7 22:12,2025/5/7 23:25,1,2025/5/7 22:29,
290176,25050739167752,231576604,1,已付款,2025/5/7 22:15,1746620501373,1.46,2,dd391ccef6b13960d42d394c8934fc97-~1746620501373-~231576604,app-android,48.37,0,待定,2025/5/7 22:15,2025/5/7 23:25,1,2025/5/7 22:32,
290186,25050732690563,231576604,1,已付款,2025/5/7 22:15,1746620501373,0.2,5,dd391ccef6b13960d42d394c8934fc97-~1746620501373-~231576604,app-android,40.32,0,待定,2025/5/7 22:15,2025/5/7 23:25,1,2025/5/7 22:32,
290204,25050732609563,233460954,1,已付款,2025/5/7 22:16,1746625251192,3.46,2,dd391ccef6b13960d42d394c8934fc97-~1746625251192-~233460954,app-android,49.39,0,待定,2025/5/7 22:16,2025/5/7 23:25,1,2025/5/7 22:33,
290256,25050772370212,231576604,1,已下单,2025/5/7 22:16,1746572477845,1.77,2,dd391ccef6b13960d42d394c8934fc97-~1746572477845-~231576604,app-android,64,0,待定,2025/5/7 22:16,2025/5/7 23:25,1,2025/5/7 22:33,
290384,25050736772173,231576604,1,已下单,2025/5/7 22:17,1746610463157,0,2,dd391ccef6b13960d42d394c8934fc97-~1746610463157-~231576604,app-android,158,1,/,2025/5/7 22:17,2025/5/7 23:25,0,NULL,
290747,25050723045304,231561881,1,已付款,2025/5/7 22:19,1746624852753,1.14,2,17d4ce1e68247e20b48538fc3d6e70f9-~1746624852753-~231561881,app-ios,16.3,0,待定,2025/5/7 22:20,2025/5/7 23:25,1,2025/5/7 22:36,
291444,25050712497323,231576604,1,已付款,2025/5/7 22:21,1746627344029,1.27,5,dd391ccef6b13960d42d394c8934fc97-~1746627344029-~231576604,app-android,41.2,0,待定,2025/5/7 22:21,2025/5/7 23:25,1,2025/5/7 22:38,
292667,25050748682287,231576604,1,已付款,2025/5/7 22:27,1746553553475,0.53,2,dd391ccef6b13960d42d394c8934fc97-~1746553553475-~231576604,app-android,53,0,待定,2025/5/7 22:27,2025/5/7 23:26,1,2025/5/7 22:43,
292900,25050730601343,231576604,1,已付款,2025/5/7 22:28,1746572102627,0,2,dd391ccef6b13960d42d394c8934fc97-~1746572102627-~231576604,app-android,44,1,/,2025/5/7 22:29,2025/5/7 23:28,0,NULL,
293705,25050735872904,233460954,1,已付款,2025/5/7 22:31,1746586675367,10.91,2,dd391ccef6b13960d42d394c8934fc97-~1746586675367-~233460954,app-android,201,0,待定,2025/5/7 22:31,2025/5/7 23:28,1,2025/5/7 22:48,
293810,25050735585304,233460954,1,已付款,2025/5/7 22:32,1746617391837,0,2,dd391ccef6b13960d42d394c8934fc97-~1746617391837-~233460954,app-android,7.6,1,/,2025/5/7 22:32,2025/5/7 23:28,0,NULL,
293952,25050748654487,231576604,1,已付款,2025/5/7 22:33,1746572477845,5.66,2,dd391ccef6b13960d42d394c8934fc97-~1746572477845-~231576604,app-android,88.9,0,待定,2025/5/7 22:33,2025/5/7 23:28,1,2025/5/7 22:50,
294839,25050730210043,231576604,0,已失效,2025/5/7 22:36,1746624263197,4.33,2,dd391ccef6b13960d42d394c8934fc97-~1746624263197-~231576604,app-android,54.18,0,待定,2025/5/7 22:36,2025/5/7 23:28,1,2025/5/7 22:53,
294906,25050735890173,231576604,1,已付款,2025/5/7 22:36,1746590320584,3.36,2,dd391ccef6b13960d42d394c8934fc97-~1746590320584-~231576604,app-android,84,0,待定,2025/5/7 22:37,2025/5/7 23:28,1,2025/5/7 22:53,
295189,25050735594073,231576604,1,已付款,2025/5/7 22:38,1746583741703,0,2,dd391ccef6b13960d42d394c8934fc97-~1746583741703-~231576604,app-android,108.52,1,/,2025/5/7 22:39,2025/5/7 23:28,0,NULL,
295247,25050735484604,231561881,1,已付款,2025/5/7 22:39,1746595013333,0.11,2,17d4ce1e68247e20b48538fc3d6e70f9-~1746595013333-~231561881,app-ios,22.59,0,待定,2025/5/7 22:39,2025/5/7 23:28,1,2025/5/7 22:56,
295294,25050731617863,231576604,1,已付款,2025/5/7 22:39,1746626420686,0,2,dd391ccef6b13960d42d394c8934fc97-~1746626420686-~231576604,app-android,50.2,1,/,2025/5/7 22:39,2025/5/7 23:28,0,NULL,
295990,25050784411412,233476754,1,已付款,2025/5/7 22:40,1746628637718,17.02,2,17d4ce1e68247e20b48538fc3d6e70f9-~1746628637718-~233476754,app-ios,340.4,0,待定,2025/5/7 22:41,2025/5/7 23:28,1,2025/5/7 22:57,
296032,25050748081087,233476754,1,已付款,2025/5/7 22:41,1746625069797,0,2,17d4ce1e68247e20b48538fc3d6e70f9-~1746625069797-~233476754,app-ios,94,1,/,2025/5/7 22:41,2025/5/7 23:28,0,NULL,
296439,25050729691443,233460954,1,已付款,2025/5/7 22:43,1746586675367,0.08,2,dd391ccef6b13960d42d394c8934fc97-~1746586675367-~233460954,app-android,1,0,待定,2025/5/7 22:44,2025/5/7 23:28,1,2025/5/7 23:00,
299895,25050737451952,231561881,1,已付款,2025/5/7 22:58,1746626250769,0.62,2,17d4ce1e68247e20b48538fc3d6e70f9-~1746626250769-~231561881,app-ios,8.8,0,待定,2025/5/7 22:58,2025/5/7 23:28,1,2025/5/7 23:15,
299916,25050734767973,231561881,1,已付款,2025/5/7 22:58,1746624053914,9.45,2,17d4ce1e68247e20b48538fc3d6e70f9-~1746624053914-~231561881,app-ios,171.8,0,待定,2025/5/7 22:58,2025/5/7 23:28,1,2025/5/7 23:15,
299964,25050716253133,231561881,1,已付款,2025/5/7 22:58,1746627589323,30.25,2,17d4ce1e68247e20b48538fc3d6e70f9-~1746627589323-~231561881,app-ios,231.25,0,待定,2025/5/7 22:58,2025/5/7 23:28,1,2025/5/7 23:15,
300934,25050747405587,233498046,1,已付款,2025/5/7 23:02,1746627324906,0,2,17d4ce1e68247e20b48538fc3d6e70f9-~1746627324906-~233498046,app-ios,209.04,1,/,2025/5/7 23:02,2025/5/7 23:28,0,NULL,
300991,25050783707512,231576604,1,已付款,2025/5/7 23:02,1746602238926,0.71,2,dd391ccef6b13960d42d394c8934fc97-~1746602238926-~231576604,app-android,2.82,0,待定,2025/5/7 23:02,2025/5/7 23:28,1,2025/5/7 23:19,
301038,25050716035233,231561881,1,已下单,2025/5/7 23:02,1746609060242,8.19,2,17d4ce1e68247e20b48538fc3d6e70f9-~1746609060242-~231561881,app-ios,117,0,待定,2025/5/7 23:02,2025/5/7 23:28,1,2025/5/7 23:19,
301047,25050783429212,231561881,1,已付款,2025/5/7 23:03,1746619191499,14.94,2,17d4ce1e68247e20b48538fc3d6e70f9-~1746619191499-~231561881,app-ios,498,0,待定,2025/5/7 23:03,2025/5/7 23:28,1,2025/5/7 23:20,
301103,25050734330304,233498054,1,已付款,2025/5/7 23:03,1746628473659,0.22,2,dd391ccef6b13960d42d394c8934fc97-~1746628473659-~233498054,app-android,43.1,0,待定,2025/5/7 23:03,2025/5/7 23:53,1,2025/5/7 23:53,
302051,25050747175087,231561881,0,已失效,2025/5/7 23:06,1746602923796,1.24,2,17d4ce1e68247e20b48538fc3d6e70f9-~1746602923796-~231561881,app-ios,58.22,0,待定,2025/5/7 23:07,2025/5/7 23:28,1,2025/5/7 23:23,
302086,25050715908733,231576604,1,已付款,2025/5/7 23:07,1746543305097,3.13,2,dd391ccef6b13960d42d394c8934fc97-~1746543305097-~231576604,app-android,49.77,0,待定,2025/5/7 23:07,2025/5/7 23:28,1,2025/5/7 23:24,
302098,25050734181304,231561881,1,已付款,2025/5/7 23:07,1746602923796,0.24,2,17d4ce1e68247e20b48538fc3d6e70f9-~1746602923796-~231561881,app-ios,24.86,0,待定,2025/5/7 23:07,2025/5/7 23:28,1,2025/5/7 23:24,
302122,25050729003243,231561881,1,已付款,2025/5/7 23:07,1746602923796,1,2,17d4ce1e68247e20b48538fc3d6e70f9-~1746602923796-~231561881,app-ios,33.36,0,待定,2025/5/7 23:07,2025/5/7 23:28,1,2025/5/7 23:24,
303424,25050723609223,231561881,1,已付款,2025/5/7 23:13,1746602923796,0.98,2,17d4ce1e68247e20b48538fc3d6e70f9-~1746602923796-~231561881,app-ios,32.65,0,待定,2025/5/7 23:13,2025/5/7 23:30,1,2025/5/7 23:30,
303509,25050734190073,231576604,1,已付款,2025/5/7 23:14,1746583323170,18.97,2,dd391ccef6b13960d42d394c8934fc97-~1746583323170-~231576604,app-android,271,0,待定,2025/5/7 23:14,2025/5/7 23:31,1,2025/5/7 23:31,
303550,25050734058404,231561881,1,已付款,2025/5/7 23:14,1746624053914,31.47,2,17d4ce1e68247e20b48538fc3d6e70f9-~1746624053914-~231561881,app-ios,379,0,待定,2025/5/7 23:14,2025/5/7 23:31,1,2025/5/7 23:31,
304340,25050783098812,231561881,1,已付款,2025/5/7 23:17,1746576211189,3.81,2,17d4ce1e68247e20b48538fc3d6e70f9-~1746576211189-~231561881,app-ios,126.8,0,待定,2025/5/7 23:17,2025/5/7 23:34,1,2025/5/7 23:34,
304345,25050734269273,231561881,1,已付款,2025/5/7 23:16,1746615618708,0.99,2,17d4ce1e68247e20b48538fc3d6e70f9-~1746615618708-~231561881,app-ios,98.6,0,待定,2025/5/7 23:17,2025/5/7 23:33,1,2025/5/7 23:33,
304970,25050728270243,231561881,1,已下单,2025/5/7 23:20,1746615618708,1.16,2,17d4ce1e68247e20b48538fc3d6e70f9-~1746615618708-~231561881,app-ios,116,0,待定,2025/5/7 23:20,2025/5/7 23:36,1,2025/5/7 23:36,
305303,25050723142523,231561881,1,已付款,2025/5/7 23:20,1746624053914,4.56,2,17d4ce1e68247e20b48538fc3d6e70f9-~1746624053914-~231561881,app-ios,151.8,0,待定,2025/5/7 23:21,2025/5/7 23:37,1,2025/5/7 23:37,
305386,25050733863504,231576604,1,已付款,2025/5/7 23:21,1746628285051,0.63,2,dd391ccef6b13960d42d394c8934fc97-~1746628285051-~231576604,app-android,7.89,0,待定,2025/5/7 23:21,2025/5/7 23:38,1,2025/5/7 23:38,
305425,25050728219643,231576604,1,已付款,2025/5/7 23:21,1746572037209,18.96,2,dd391ccef6b13960d42d394c8934fc97-~1746572037209-~231576604,app-android,632,0,待定,2025/5/7 23:22,2025/5/7 23:38,1,2025/5/7 23:38,
305477,25050782742912,231561881,1,已付款,2025/5/7 23:21,1746609060242,7.28,2,17d4ce1e68247e20b48538fc3d6e70f9-~1746609060242-~231561881,app-ios,104,0,待定,2025/5/7 23:22,2025/5/7 23:38,1,2025/5/7 23:38,
305488,25050742845563,233502003,1,已付款,2025/5/7 23:22,1746631062010,1.43,2,17d4ce1e68247e20b48538fc3d6e70f9-~1746631062010-~233502003,app-ios,17.9,0,待定,2025/5/7 23:22,2025/5/7 23:53,1,2025/5/7 23:53,
305566,25050742826263,231576604,1,已付款,2025/5/7 23:22,1746572037209,19.6,2,dd391ccef6b13960d42d394c8934fc97-~1746572037209-~231576604,app-android,392,0,待定,2025/5/7 23:23,2025/5/7 23:39,1,2025/5/7 23:39,
306809,25050803463775,231561881,1,已付款,2025/5/8 8:48,1746603605607,3.51,2,17d4ce1e68247e20b48538fc3d6e70f9-~1746603605607-~231561881,app-ios,43.9,0,待定,2025/5/8 9:34,2025/5/8 23:55,1,2025/5/8 9:36,NULL
306810,25050870674334,231576604,1,已付款,2025/5/8 9:18,1746605933711,0.79,2,dd391ccef6b13960d42d394c8934fc97-~1746605933711-~231576604,app-android,26.19,0,待定,2025/5/8 9:34,2025/5/8 23:55,1,2025/5/8 9:36,NULL
306811,25050871128734,231561881,1,已付款,2025/5/8 9:04,1746619257168,4.86,2,17d4ce1e68247e20b48538fc3d6e70f9-~1746619257168-~231561881,app-ios,162,0,待定,2025/5/8 9:34,2025/5/8 23:55,1,2025/5/8 9:36,NULL
306812,25050895471964,231576604,1,已付款,2025/5/8 9:05,1746663069047,0,2,dd391ccef6b13960d42d394c8934fc97-~1746663069047-~231576604,app-android,66,1,/,2025/5/8 9:34,2025/5/8 23:55,0,NULL,NULL
306813,25050895763964,233502029,1,已付款,2025/5/8 8:56,1746665560319,4.7,2,dd391ccef6b13960d42d394c8934fc97-~1746665560319-~233502029,app-android,94,0,待定,2025/5/8 9:34,2025/5/8 23:55,1,2025/5/8 9:36,NULL
306814,25050832256889,231576604,1,已付款,2025/5/8 8:53,1746588535417,0.04,2,dd391ccef6b13960d42d394c8934fc97-~1746588535417-~231576604,app-android,8.8,0,待定,2025/5/8 9:34,2025/5/8 23:55,1,2025/5/8 9:36,NULL
306815,25050810893145,233476754,1,已付款,2025/5/8 8:49,1746606223556,8.31,2,17d4ce1e68247e20b48538fc3d6e70f9-~1746606223556-~233476754,app-ios,276.99,0,待定,2025/5/8 9:34,2025/5/8 23:55,1,2025/5/8 9:36,NULL
306816,25050895094264,231576604,1,已付款,2025/5/8 9:17,1746666507801,2.75,2,dd391ccef6b13960d42d394c8934fc97-~1746666507801-~231576604,app-android,91.67,0,待定,2025/5/8 9:34,2025/5/8 23:55,1,2025/5/8 9:36,NULL
306817,25050806041304,231576604,1,已付款,2025/5/8 9:05,1746663069047,0,2,dd391ccef6b13960d42d394c8934fc97-~1746663069047-~231576604,app-android,246.5,1,/,2025/5/8 9:34,2025/5/8 23:55,0,NULL,NULL
306818,25050806426904,231576604,1,已付款,2025/5/8 8:53,1746532653514,0.98,2,dd391ccef6b13960d42d394c8934fc97-~1746532653514-~231576604,app-android,32.59,0,待定,2025/5/8 9:34,2025/5/8 23:55,1,2025/5/8 9:36,NULL
306819,25050863072824,231576604,1,已付款,2025/5/8 8:52,1746588152165,5.74,2,dd391ccef6b13960d42d394c8934fc97-~1746588152165-~231576604,app-android,38.27,0,待定,2025/5/8 9:34,2025/5/8 23:55,1,2025/5/8 9:36,NULL
306820,25050863089624,231561881,1,已下单,2025/5/8 8:52,1746656388722,2.92,2,17d4ce1e68247e20b48538fc3d6e70f9-~1746656388722-~231561881,app-ios,292,0,待定,2025/5/8 9:34,2025/5/8 23:55,1,2025/5/8 9:36,NULL
306821,25050856929015,231576604,1,已付款,2025/5/8 8:57,1746625215179,10.08,2,dd391ccef6b13960d42d394c8934fc97-~1746625215179-~231576604,app-android,288,0,待定,2025/5/8 9:34,2025/5/8 23:55,1,2025/5/8 9:36,NULL
306822,25050853895415,233476754,1,已付款,2025/5/8 8:49,1746606223556,0.32,2,17d4ce1e68247e20b48538fc3d6e70f9-~1746606223556-~233476754,app-ios,31.76,0,待定,2025/5/8 9:34,2025/5/8 23:55,1,2025/5/8 9:36,NULL
306825,25050898112564,231576604,1,已付款,2025/5/8 9:25,1746665709526,0,2,dd391ccef6b13960d42d394c8934fc97-~1746665709526-~231576604,app-android,161,1,/,2025/5/8 9:34,2025/5/8 23:55,0,NULL,NULL
306826,25050802018356,231576604,0,已失效,2025/5/8 9:05,1746663069047,0,2,dd391ccef6b13960d42d394c8934fc97-~1746663069047-~231576604,app-android,312.5,1,/,2025/5/8 9:34,2025/5/8 23:55,0,NULL,NULL
306827,25050804672656,231576604,1,已付款,2025/5/8 9:24,1746665709526,0,2,dd391ccef6b13960d42d394c8934fc97-~1746665709526-~231576604,app-android,160.37,1,/,2025/5/8 9:34,2025/5/8 23:55,0,NULL,NULL
306829,25050803308304,233502029,1,已付款,2025/5/8 8:47,1746632196773,1.08,2,dd391ccef6b13960d42d394c8934fc97-~1746632196773-~233502029,app-android,35.89,0,待定,2025/5/8 9:34,2025/5/8 23:55,1,2025/5/8 9:36,NULL
306830,25050805628175,231561881,1,已付款,2025/5/8 9:23,1746657407868,59.6,2,17d4ce1e68247e20b48538fc3d6e70f9-~1746657407868-~231561881,app-ios,1192,0,待定,2025/5/8 9:34,2025/5/8 23:55,1,2025/5/8 9:40,NULL
306831,25050870437934,231576604,1,已付款,2025/5/8 9:26,1746542910396,0,2,dd391ccef6b13960d42d394c8934fc97-~1746542910396-~231576604,app-android,207.26,1,/,2025/5/8 9:34,2025/5/8 23:55,0,NULL,NULL
306832,25050812834445,233498054,1,已下单,2025/5/8 9:31,1746666046436,0,2,dd391ccef6b13960d42d394c8934fc97-~1746666046436-~233498054,app-android,80,1,/,2025/5/8 9:34,2025/5/8 23:55,0,NULL,NULL
306833,25050865160524,231576604,1,已付款,2025/5/8 9:29,1746667541784,1.99,2,dd391ccef6b13960d42d394c8934fc97-~1746667541784-~231576604,app-android,66.39,0,待定,2025/5/8 9:34,2025/5/8 23:55,1,2025/5/8 9:46,NULL
306834,25050802784556,231576604,1,已付款,2025/5/8 8:39,1746626097796,0,2,dd391ccef6b13960d42d394c8934fc97-~1746626097796-~231576604,app-android,42.64,1,/,2025/5/8 9:34,2025/5/8 23:55,0,NULL,NULL
306835,25050854163915,231561881,1,已付款,2025/5/8 8:39,1746624472399,1.17,2,17d4ce1e68247e20b48538fc3d6e70f9-~1746624472399-~231561881,app-ios,29.3,0,待定,2025/5/8 9:34,2025/5/8 23:55,1,2025/5/8 9:36,NULL
306836,25050870679434,233502003,1,已付款,2025/5/8 9:18,1746665314744,1.36,2,17d4ce1e68247e20b48538fc3d6e70f9-~1746665314744-~233502003,app-ios,39,0,待定,2025/5/8 9:34,2025/5/8 23:55,1,2025/5/8 9:36,NULL
306837,25050801593256,231576604,1,已付款,2025/5/8 9:18,1746628544809,0,2,dd391ccef6b13960d42d394c8934fc97-~1746628544809-~231576604,app-android,31.99,1,/,2025/5/8 9:34,2025/5/8 23:55,0,NULL,NULL
306838,25050854188615,231576604,1,已付款,2025/5/8 8:38,1746591034522,5.04,2,dd391ccef6b13960d42d394c8934fc97-~1746591034522-~231576604,app-android,72,0,待定,2025/5/8 9:34,2025/5/8 23:55,1,2025/5/8 9:36,NULL
306839,25050895218564,231561881,1,已付款,2025/5/8 9:13,1746622615387,1.98,2,17d4ce1e68247e20b48538fc3d6e70f9-~1746622615387-~231561881,app-ios,66,0,待定,2025/5/8 9:34,2025/5/8 23:55,1,2025/5/8 9:36,NULL
306840,25050806027204,231576604,1,已付款,2025/5/8 9:06,1746580709647,10.41,2,dd391ccef6b13960d42d394c8934fc97-~1746580709647-~231576604,app-android,148.66,0,待定,2025/5/8 9:34,2025/5/8 23:55,1,2025/5/8 9:36,NULL
306841,25050810059745,231561881,1,已付款,2025/5/8 9:15,1746611628217,4.83,2,17d4ce1e68247e20b48538fc3d6e70f9-~1746611628217-~231561881,app-ios,161,0,待定,2025/5/8 9:34,2025/5/8 23:55,1,2025/5/8 9:36,NULL
306842,25050862627424,231561881,1,已付款,2025/5/8 9:07,1746622615387,8.96,2,17d4ce1e68247e20b48538fc3d6e70f9-~1746622615387-~231561881,app-ios,128,0,待定,2025/5/8 9:34,2025/5/8 23:55,1,2025/5/8 9:36,NULL
306843,25050896081664,233476754,0,已失效,2025/5/8 8:45,1746606223556,8.63,2,17d4ce1e68247e20b48538fc3d6e70f9-~1746606223556-~233476754,app-ios,308.75,0,待定,2025/5/8 9:34,2025/5/8 23:55,1,2025/5/8 9:36,NULL
306844,25050863463424,231576604,1,已付款,2025/5/8 8:39,1746663697033,0,2,dd391ccef6b13960d42d394c8934fc97-~1746663697033-~231576604,app-android,89.31,1,/,2025/5/8 9:34,2025/5/8 23:55,0,NULL,NULL
306863,25050812716145,231561881,1,已付款,2025/5/8 9:34,1746657121307,0,2,17d4ce1e68247e20b48538fc3d6e70f9-~1746657121307-~231561881,app-ios,802.52,0,待定,2025/5/8 9:34,2025/5/8 23:55,0,NULL,NULL
306882,25050814534975,231576604,1,已付款,2025/5/8 0:13,1746622860184,3.67,2,dd391ccef6b13960d42d394c8934fc97-~1746622860184-~231576604,app-android,28.25,0,待定,2025/5/8 9:35,2025/5/8 23:55,1,2025/5/8 9:37,NULL
306884,25050862037403,231561881,1,已付款,2025/5/8 0:08,1746621795374,7.42,2,17d4ce1e68247e20b48538fc3d6e70f9-~1746621795374-~231561881,app-ios,247.4,0,待定,2025/5/8 9:35,2025/5/8 23:55,1,2025/5/8 9:37,NULL
306885,25050887800088,231576604,0,已失效,2025/5/8 0:11,1746615010852,0.72,2,dd391ccef6b13960d42d394c8934fc97-~1746615010852-~231576604,app-android,23.9,0,待定,2025/5/8 9:35,2025/5/8 23:55,1,2025/5/8 9:37,NULL
306886,25050866366744,233502003,1,已付款,2025/5/8 0:08,1746631786569,0.08,2,17d4ce1e68247e20b48538fc3d6e70f9-~1746631786569-~233502003,app-ios,2.39,0,待定,2025/5/8 9:35,2025/5/8 23:55,1,2025/5/8 9:37,NULL
306887,25050879104534,231576604,1,已付款,2025/5/8 0:33,1746615010852,9.52,2,dd391ccef6b13960d42d394c8934fc97-~1746615010852-~231576604,app-android,281.5,0,待定,2025/5/8 9:35,2025/5/8 23:55,1,2025/5/8 9:37,NULL
306888,25050810477556,231561881,0,已失效,2025/5/8 0:06,1746620997505,21.97,2,17d4ce1e68247e20b48538fc3d6e70f9-~1746620997505-~231561881,app-ios,313.9,0,待定,2025/5/8 9:35,2025/5/8 23:55,1,2025/5/8 9:37,NULL
306889,25050814261075,231576604,1,已付款,2025/5/8 0:31,1746584286263,26.98,2,dd391ccef6b13960d42d394c8934fc97-~1746584286263-~231576604,app-android,298.14,0,待定,2025/5/8 9:35,2025/5/8 23:55,1,2025/5/8 9:37,NULL
306890,25050870674224,231561881,1,已付款,2025/5/8 0:33,1746635186462,5.61,2,17d4ce1e68247e20b48538fc3d6e70f9-~1746635186462-~231561881,app-ios,93.5,0,待定,2025/5/8 9:35,2025/5/8 23:55,1,2025/5/8 9:37,NULL
306891,25050870707824,231576604,1,已付款,2025/5/8 0:30,1746624263197,4.34,2,dd391ccef6b13960d42d394c8934fc97-~1746624263197-~231576604,app-android,48.22,0,待定,2025/5/8 9:35,2025/5/8 23:55,1,2025/5/8 9:37,NULL
306892,25050866445744,233502003,1,已付款,2025/5/8 0:04,1746633442247,1.26,2,17d4ce1e68247e20b48538fc3d6e70f9-~1746633442247-~233502003,app-ios,126,0,待定,2025/5/8 9:35,2025/5/8 23:55,1,2025/5/8 9:37,NULL
306893,25050887419788,231576604,1,已付款,2025/5/8 0:36,1746615010852,0.61,2,dd391ccef6b13960d42d394c8934fc97-~1746615010852-~231576604,app-android,20.22,0,待定,2025/5/8 9:35,2025/5/8 23:55,1,2025/5/8 9:37,NULL
306894,25050866445644,233502003,1,已付款,2025/5/8 0:04,1746633442247,1.46,2,17d4ce1e68247e20b48538fc3d6e70f9-~1746633442247-~233502003,app-ios,146,0,待定,2025/5/8 9:35,2025/5/8 23:55,1,2025/5/8 9:37,NULL
306896,25050814500675,231576604,1,已付款,2025/5/8 0:15,1746615010852,0.37,2,dd391ccef6b13960d42d394c8934fc97-~1746615010852-~231576604,app-android,73,0,待定,2025/5/8 9:35,2025/5/8 23:55,1,2025/5/8 9:37,NULL
306897,25050803920865,231561881,1,已付款,2025/5/8 0:07,1746633852885,0.01,2,17d4ce1e68247e20b48538fc3d6e70f9-~1746633852885-~231561881,app-ios,1.1,0,待定,2025/5/8 9:35,2025/5/8 23:55,1,2025/5/8 9:37,NULL
306898,25050865989344,233502029,1,已付款,2025/5/8 0:32,1746632065932,0.34,2,dd391ccef6b13960d42d394c8934fc97-~1746632065932-~233502029,app-android,67.87,0,待定,2025/5/8 9:35,2025/5/8 23:55,1,2025/5/8 9:37,NULL
306899,25050810529856,233502003,0,已失效,2025/5/8 0:03,1746633442247,2.72,2,17d4ce1e68247e20b48538fc3d6e70f9-~1746633442247-~233502003,app-ios,272,0,待定,2025/5/8 9:35,2025/5/8 23:55,1,2025/5/8 9:37,NULL
306900,25050865634744,231561881,1,已付款,2025/5/8 1:06,1746594805899,0,2,17d4ce1e68247e20b48538fc3d6e70f9-~1746594805899-~231561881,app-ios,159,1,/,2025/5/8 9:35,2025/5/8 23:55,0,NULL,NULL
306901,25050886822988,231561881,1,已付款,2025/5/8 2:00,1746631625115,0.86,2,17d4ce1e68247e20b48538fc3d6e70f9-~1746631625115-~231561881,app-ios,28.52,0,待定,2025/5/8 9:35,2025/5/8 23:55,1,2025/5/8 9:37,NULL
306902,25050805802165,231561881,1,已付款,2025/5/8 4:24,1746592585710,9.4,2,17d4ce1e68247e20b48538fc3d6e70f9-~1746592585710-~231561881,app-ios,94,0,待定,2025/5/8 9:35,2025/5/8 23:55,1,2025/5/8 9:37,NULL
306903,25050812290256,231561881,1,已付款,2025/5/8 4:48,1746583330539,7.7,2,17d4ce1e68247e20b48538fc3d6e70f9-~1746583330539-~231561881,app-ios,110,0,待定,2025/5/8 9:35,2025/5/8 23:55,1,2025/5/8 9:37,NULL
306904,25050813221675,231561881,1,已付款,2025/5/8 4:44,1746583330539,5.81,2,17d4ce1e68247e20b48538fc3d6e70f9-~1746583330539-~231561881,app-ios,83,0,待定,2025/5/8 9:35,2025/5/8 23:55,1,2025/5/8 9:37,NULL
306905,25050860604703,233460954,1,已付款,2025/5/8 5:00,1746587360870,0,2,dd391ccef6b13960d42d394c8934fc97-~1746587360870-~233460954,app-android,6.08,1,/,2025/5/8 9:35,2025/5/8 23:55,0,NULL,NULL
306906,25050881141534,231561881,1,已付款,2025/5/8 5:53,1746654355652,14.4,2,17d4ce1e68247e20b48538fc3d6e70f9-~1746654355652-~231561881,app-ios,180,0,待定,2025/5/8 9:35,2025/5/8 23:55,1,2025/5/8 9:37,NULL
306907,25050881215034,231576604,1,已付款,2025/5/8 5:38,1746567749509,1.3,2,dd391ccef6b13960d42d394c8934fc97-~1746567749509-~231576604,app-android,130.15,0,待定,2025/5/8 9:35,2025/5/8 23:55,1,2025/5/8 9:37,NULL
306908,25050868033144,231576604,1,已下单,2025/5/8 5:48,1746653649686,20.79,2,dd391ccef6b13960d42d394c8934fc97-~1746653649686-~231576604,app-android,297,0,待定,2025/5/8 9:35,2025/5/8 23:55,1,2025/5/8 9:37,NULL
306909,25050813053175,231576604,1,已付款,2025/5/8 5:42,1746653649686,0.18,2,dd391ccef6b13960d42d394c8934fc97-~1746653649686-~231576604,app-android,35.92,0,待定,2025/5/8 9:35,2025/5/8 23:55,1,2025/5/8 9:37,NULL
306910,25050863714503,231576604,1,已付款,2025/5/8 5:47,1746653926736,80.15,2,dd391ccef6b13960d42d394c8934fc97-~1746653926736-~231576604,app-android,1603,0,待定,2025/5/8 9:35,2025/5/8 23:55,1,2025/5/8 9:37,NULL
306911,25050868079744,231576604,1,已付款,2025/5/8 5:40,1746520015917,5.92,2,dd391ccef6b13960d42d394c8934fc97-~1746520015917-~231576604,app-android,296,0,待定,2025/5/8 9:35,2025/5/8 23:55,1,2025/5/8 9:37,NULL
306912,25050863163003,231576604,1,已付款,2025/5/8 6:48,1746589450934,0,2,dd391ccef6b13960d42d394c8934fc97-~1746589450934-~231576604,app-android,121.2,1,/,2025/5/8 9:35,2025/5/8 23:55,0,NULL,NULL
306914,25050812937875,231576604,1,已付款,2025/5/8 6:02,1746654762828,4.14,5,dd391ccef6b13960d42d394c8934fc97-~1746654762828-~231576604,app-android,138,0,待定,2025/5/8 9:35,2025/5/8 23:55,1,2025/5/8 9:37,NULL
306915,25050802719375,231561881,1,已付款,2025/5/8 6:43,1746572185786,2.62,2,17d4ce1e68247e20b48538fc3d6e70f9-~1746572185786-~231561881,app-ios,37.44,0,待定,2025/5/8 9:35,2025/5/8 23:55,1,2025/5/8 9:37,NULL
306916,25050866259215,231576604,1,已付款,2025/5/8 6:41,1746617720257,1.76,2,dd391ccef6b13960d42d394c8934fc97-~1746617720257-~231576604,app-android,352.54,0,待定,2025/5/8 9:35,2025/5/8 23:55,1,2025/5/8 9:37,NULL
306917,25050805195565,231576604,1,已付款,2025/5/8 6:34,1746572532515,0,2,dd391ccef6b13960d42d394c8934fc97-~1746572532515-~231576604,app-android,35.3,1,/,2025/5/8 9:35,2025/5/8 23:55,0,NULL,NULL
306918,25050866232615,231576604,0,已失效,2025/5/8 6:44,1746634602183,18.41,2,dd391ccef6b13960d42d394c8934fc97-~1746634602183-~231576604,app-android,263,0,待定,2025/5/8 9:35,2025/5/8 23:55,1,2025/5/8 9:37,NULL
306919,25050867655844,231561881,1,已付款,2025/5/8 6:35,1746603932748,2.58,2,17d4ce1e68247e20b48538fc3d6e70f9-~1746603932748-~231561881,app-ios,86,0,待定,2025/5/8 9:35,2025/5/8 23:55,1,2025/5/8 9:37,NULL
306920,25050811719556,231561881,0,已失效,2025/5/8 6:34,1746603932748,2.45,2,17d4ce1e68247e20b48538fc3d6e70f9-~1746603932748-~231561881,app-ios,81.7,0,待定,2025/5/8 9:35,2025/5/8 23:55,1,2025/5/8 9:37,NULL
306921,25050801887775,233476754,1,已付款,2025/5/8 7:35,1746621761146,13.38,2,17d4ce1e68247e20b48538fc3d6e70f9-~1746621761146-~233476754,app-ios,445.97,0,待定,2025/5/8 9:35,2025/5/8 23:55,1,2025/5/8 9:37,NULL
306922,25050865444415,233502003,1,已付款,2025/5/8 7:34,1746658647746,0.5,2,17d4ce1e68247e20b48538fc3d6e70f9-~1746658647746-~233502003,app-ios,100,0,待定,2025/5/8 9:35,2025/5/8 23:55,1,2025/5/8 9:37,NULL
306923,25050804759165,233502003,0,已失效,2025/5/8 7:06,1746631225625,12.25,2,17d4ce1e68247e20b48538fc3d6e70f9-~1746631225625-~233502003,app-ios,175,0,待定,2025/5/8 9:35,2025/5/8 23:55,1,2025/5/8 9:37,NULL
306924,25050862238203,231576604,1,已付款,2025/5/8 7:45,1746653720276,0,2,dd391ccef6b13960d42d394c8934fc97-~1746653720276-~231576604,app-android,125.25,1,/,2025/5/8 9:35,2025/5/8 23:55,0,NULL,NULL
306925,25050807526165,231561881,0,已失效,2025/5/8 7:36,1746574570106,0.14,2,17d4ce1e68247e20b48538fc3d6e70f9-~1746574570106-~231561881,app-ios,1.4,0,待定,2025/5/8 9:35,2025/5/8 23:55,1,2025/5/8 9:37,NULL
306926,25050865635315,231561881,1,已付款,2025/5/8 7:23,1746657710086,0.77,2,17d4ce1e68247e20b48538fc3d6e70f9-~1746657710086-~231561881,app-ios,38.73,0,待定,2025/5/8 9:35,2025/5/8 23:55,1,2025/5/8 9:37,NULL
306927,25050870254034,231576604,1,已付款,2025/5/8 7:24,1746626320401,0.23,2,dd391ccef6b13960d42d394c8934fc97-~1746626320401-~231576604,app-android,46,0,待定,2025/5/8 9:35,2025/5/8 23:55,1,2025/5/8 9:37,NULL
306928,25050809244845,231561881,1,已付款,2025/5/8 7:41,1746654293795,5.04,2,17d4ce1e68247e20b48538fc3d6e70f9-~1746654293795-~231561881,app-ios,72,0,待定,2025/5/8 9:35,2025/5/8 23:55,1,2025/5/8 9:37,NULL
306929,25050869872234,231561881,1,已付款,2025/5/8 7:46,1746591182173,5.25,2,17d4ce1e68247e20b48538fc3d6e70f9-~1746591182173-~231561881,app-ios,74.99,0,待定,2025/5/8 9:35,2025/5/8 23:55,1,2025/5/8 9:37,NULL
306930,25050827542089,231576604,1,已付款,2025/5/8 7:35,1746603403299,2.21,2,dd391ccef6b13960d42d394c8934fc97-~1746603403299-~231576604,app-android,103.1,0,待定,2025/5/8 9:35,2025/5/8 23:55,1,2025/5/8 9:37,NULL
306931,25050874892324,231576604,1,已付款,2025/5/8 7:27,1746603855951,3.75,2,dd391ccef6b13960d42d394c8934fc97-~1746603855951-~231576604,app-android,74.99,0,待定,2025/5/8 9:35,2025/5/8 23:55,1,2025/5/8 9:37,NULL
306932,25050874971524,231576604,0,已失效,2025/5/8 7:22,1746603855951,3.75,2,dd391ccef6b13960d42d394c8934fc97-~1746603855951-~231576604,app-android,74.99,0,待定,2025/5/8 9:35,2025/5/8 23:55,1,2025/5/8 9:37,NULL
306933,25050807279265,231561881,1,已付款,2025/5/8 7:50,1746606742990,9.91,2,17d4ce1e68247e20b48538fc3d6e70f9-~1746606742990-~231561881,app-ios,292.1,0,待定,2025/5/8 9:35,2025/5/8 23:55,1,2025/5/8 9:37,NULL
306934,25050875206624,233502003,1,已下单,2025/5/8 7:08,1746631225625,11.2,2,17d4ce1e68247e20b48538fc3d6e70f9-~1746631225625-~233502003,app-ios,160,0,待定,2025/5/8 9:35,2025/5/8 23:55,1,2025/5/8 9:37,NULL
306937,25050829929789,231561881,1,已付款,2025/5/8 8:18,1746656370380,0.99,2,17d4ce1e68247e20b48538fc3d6e70f9-~1746656370380-~231561881,app-ios,32.89,0,待定,2025/5/8 9:35,2025/5/8 23:55,1,2025/5/8 9:37,NULL
306946,25050854885815,233502029,1,已付款,2025/5/8 8:11,1746631339148,10.36,2,dd391ccef6b13960d42d394c8934fc97-~1746631339148-~233502029,app-android,148,0,待定,2025/5/8 9:35,2025/5/8 23:55,1,2025/5/8 9:37,NULL
306947,25050868912434,231576604,1,已付款,2025/5/8 8:27,1746621413114,1.15,2,dd391ccef6b13960d42d394c8934fc97-~1746621413114-~231576604,app-android,115,0,待定,2025/5/8 9:35,2025/5/8 23:55,1,2025/5/8 9:37,NULL
306948,25050869424434,231561881,1,已付款,2025/5/8 8:07,1746662191465,15.82,2,17d4ce1e68247e20b48538fc3d6e70f9-~1746662191465-~231561881,app-ios,225.96,0,待定,2025/5/8 9:35,2025/5/8 23:55,1,2025/5/8 9:37,NULL
306950,25050806717965,231576604,0,已失效,2025/5/8 8:15,1746621340540,30.24,2,dd391ccef6b13960d42d394c8934fc97-~1746621340540-~231576604,app-android,378,0,待定,2025/5/8 9:35,2025/5/8 23:55,1,2025/5/8 9:37,NULL
306952,25050873934924,233502029,1,已付款,2025/5/8 8:15,1746631339148,10.8,2,dd391ccef6b13960d42d394c8934fc97-~1746631339148-~233502029,app-android,108,0,待定,2025/5/8 9:35,2025/5/8 23:55,1,2025/5/8 9:37,NULL
306954,25050806992265,231576604,1,已付款,2025/5/8 8:04,1746586095320,0,2,dd391ccef6b13960d42d394c8934fc97-~1746586095320-~231576604,app-android,31.98,1,/,2025/5/8 9:35,2025/5/8 23:55,0,NULL,NULL
306955,25050896423464,231561881,1,已付款,2025/5/8 8:33,1746622773322,2.14,2,17d4ce1e68247e20b48538fc3d6e70f9-~1746622773322-~231561881,app-ios,71.26,0,待定,2025/5/8 9:35,2025/5/8 23:55,1,2025/5/8 9:37,NULL
306956,25050803018056,231561881,0,已失效,2025/5/8 8:31,1746622773322,2.69,2,17d4ce1e68247e20b48538fc3d6e70f9-~1746622773322-~231561881,app-ios,126.2,0,待定,2025/5/8 9:35,2025/5/8 23:55,1,2025/5/8 9:37,NULL
306957,25050863778024,231576604,1,已付款,2025/5/8 8:27,1746621413114,3.22,2,dd391ccef6b13960d42d394c8934fc97-~1746621413114-~231576604,app-android,46,0,待定,2025/5/8 9:35,2025/5/8 23:55,1,2025/5/8 9:37,NULL
306958,25050803880104,231576604,0,已失效,2025/5/8 8:27,1746621413114,4.37,2,dd391ccef6b13960d42d394c8934fc97-~1746621413114-~231576604,app-android,161,0,待定,2025/5/8 9:35,2025/5/8 23:55,1,2025/5/8 9:37,NULL
306960,25050863651524,231576604,1,已付款,2025/5/8 8:32,1746626116610,0,2,dd391ccef6b13960d42d394c8934fc97-~1746626116610-~231576604,app-android,3.9,1,/,2025/5/8 9:35,2025/5/8 23:55,0,NULL,NULL
306964,25050863621824,231561881,1,已付款,2025/5/8 8:33,1746622773322,0.55,2,17d4ce1e68247e20b48538fc3d6e70f9-~1746622773322-~231561881,app-ios,54.94,0,待定,2025/5/8 9:35,2025/5/8 23:55,1,2025/5/8 9:37,NULL
307105,25050897847064,231576604,1,已付款,2025/5/8 9:33,1746529252526,0.05,2,dd391ccef6b13960d42d394c8934fc97-~1746529252526-~231576604,app-android,9.99,0,待定,2025/5/8 9:37,2025/5/8 23:55,1,2025/5/8 9:50,NULL
307247,25050804977504,233498054,1,已付款,2025/5/8 9:38,1746663097065,3.39,2,dd391ccef6b13960d42d394c8934fc97-~1746663097065-~233498054,app-android,113,0,待定,2025/5/8 9:38,2025/5/8 23:55,1,2025/5/8 9:55,NULL
307280,25050873280234,231576604,1,已付款,2025/5/8 9:38,1746547283044,22.83,2,dd391ccef6b13960d42d394c8934fc97-~1746547283044-~231576604,app-android,732.24,0,待定,2025/5/8 9:39,2025/5/8 23:55,1,2025/5/8 9:55,NULL
307283,25050873280134,231576604,1,已付款,2025/5/8 9:38,1746547283044,1.05,2,dd391ccef6b13960d42d394c8934fc97-~1746547283044-~231576604,app-android,104.9,0,待定,2025/5/8 9:39,2025/5/8 23:55,1,2025/5/8 9:55,NULL
307294,25050804947804,231561881,1,已付款,2025/5/8 9:39,1746658846111,0.01,2,17d4ce1e68247e20b48538fc3d6e70f9-~1746658846111-~231561881,app-ios,6,0,待定,2025/5/8 9:39,2025/5/8 23:55,1,2025/5/8 9:56,NULL
307353,25050830782589,233502029,0,已失效,2025/5/8 9:39,1746662723518,0.5,2,dd391ccef6b13960d42d394c8934fc97-~1746662723518-~233502029,app-android,10,0,待定,2025/5/8 9:40,2025/5/8 23:55,1,2025/5/8 9:56,NULL
307372,25050864830224,233502029,0,已失效,2025/5/8 9:39,1746662723518,5.6,2,dd391ccef6b13960d42d394c8934fc97-~1746662723518-~233502029,app-android,56,0,待定,2025/5/8 9:40,2025/5/8 23:55,1,2025/5/8 9:56,NULL
307376,25050855543215,233502029,0,已失效,2025/5/8 9:39,1746662723518,10.28,2,dd391ccef6b13960d42d394c8934fc97-~1746662723518-~233502029,app-android,146.82,0,待定,2025/5/8 9:40,2025/5/8 23:55,1,2025/5/8 9:56,NULL
307731,25050873123934,233502029,1,已付款,2025/5/8 9:43,1746662723518,0.5,2,dd391ccef6b13960d42d394c8934fc97-~1746662723518-~233502029,app-android,10,0,待定,2025/5/8 9:43,2025/5/8 23:55,1,2025/5/8 10:00,NULL
307765,25050858695815,233502029,1,已付款,2025/5/8 9:43,1746662723518,10.28,2,dd391ccef6b13960d42d394c8934fc97-~1746662723518-~233502029,app-android,146.82,0,待定,2025/5/8 9:43,2025/5/8 23:55,1,2025/5/8 10:00,NULL
307767,25050864697924,233502029,1,已付款,2025/5/8 9:43,1746662723518,5.6,2,dd391ccef6b13960d42d394c8934fc97-~1746662723518-~233502029,app-android,56,0,待定,2025/5/8 9:43,2025/5/8 23:55,1,2025/5/8 10:00,NULL
308314,25050812265445,231576604,1,已付款,2025/5/8 9:48,1746661488198,0.58,2,dd391ccef6b13960d42d394c8934fc97-~1746661488198-~231576604,app-android,115.5,0,待定,2025/5/8 9:48,2025/5/8 23:55,1,2025/5/8 10:05,NULL
308721,25050803802556,231561881,1,已付款,2025/5/8 9:49,1746585416200,0,2,17d4ce1e68247e20b48538fc3d6e70f9-~1746585416200-~231561881,app-ios,19,1,/,2025/5/8 9:53,2025/5/8 23:55,0,NULL,NULL
308742,25050833712589,231561881,1,已付款,2025/5/8 9:49,1746585416200,0,2,17d4ce1e68247e20b48538fc3d6e70f9-~1746585416200-~231561881,app-ios,19,1,/,2025/5/8 9:53,2025/5/8 23:55,0,NULL,NULL
308748,25050808001575,231561881,1,已付款,2025/5/8 9:49,1746585416200,0,2,17d4ce1e68247e20b48538fc3d6e70f9-~1746585416200-~231561881,app-ios,19.8,1,/,2025/5/8 9:53,2025/5/8 23:55,0,NULL,NULL
308756,25050864488224,231561881,1,已付款,2025/5/8 9:49,1746585416200,0,2,17d4ce1e68247e20b48538fc3d6e70f9-~1746585416200-~231561881,app-ios,54.85,1,/,2025/5/8 9:53,2025/5/8 23:55,0,NULL,NULL
308923,25050897092364,231576604,1,已付款,2025/5/8 9:54,1746582680513,7.7,2,dd391ccef6b13960d42d394c8934fc97-~1746582680513-~231576604,app-android,256.48,0,待定,2025/5/8 9:55,2025/5/8 23:55,1,2025/5/8 10:11,NULL
309053,25050807789975,231576604,1,已付款,2025/5/8 9:55,1746602445869,5.79,2,dd391ccef6b13960d42d394c8934fc97-~1746602445869-~231576604,app-android,82.7,0,待定,2025/5/8 9:55,2025/5/8 23:55,1,2025/5/8 10:12,NULL
309182,25050811952145,231576604,1,已付款,2025/5/8 9:56,1746661488198,0.58,2,dd391ccef6b13960d42d394c8934fc97-~1746661488198-~231576604,app-android,115.5,0,待定,2025/5/8 9:57,2025/5/8 23:55,1,2025/5/8 10:13,NULL
309266,25050807568304,233498054,0,已失效,2025/5/8 9:58,1746663123638,0,2,dd391ccef6b13960d42d394c8934fc97-~1746663123638-~233498054,app-android,106.95,1,/,2025/5/8 9:58,2025/5/8 23:55,0,NULL,NULL
309336,25050811866845,231576604,1,已付款,2025/5/8 9:59,1746628757681,2.38,2,dd391ccef6b13960d42d394c8934fc97-~1746628757681-~231576604,app-android,79.45,0,待定,2025/5/8 9:59,2025/5/8 23:55,1,2025/5/8 10:16,NULL
309392,25050811853745,231561881,1,已付款,2025/5/8 9:59,1746654663279,1.23,2,17d4ce1e68247e20b48538fc3d6e70f9-~1746654663279-~231561881,app-ios,122.98,0,待定,2025/5/8 9:59,2025/5/8 23:55,1,2025/5/8 10:16,NULL
309505,25050896906664,231561881,0,已失效,2025/5/8 9:59,1746620997505,1.06,2,17d4ce1e68247e20b48538fc3d6e70f9-~1746620997505-~231561881,app-ios,105.9,0,待定,2025/5/8 10:00,2025/5/8 23:55,1,2025/5/8 10:16,NULL
309638,25050857882015,231561881,1,已付款,2025/5/8 10:01,1746604540072,5.27,2,17d4ce1e68247e20b48538fc3d6e70f9-~1746604540072-~231561881,app-ios,52.74,0,待定,2025/5/8 10:01,2025/5/8 23:55,1,2025/5/8 10:18,NULL
309669,25050872319434,233498046,1,已付款,2025/5/8 10:01,1746664624350,0,2,17d4ce1e68247e20b48538fc3d6e70f9-~1746664624350-~233498046,app-ios,279,1,/,2025/5/8 10:01,2025/5/8 23:55,0,NULL,NULL
309694,25050896608664,233476754,1,已付款,2025/5/8 10:01,1746615336088,1.32,2,17d4ce1e68247e20b48538fc3d6e70f9-~1746615336088-~233476754,app-ios,43.87,0,待定,2025/5/8 10:01,2025/5/8 23:55,1,2025/5/8 10:18,NULL
309717,25050807310475,231576604,1,已付款,2025/5/8 10:01,1746620495045,1.44,2,dd391ccef6b13960d42d394c8934fc97-~1746620495045-~231576604,app-android,48,0,待定,2025/5/8 10:01,2025/5/8 23:55,1,2025/5/8 10:18,NULL
309752,25050807201875,231561881,0,已失效,2025/5/8 10:02,1746605470632,17.28,2,17d4ce1e68247e20b48538fc3d6e70f9-~1746605470632-~231561881,app-ios,576,0,待定,2025/5/8 10:02,2025/5/8 23:55,1,2025/5/8 10:19,NULL
309841,25050866836124,231576604,1,已付款,2025/5/8 10:03,1746613040675,2.6,2,dd391ccef6b13960d42d394c8934fc97-~1746613040675-~231576604,app-android,86.52,0,待定,2025/5/8 10:03,2025/5/8 23:55,1,2025/5/8 10:20,NULL
309846,25050807012504,231561881,0,已失效,2025/5/8 10:02,1746657121307,0,2,17d4ce1e68247e20b48538fc3d6e70f9-~1746657121307-~231561881,app-ios,807.9,0,待定,2025/5/8 10:03,2025/5/8 23:55,0,NULL,NULL
309856,25050807068275,231576604,1,已付款,2025/5/8 10:03,1746613040675,2.21,2,dd391ccef6b13960d42d394c8934fc97-~1746613040675-~231576604,app-android,73.59,0,待定,2025/5/8 10:03,2025/5/8 23:55,1,2025/5/8 10:20,NULL
309882,25050806962404,231576604,1,已付款,2025/5/8 10:03,1746613040675,3.54,2,dd391ccef6b13960d42d394c8934fc97-~1746613040675-~231576604,app-android,88.51,0,待定,2025/5/8 10:03,2025/5/8 23:55,1,2025/5/8 10:20,NULL
309883,25050866870724,231576604,0,已失效,2025/5/8 10:03,1746613040675,9.92,2,dd391ccef6b13960d42d394c8934fc97-~1746613040675-~231576604,app-android,327.18,0,待定,2025/5/8 10:03,2025/5/8 23:55,1,2025/5/8 10:20,NULL
309888,25050806963104,231576604,1,已付款,2025/5/8 10:03,1746613040675,1.57,2,dd391ccef6b13960d42d394c8934fc97-~1746613040675-~231576604,app-android,78.56,0,待定,2025/5/8 10:03,2025/5/8 23:55,1,2025/5/8 10:20,NULL
309898,25050899585564,231561881,1,已付款,2025/5/8 10:03,1746603126880,16.01,2,17d4ce1e68247e20b48538fc3d6e70f9-~1746603126880-~231561881,app-ios,533.7,0,待定,2025/5/8 10:03,2025/5/8 23:55,1,2025/5/8 10:20,NULL
309939,25050832762789,233498046,1,已付款,2025/5/8 10:03,1746667073811,0.74,2,17d4ce1e68247e20b48538fc3d6e70f9-~1746667073811-~233498046,app-ios,29.8,0,待定,2025/5/8 10:03,2025/5/8 23:55,1,2025/5/8 10:20,NULL
309957,25050806838204,233460954,0,已失效,2025/5/8 10:04,1746664921828,0,2,dd391ccef6b13960d42d394c8934fc97-~1746664921828-~233460954,app-android,145.89,1,/,2025/5/8 10:04,2025/5/8 23:55,0,NULL,NULL
309979,25050899520464,233460954,0,已失效,2025/5/8 10:04,1746664921828,0,2,dd391ccef6b13960d42d394c8934fc97-~1746664921828-~233460954,app-android,145.89,1,/,2025/5/8 10:04,2025/5/8 23:55,0,NULL,NULL
309995,25050806872904,233460954,0,已失效,2025/5/8 10:04,1746664921828,0,2,dd391ccef6b13960d42d394c8934fc97-~1746664921828-~233460954,app-android,385.71,1,/,2025/5/8 10:04,2025/5/8 23:55,0,NULL,NULL
310003,25050866717924,233460954,0,已失效,2025/5/8 10:04,1746664921828,0,2,dd391ccef6b13960d42d394c8934fc97-~1746664921828-~233460954,app-android,93.92,1,/,2025/5/8 10:04,2025/5/8 23:55,0,NULL,NULL
310025,25050875107034,231576604,0,已失效,2025/5/8 10:04,1746613435910,0,2,dd391ccef6b13960d42d394c8934fc97-~1746613435910-~231576604,app-android,277.14,1,/,2025/5/8 10:04,2025/5/8 23:55,0,NULL,NULL
310037,25050857396115,233498046,1,已付款,2025/5/8 10:04,1746624918043,15.48,2,17d4ce1e68247e20b48538fc3d6e70f9-~1746624918043-~233498046,app-ios,154.77,0,待定,2025/5/8 10:04,2025/5/8 23:55,1,2025/5/8 10:21,NULL
310226,25050857328415,233498054,1,已付款,2025/5/8 10:05,1746666217385,7.3,2,dd391ccef6b13960d42d394c8934fc97-~1746666217385-~233498054,app-android,104.24,0,待定,2025/5/8 10:05,2025/5/8 23:55,1,2025/5/8 10:22,NULL
310312,25050814297845,231561881,1,已付款,2025/5/8 10:05,1746657121307,0,2,17d4ce1e68247e20b48538fc3d6e70f9-~1746657121307-~231561881,app-ios,807.9,0,待定,2025/5/8 10:05,2025/5/8 23:55,0,NULL,NULL
311118,25050866052824,231561881,1,已付款,2025/5/8 10:11,1746661849145,2.49,2,17d4ce1e68247e20b48538fc3d6e70f9-~1746661849145-~231561881,app-ios,83,0,待定,2025/5/8 10:11,2025/5/8 23:55,1,2025/5/8 10:28,NULL
311154,25050813775845,233498054,1,已付款,2025/5/8 10:11,1746663123638,0,2,dd391ccef6b13960d42d394c8934fc97-~1746663123638-~233498054,app-android,264.95,1,/,2025/5/8 10:11,2025/5/8 23:55,0,NULL,NULL
311157,25050805357956,231576604,1,已付款,2025/5/8 10:11,1746546770139,0.39,2,dd391ccef6b13960d42d394c8934fc97-~1746546770139-~231576604,app-android,3.58,0,待定,2025/5/8 10:11,2025/5/8 23:55,1,2025/5/8 10:28,NULL
311367,25050859884315,231576604,1,已付款,2025/5/8 10:13,1746613435910,0,2,dd391ccef6b13960d42d394c8934fc97-~1746613435910-~231576604,app-android,719.04,1,/,2025/5/8 10:13,2025/5/8 23:55,0,NULL,NULL
311612,25050821926489,231576604,1,已付款,2025/5/8 10:14,1746589633775,3.61,2,dd391ccef6b13960d42d394c8934fc97-~1746589633775-~231576604,app-android,180.6,0,待定,2025/5/8 10:15,2025/5/8 23:55,1,2025/5/8 10:31,NULL
311875,25050898492264,231561881,0,已失效,2025/5/8 10:16,1746606574234,0,2,17d4ce1e68247e20b48538fc3d6e70f9-~1746606574234-~231561881,app-ios,355,1,/,2025/5/8 10:16,2025/5/8 23:55,0,NULL,NULL
312076,25050865569924,231561881,1,已付款,2025/5/8 10:17,1746611222494,9.08,2,17d4ce1e68247e20b48538fc3d6e70f9-~1746611222494-~231561881,app-ios,90.84,0,待定,2025/5/8 10:17,2025/5/8 23:55,1,2025/5/8 10:34,NULL
312123,25050898336364,231561881,0,已失效,2025/5/8 10:18,1746606574234,0,2,17d4ce1e68247e20b48538fc3d6e70f9-~1746606574234-~231561881,app-ios,355,1,/,2025/5/8 10:18,2025/5/8 23:55,0,NULL,NULL
312247,25050873891534,231561881,0,已失效,2025/5/8 10:19,1746606574234,0,2,17d4ce1e68247e20b48538fc3d6e70f9-~1746606574234-~231561881,app-ios,355,1,/,2025/5/8 10:19,2025/5/8 23:55,0,NULL,NULL
312764,25050894738555,231561881,0,已失效,2025/5/8 10:22,1746594649105,0,2,17d4ce1e68247e20b48538fc3d6e70f9-~1746594649105-~231561881,app-ios,21.77,1,/,2025/5/8 10:22,2025/5/8 23:55,0,NULL,NULL
312766,25050873674234,231561881,1,已付款,2025/5/8 10:22,1746594649105,0,2,17d4ce1e68247e20b48538fc3d6e70f9-~1746594649105-~231561881,app-ios,18.22,1,/,2025/5/8 10:22,2025/5/8 23:55,0,NULL,NULL
312777,25050859224115,231561881,1,已付款,2025/5/8 10:22,1746594649105,0,2,17d4ce1e68247e20b48538fc3d6e70f9-~1746594649105-~231561881,app-ios,3.55,1,/,2025/5/8 10:22,2025/5/8 23:55,0,NULL,NULL
312883,25050821362689,233502029,1,已付款,2025/5/8 10:22,1746670813592,28.01,2,dd391ccef6b13960d42d394c8934fc97-~1746670813592-~233502029,app-android,350.14,0,待定,2025/5/8 10:23,2025/5/8 23:55,1,2025/5/8 19:06,NULL
312963,25050859126715,233476754,0,已失效,2025/5/8 10:23,1746664285207,0,2,17d4ce1e68247e20b48538fc3d6e70f9-~1746664285207-~233476754,app-ios,264,1,/,2025/5/8 10:24,2025/5/8 23:55,0,NULL,NULL
312993,25050868422924,233476754,1,已付款,2025/5/8 10:23,1746619197649,0.29,2,17d4ce1e68247e20b48538fc3d6e70f9-~1746619197649-~233476754,app-ios,29.3,0,待定,2025/5/8 10:24,2025/5/8 23:55,1,2025/5/8 10:40,NULL
313123,25050821229689,233460954,1,已付款,2025/5/8 10:24,1746664921828,0,2,dd391ccef6b13960d42d394c8934fc97-~1746664921828-~233460954,app-android,145.7,1,/,2025/5/8 10:25,2025/5/8 23:55,0,NULL,NULL
313154,25050863670634,231561881,1,已付款,2025/5/8 10:24,1746670727428,8.79,2,17d4ce1e68247e20b48538fc3d6e70f9-~1746670727428-~231561881,app-ios,292.93,0,待定,2025/5/8 10:25,2025/5/8 23:55,1,2025/5/8 10:41,NULL
313391,25050808449504,231561881,1,已付款,2025/5/8 10:25,1746605630980,9.48,2,17d4ce1e68247e20b48538fc3d6e70f9-~1746605630980-~231561881,app-ios,316,0,待定,2025/5/8 10:25,2025/5/8 23:55,1,2025/5/8 10:42,NULL
313447,25050895409574,233476754,1,已付款,2025/5/8 10:25,1746664285207,0,2,17d4ce1e68247e20b48538fc3d6e70f9-~1746664285207-~233476754,app-ios,264,1,/,2025/5/8 10:26,2025/5/8 23:55,0,NULL,NULL
313596,25050895342274,231576604,0,已失效,2025/5/8 10:26,1746656231582,0,2,dd391ccef6b13960d42d394c8934fc97-~1746656231582-~231576604,app-android,251.01,1,/,2025/5/8 10:27,2025/5/8 23:55,0,NULL,NULL
313697,25050808274004,231576604,1,已付款,2025/5/8 10:27,1746656231582,0,2,dd391ccef6b13960d42d394c8934fc97-~1746656231582-~231576604,app-android,73.33,1,/,2025/5/8 10:28,2025/5/8 23:55,0,NULL,NULL
313726,25050863480134,231576604,1,已付款,2025/5/8 10:27,1746656231582,0,2,dd391ccef6b13960d42d394c8934fc97-~1746656231582-~231576604,app-android,77.45,1,/,2025/5/8 10:28,2025/5/8 23:55,0,NULL,NULL
313738,25050858854115,231576604,1,已付款,2025/5/8 10:27,1746656231582,0,2,dd391ccef6b13960d42d394c8934fc97-~1746656231582-~231576604,app-android,97.23,1,/,2025/5/8 10:28,2025/5/8 23:55,0,NULL,NULL
314071,25050820902689,231561881,1,已付款,2025/5/8 10:29,1746611196772,0.62,2,17d4ce1e68247e20b48538fc3d6e70f9-~1746611196772-~231561881,app-ios,6.22,0,待定,2025/5/8 10:30,2025/5/8 23:55,1,2025/5/8 10:46,NULL
314289,25050895069374,231576604,0,已失效,2025/5/8 10:31,1746630478902,3.46,2,dd391ccef6b13960d42d394c8934fc97-~1746630478902-~231576604,app-android,153,0,待定,2025/5/8 10:31,2025/5/8 23:55,1,2025/5/8 10:48,NULL
314397,25050863233134,231576604,0,已失效,2025/5/8 10:31,1746622727140,18.42,2,dd391ccef6b13960d42d394c8934fc97-~1746622727140-~231576604,app-android,507.32,0,待定,2025/5/8 10:31,2025/5/8 23:55,1,2025/5/8 10:48,NULL
314519,25050894065755,231561881,0,已失效,2025/5/8 10:32,1746620997505,0.85,2,17d4ce1e68247e20b48538fc3d6e70f9-~1746620997505-~231561881,app-ios,84.9,0,待定,2025/5/8 10:32,2025/5/8 23:55,1,2025/5/8 10:49,NULL
314525,25050824004089,231576604,0,已失效,2025/5/8 10:32,1746622727140,1.43,2,dd391ccef6b13960d42d394c8934fc97-~1746622727140-~231576604,app-android,142.96,0,待定,2025/5/8 10:32,2025/5/8 23:55,1,2025/5/8 10:49,NULL
314566,25050800673765,231576604,1,已付款,2025/5/8 10:32,1746622727140,15.01,2,dd391ccef6b13960d42d394c8934fc97-~1746622727140-~231576604,app-android,166.79,0,待定,2025/5/8 10:32,2025/5/8 23:55,1,2025/5/8 10:49,NULL
314579,25050800673665,231576604,0,已失效,2025/5/8 10:32,1746622727140,1.98,2,dd391ccef6b13960d42d394c8934fc97-~1746622727140-~231576604,app-android,197.57,0,待定,2025/5/8 10:32,2025/5/8 23:55,1,2025/5/8 10:49,NULL
315143,25050863012834,231561881,1,已付款,2025/5/8 10:35,1746602194056,9.75,2,17d4ce1e68247e20b48538fc3d6e70f9-~1746602194056-~231561881,app-ios,195,0,待定,2025/5/8 10:35,2025/5/8 23:55,1,2025/5/8 10:52,NULL
315415,25050800395665,233476754,0,已失效,2025/5/8 10:37,1746669438441,0,2,17d4ce1e68247e20b48538fc3d6e70f9-~1746669438441-~233476754,app-ios,98,1,/,2025/5/8 10:37,2025/5/8 23:55,0,NULL,NULL
315530,25050862863234,231561881,0,已失效,2025/5/8 10:37,1746603957833,15.77,2,17d4ce1e68247e20b48538fc3d6e70f9-~1746603957833-~231561881,app-ios,507.12,0,待定,2025/5/8 10:38,2025/5/8 23:55,1,2025/5/8 10:54,NULL
315556,25050862851034,231561881,1,已付款,2025/5/8 10:38,1746603957833,4.96,2,17d4ce1e68247e20b48538fc3d6e70f9-~1746603957833-~231561881,app-ios,91.78,0,待定,2025/5/8 10:38,2025/5/8 23:55,1,2025/5/8 10:55,NULL
315599,25050823671589,231561881,1,已付款,2025/5/8 10:38,1746603957833,0.82,2,17d4ce1e68247e20b48538fc3d6e70f9-~1746603957833-~231561881,app-ios,82.31,0,待定,2025/5/8 10:38,2025/5/8 23:55,1,2025/5/8 10:55,NULL
315600,25050800344965,231561881,1,已付款,2025/5/8 10:38,1746603957833,2.41,2,17d4ce1e68247e20b48538fc3d6e70f9-~1746603957833-~231561881,app-ios,80.42,0,待定,2025/5/8 10:38,2025/5/8 23:55,1,2025/5/8 10:55,NULL
315601,25050802135845,231561881,1,已付款,2025/5/8 10:38,1746603957833,0.69,2,17d4ce1e68247e20b48538fc3d6e70f9-~1746603957833-~231561881,app-ios,69.06,0,待定,2025/5/8 10:38,2025/5/8 23:55,1,2025/5/8 10:55,NULL
315617,25050802135745,231561881,1,已付款,2025/5/8 10:38,1746603957833,0.82,2,17d4ce1e68247e20b48538fc3d6e70f9-~1746603957833-~231561881,app-ios,82.32,0,待定,2025/5/8 10:38,2025/5/8 23:55,1,2025/5/8 10:55,NULL
315621,25050867518624,231561881,1,已付款,2025/5/8 10:38,1746603957833,6.07,2,17d4ce1e68247e20b48538fc3d6e70f9-~1746603957833-~231561881,app-ios,101.24,0,待定,2025/5/8 10:38,2025/5/8 23:55,1,2025/5/8 10:55,NULL
315699,25050823641889,231561881,1,已付款,2025/5/8 10:38,1746602194056,9.4,2,17d4ce1e68247e20b48538fc3d6e70f9-~1746602194056-~231561881,app-ios,188,0,待定,2025/5/8 10:39,2025/5/8 23:55,1,2025/5/8 10:55,NULL
315733,25050802049045,231561881,0,已失效,2025/5/8 10:39,1746587292637,7.35,2,17d4ce1e68247e20b48538fc3d6e70f9-~1746587292637-~231561881,app-ios,147,0,待定,2025/5/8 10:39,2025/5/8 23:55,1,2025/5/8 10:56,NULL
315820,25050893663355,231561881,1,已付款,2025/5/8 10:39,1746587292637,3.5,2,17d4ce1e68247e20b48538fc3d6e70f9-~1746587292637-~231561881,app-ios,70,0,待定,2025/5/8 10:40,2025/5/8 23:55,1,2025/5/8 10:56,NULL
315858,25050867414824,231576604,1,已付款,2025/5/8 10:39,1746619154593,0.18,2,dd391ccef6b13960d42d394c8934fc97-~1746619154593-~231576604,app-android,2.21,0,待定,2025/5/8 10:40,2025/5/8 23:55,1,2025/5/8 10:55,NULL
315864,25050862756934,231561881,1,已付款,2025/5/8 10:39,1746587292637,3.85,2,17d4ce1e68247e20b48538fc3d6e70f9-~1746587292637-~231561881,app-ios,77,0,待定,2025/5/8 10:40,2025/5/8 23:55,1,2025/5/8 10:56,NULL
316144,25050823529089,231576604,0,已失效,2025/5/8 10:40,1746605423271,15.35,2,dd391ccef6b13960d42d394c8934fc97-~1746605423271-~231576604,app-android,512,0,待定,2025/5/8 10:40,2025/5/8 23:55,1,2025/5/8 10:57,NULL
316158,25050800179165,231576604,1,已付款,2025/5/8 10:40,1746630478902,0.76,2,dd391ccef6b13960d42d394c8934fc97-~1746630478902-~231576604,app-android,76,0,待定,2025/5/8 10:41,2025/5/8 23:55,1,2025/5/8 10:57,NULL
316159,25050800185565,231576604,0,已失效,2025/5/8 10:40,1746605423271,2.58,2,dd391ccef6b13960d42d394c8934fc97-~1746605423271-~231576604,app-android,86.15,0,待定,2025/5/8 10:41,2025/5/8 23:55,1,2025/5/8 10:57,NULL
316161,25050867358524,231576604,0,已失效,2025/5/8 10:40,1746605423271,2.73,2,dd391ccef6b13960d42d394c8934fc97-~1746605423271-~231576604,app-android,91.12,0,待定,2025/5/8 10:41,2025/5/8 23:55,1,2025/5/8 10:57,NULL
316182,25050801977045,231576604,0,已失效,2025/5/8 10:40,1746605423271,2.97,2,dd391ccef6b13960d42d394c8934fc97-~1746605423271-~231576604,app-android,99.04,0,待定,2025/5/8 10:41,2025/5/8 23:55,1,2025/5/8 10:57,NULL
316186,25050897645203,231576604,1,已付款,2025/5/8 10:40,1746630478902,2.7,2,dd391ccef6b13960d42d394c8934fc97-~1746630478902-~231576604,app-android,77,0,待定,2025/5/8 10:41,2025/5/8 23:55,1,2025/5/8 10:57,NULL
316191,25050801976945,231576604,0,已失效,2025/5/8 10:40,1746605423271,2.47,2,dd391ccef6b13960d42d394c8934fc97-~1746605423271-~231576604,app-android,82.19,0,待定,2025/5/8 10:41,2025/5/8 23:55,1,2025/5/8 10:57,NULL
316197,25050848245615,231576604,1,已付款,2025/5/8 10:40,1746605423271,1.9,2,dd391ccef6b13960d42d394c8934fc97-~1746605423271-~231576604,app-android,63.38,0,待定,2025/5/8 10:41,2025/5/8 23:55,1,2025/5/8 10:57,NULL
316200,25050801976845,231576604,0,已失效,2025/5/8 10:40,1746605423271,2.7,2,dd391ccef6b13960d42d394c8934fc97-~1746605423271-~231576604,app-android,90.12,0,待定,2025/5/8 10:41,2025/5/8 23:55,1,2025/5/8 10:57,NULL
316274,25050800141365,233476754,1,已付款,2025/5/8 10:41,1746605099291,0,2,17d4ce1e68247e20b48538fc3d6e70f9-~1746605099291-~233476754,app-ios,83.82,1,/,2025/5/8 10:41,2025/5/8 23:55,0,NULL,NULL
318300,25050889814264,231576604,1,已付款,2025/5/8 10:50,1746612375517,0,2,dd391ccef6b13960d42d394c8934fc97-~1746612375517-~231576604,app-android,934,1,/,2025/5/8 10:50,2025/5/8 23:55,0,NULL,NULL
318401,25050822910289,233498054,1,已付款,2025/5/8 10:51,1746672040389,0.52,2,dd391ccef6b13960d42d394c8934fc97-~1746672040389-~233498054,app-android,52.16,0,待定,2025/5/8 10:51,2025/5/8 23:55,1,2025/5/8 11:08,NULL
318662,25050865279634,231561881,1,已付款,2025/5/8 10:52,1746667830933,5.24,2,17d4ce1e68247e20b48538fc3d6e70f9-~1746667830933-~231561881,app-ios,174.7,0,待定,2025/5/8 10:53,2025/5/8 23:55,1,2025/5/8 11:09,NULL
319279,25050889557564,233498054,0,已失效,2025/5/8 10:55,1746663310505,0,2,dd391ccef6b13960d42d394c8934fc97-~1746663310505-~233498054,app-android,60.94,1,/,2025/5/8 10:55,2025/5/8 23:55,0,NULL,NULL
319346,25050847446115,233498054,1,已付款,2025/5/8 10:55,1746663310505,0,2,dd391ccef6b13960d42d394c8934fc97-~1746663310505-~233498054,app-android,31.4,1,/,2025/5/8 10:55,2025/5/8 23:55,0,NULL,NULL
319372,25050896827003,231576604,0,已失效,2025/5/8 10:55,1746636312675,8.78,2,dd391ccef6b13960d42d394c8934fc97-~1746636312675-~231576604,app-android,125.4,0,待定,2025/5/8 10:56,2025/5/8 23:55,1,2025/5/8 11:12,NULL
319467,25050865092634,233460954,0,已失效,2025/5/8 10:56,1746665552764,12.19,2,dd391ccef6b13960d42d394c8934fc97-~1746665552764-~233460954,app-android,291.9,0,待定,2025/5/8 10:56,2025/5/8 23:55,1,2025/5/8 11:13,NULL
319540,25050847371615,233498054,1,已付款,2025/5/8 10:56,1746663310505,0,2,dd391ccef6b13960d42d394c8934fc97-~1746663310505-~233498054,app-android,60.94,1,/,2025/5/8 10:57,2025/5/8 23:55,0,NULL,NULL
319543,25050896882974,233460954,1,已付款,2025/5/8 10:56,1746665552764,2.37,2,dd391ccef6b13960d42d394c8934fc97-~1746665552764-~233460954,app-android,78.9,0,待定,2025/5/8 10:57,2025/5/8 23:55,1,2025/5/8 11:13,NULL
319548,25050889484764,233502029,1,已付款,2025/5/8 10:56,1746630031847,9.53,2,dd391ccef6b13960d42d394c8934fc97-~1746630031847-~233502029,app-android,317.7,0,待定,2025/5/8 10:57,2025/5/8 23:55,1,2025/5/8 11:13,NULL
319560,25050865073434,233460954,1,已付款,2025/5/8 10:56,1746665552764,2.1,2,dd391ccef6b13960d42d394c8934fc97-~1746665552764-~233460954,app-android,35,0,待定,2025/5/8 10:57,2025/5/8 23:55,1,2025/5/8 11:13,NULL
319593,25050822604589,233460954,1,已付款,2025/5/8 10:56,1746665552764,7.17,2,dd391ccef6b13960d42d394c8934fc97-~1746665552764-~233460954,app-android,123,0,待定,2025/5/8 10:57,2025/5/8 23:55,1,2025/5/8 11:13,NULL
319621,25050896883074,233460954,1,已付款,2025/5/8 10:56,1746665552764,0.55,2,dd391ccef6b13960d42d394c8934fc97-~1746665552764-~233460954,app-android,55,0,待定,2025/5/8 10:57,2025/5/8 23:55,1,2025/5/8 11:13,NULL
319730,25050896720703,233498054,1,已付款,2025/5/8 10:57,1746672664087,0.03,5,dd391ccef6b13960d42d394c8934fc97-~1746672664087-~233498054,app-android,1,0,待定,2025/5/8 10:58,2025/5/8 23:55,1,2025/5/8 11:14,NULL
320091,25050895846755,231576604,1,已付款,2025/5/8 10:59,1746669436728,0,2,dd391ccef6b13960d42d394c8934fc97-~1746669436728-~231576604,app-android,13.14,1,/,2025/5/8 10:59,2025/5/8 23:55,0,NULL,NULL
320428,25050825680189,233762582,1,已付款,2025/5/8 11:00,1746672503644,14.35,2,dd391ccef6b13960d42d394c8934fc97-~1746672503644-~233762582,app-android,205,0,待定,2025/5/8 11:00,2025/5/8 23:55,1,2025/5/8 11:17,NULL
320586,25050889243364,231576604,1,已付款,2025/5/8 11:01,1746609105037,0.32,2,dd391ccef6b13960d42d394c8934fc97-~1746609105037-~231576604,app-android,37.1,0,待定,2025/5/8 11:01,2025/5/8 23:55,1,2025/5/8 11:18,NULL
320736,25050889204564,231576604,1,已付款,2025/5/8 11:01,1746672348756,0,2,dd391ccef6b13960d42d394c8934fc97-~1746672348756-~231576604,app-android,83,1,/,2025/5/8 11:02,2025/5/8 23:55,0,NULL,NULL
320910,25050899739703,233460954,1,已付款,2025/5/8 11:02,1746672852111,0,2,dd391ccef6b13960d42d394c8934fc97-~1746672852111-~233460954,app-android,269.7,0,待定,2025/5/8 11:03,2025/5/8 23:55,0,NULL,NULL
321172,25050889046764,233762582,1,已付款,2025/5/8 11:04,1746671392918,5.67,2,dd391ccef6b13960d42d394c8934fc97-~1746671392918-~233762582,app-android,189,0,待定,2025/5/8 11:04,2025/5/8 23:55,1,2025/5/8 11:21,NULL
321480,25050808648325,233498046,1,已付款,2025/5/8 11:05,1746627303324,0,2,17d4ce1e68247e20b48538fc3d6e70f9-~1746627303324-~233498046,app-ios,85,1,/,2025/5/8 11:05,2025/5/8 23:55,0,NULL,NULL
321625,25050864576334,231561881,1,已付款,2025/5/8 11:06,1746673223160,0,2,17d4ce1e68247e20b48538fc3d6e70f9-~1746673223160-~231561881,app-ios,26,1,/,2025/5/8 11:06,2025/5/8 23:55,0,NULL,NULL
321626,25050899654574,231576604,0,已失效,2025/5/8 11:06,1746605423271,13.59,2,dd391ccef6b13960d42d394c8934fc97-~1746605423271-~231576604,app-android,453,0,待定,2025/5/8 11:06,2025/5/8 23:55,1,2025/5/8 11:23,NULL
321673,25050888948764,231576604,1,已付款,2025/5/8 11:06,1746605423271,2.49,2,dd391ccef6b13960d42d394c8934fc97-~1746605423271-~231576604,app-android,83,0,待定,2025/5/8 11:07,2025/5/8 23:55,1,2025/5/8 11:23,NULL
321687,25050825372089,231576604,1,已付款,2025/5/8 11:06,1746605423271,2.61,2,dd391ccef6b13960d42d394c8934fc97-~1746605423271-~231576604,app-android,87,0,待定,2025/5/8 11:07,2025/5/8 23:55,1,2025/5/8 11:23,NULL
321693,25050899542103,231576604,1,已付款,2025/5/8 11:06,1746605423271,2.76,2,dd391ccef6b13960d42d394c8934fc97-~1746605423271-~231576604,app-android,92,0,待定,2025/5/8 11:07,2025/5/8 23:55,1,2025/5/8 11:23,NULL
321695,25050825372789,231576604,1,已付款,2025/5/8 11:06,1746605423271,2.73,2,dd391ccef6b13960d42d394c8934fc97-~1746605423271-~231576604,app-android,91,0,待定,2025/5/8 11:07,2025/5/8 23:55,1,2025/5/8 11:23,NULL
321712,25050803843245,231576604,1,已付款,2025/5/8 11:06,1746605423271,3,2,dd391ccef6b13960d42d394c8934fc97-~1746605423271-~231576604,app-android,100,0,待定,2025/5/8 11:07,2025/5/8 23:55,1,2025/5/8 11:23,NULL
321953,25050895396755,231561881,0,已失效,2025/5/8 11:08,1746664251671,40.31,2,17d4ce1e68247e20b48538fc3d6e70f9-~1746664251671-~231561881,app-ios,750.01,0,待定,2025/5/8 11:08,2025/5/8 23:55,1,2025/5/8 11:25,NULL
322014,25050895374555,231561881,1,已付款,2025/5/8 11:08,1746664251671,33.75,2,17d4ce1e68247e20b48538fc3d6e70f9-~1746664251671-~231561881,app-ios,421.88,0,待定,2025/5/8 11:09,2025/5/8 23:55,1,2025/5/8 11:25,NULL
322051,25050825266989,231561881,1,已付款,2025/5/8 11:08,1746664251671,6.56,2,17d4ce1e68247e20b48538fc3d6e70f9-~1746664251671-~231561881,app-ios,328.13,0,待定,2025/5/8 11:09,2025/5/8 23:55,1,2025/5/8 11:25,NULL
322947,25050825074489,231561881,1,已付款,2025/5/8 11:12,1746603850150,0,2,17d4ce1e68247e20b48538fc3d6e70f9-~1746603850150-~231561881,app-ios,46,1,/,2025/5/8 11:13,2025/5/8 23:55,0,NULL,NULL
323009,25050849810015,231576604,0,已失效,2025/5/8 11:13,1746608303861,80.12,2,dd391ccef6b13960d42d394c8934fc97-~1746608303861-~231576604,app-android,1228,0,待定,2025/5/8 11:13,2025/5/8 23:55,1,2025/5/8 11:30,NULL
323300,25050895065055,231576604,1,已付款,2025/5/8 11:15,1746608303861,13.93,2,dd391ccef6b13960d42d394c8934fc97-~1746608303861-~231576604,app-android,199,0,待定,2025/5/8 11:15,2025/5/8 23:55,1,2025/5/8 11:31,NULL
323313,25050899139803,231576604,1,已付款,2025/5/8 11:15,1746608303861,23.45,2,dd391ccef6b13960d42d394c8934fc97-~1746608303861-~231576604,app-android,335,0,待定,2025/5/8 11:15,2025/5/8 23:55,1,2025/5/8 11:31,NULL
323341,25050808165425,231576604,1,已付款,2025/5/8 11:15,1746608303861,19.81,2,dd391ccef6b13960d42d394c8934fc97-~1746608303861-~231576604,app-android,283,0,待定,2025/5/8 11:15,2025/5/8 23:55,1,2025/5/8 11:31,NULL
323357,25050849739915,231576604,1,已付款,2025/5/8 11:15,1746608303861,18.55,2,dd391ccef6b13960d42d394c8934fc97-~1746608303861-~231576604,app-android,265,0,待定,2025/5/8 11:15,2025/5/8 23:55,1,2025/5/8 11:31,NULL
323361,25050864152934,231576604,1,已付款,2025/5/8 11:15,1746608303861,4.38,2,dd391ccef6b13960d42d394c8934fc97-~1746608303861-~231576604,app-android,146,0,待定,2025/5/8 11:15,2025/5/8 23:55,1,2025/5/8 11:31,NULL
324286,25050863940734,233502003,1,已付款,2025/5/8 11:19,1746637094934,10.6,2,17d4ce1e68247e20b48538fc3d6e70f9-~1746637094934-~233502003,app-ios,106,0,待定,2025/5/8 11:19,2025/5/8 23:55,1,2025/5/8 11:36,NULL
325186,25050891448864,231576604,1,已付款,2025/5/8 11:22,1746667613339,0,2,dd391ccef6b13960d42d394c8934fc97-~1746667613339-~231576604,app-android,39.09,1,/,2025/5/8 11:23,2025/5/8 23:55,0,NULL,NULL
325418,25050891373864,233502003,1,已付款,2025/5/8 11:24,1746662190435,0.43,2,17d4ce1e68247e20b48538fc3d6e70f9-~1746662190435-~233502003,app-ios,85.71,0,待定,2025/5/8 11:25,2025/5/8 23:55,1,2025/5/8 11:41,NULL
326104,25050824370789,231576604,0,已失效,2025/5/8 11:27,1746673821500,0.57,2,dd391ccef6b13960d42d394c8934fc97-~1746673821500-~231576604,app-android,24,0,待定,2025/5/8 11:28,2025/5/8 23:55,1,2025/5/8 11:44,NULL
326231,25050866797234,231576604,1,已付款,2025/5/8 11:29,1746607256065,0,2,dd391ccef6b13960d42d394c8934fc97-~1746607256065-~231576604,app-android,660.66,1,/,2025/5/8 11:29,2025/5/8 23:55,0,NULL,NULL
326298,25050810784725,233762542,1,已付款,2025/5/8 11:29,1746674347366,4.17,2,17d4ce1e68247e20b48538fc3d6e70f9-~1746674347366-~233762542,app-ios,139,0,待定,2025/5/8 11:29,2025/5/8 23:55,1,2025/5/8 11:46,NULL
326720,25050897645355,231576604,1,已付款,2025/5/8 11:30,1746626415335,4.65,2,dd391ccef6b13960d42d394c8934fc97-~1746626415335-~231576604,app-android,155,0,待定,2025/5/8 11:30,2025/5/8 23:55,1,2025/5/8 11:47,NULL
326933,25050898455374,231561881,1,已付款,2025/5/8 11:32,1746606348364,0.2,2,17d4ce1e68247e20b48538fc3d6e70f9-~1746606348364-~231561881,app-ios,39.9,0,待定,2025/5/8 11:32,2025/5/8 23:55,1,2025/5/8 11:49,NULL
327542,25050805814845,231561881,1,已付款,2025/5/8 11:35,1746620842421,1.37,2,17d4ce1e68247e20b48538fc3d6e70f9-~1746620842421-~231561881,app-ios,73.35,0,待定,2025/5/8 11:35,2025/5/8 23:55,1,2025/5/8 11:51,NULL
327874,25050827235989,233762582,1,已付款,2025/5/8 11:37,1746671787491,0,2,dd391ccef6b13960d42d394c8934fc97-~1746671787491-~233762582,app-android,33.6,1,/,2025/5/8 11:37,2025/5/8 23:55,0,NULL,NULL
328026,25050890795664,231561881,1,已付款,2025/5/8 11:38,1746607660016,7.65,2,17d4ce1e68247e20b48538fc3d6e70f9-~1746607660016-~231561881,app-ios,193.8,0,待定,2025/5/8 11:38,2025/5/8 23:55,1,2025/5/8 11:55,NULL
328031,25050827196589,231561881,1,已付款,2025/5/8 11:38,1746607660016,2.83,2,17d4ce1e68247e20b48538fc3d6e70f9-~1746607660016-~231561881,app-ios,283,0,待定,2025/5/8 11:38,2025/5/8 23:55,1,2025/5/8 11:55,NULL
328093,25050866381934,231561881,1,已付款,2025/5/8 11:38,1746604082780,18,2,17d4ce1e68247e20b48538fc3d6e70f9-~1746604082780-~231561881,app-ios,225,0,待定,2025/5/8 11:39,2025/5/8 23:55,1,2025/5/8 11:55,NULL
328137,25050827148089,231576604,1,已付款,2025/5/8 11:39,1746628053830,0,2,dd391ccef6b13960d42d394c8934fc97-~1746628053830-~231576604,app-android,340.14,1,/,2025/5/8 11:39,2025/5/8 23:55,0,NULL,NULL
328657,25050801353675,231576604,1,已付款,2025/5/8 11:41,1746670914919,6.63,2,dd391ccef6b13960d42d394c8934fc97-~1746670914919-~231576604,app-android,662.7,0,待定,2025/5/8 11:41,2025/5/8 23:55,1,2025/5/8 11:58,NULL
329048,25050801118104,231561881,1,已付款,2025/5/8 11:44,1746620891011,1.06,2,17d4ce1e68247e20b48538fc3d6e70f9-~1746620891011-~231561881,app-ios,35.37,0,待定,2025/5/8 11:45,2025/5/8 23:55,1,2025/5/8 12:01,NULL
330041,25050800912504,231561881,1,已付款,2025/5/8 11:49,1746621188255,0,2,17d4ce1e68247e20b48538fc3d6e70f9-~1746621188255-~231561881,app-ios,399.34,1,/,2025/5/8 11:50,2025/5/8 23:55,0,NULL,NULL
330249,25050851473015,231561881,1,已付款,2025/5/8 11:51,1746610937269,0.02,2,17d4ce1e68247e20b48538fc3d6e70f9-~1746610937269-~231561881,app-ios,4.08,0,待定,2025/5/8 11:51,2025/5/8 23:55,1,2025/5/8 12:08,NULL
330617,25050809787625,231576604,1,已付款,2025/5/8 11:54,1746606395869,9.02,2,dd391ccef6b13960d42d394c8934fc97-~1746606395869-~231576604,app-android,174,0,待定,2025/5/8 11:55,2025/5/8 23:55,1,2025/5/8 12:11,NULL
331209,25050800598404,233476754,1,已付款,2025/5/8 11:58,1746661028716,11.99,2,17d4ce1e68247e20b48538fc3d6e70f9-~1746661028716-~233476754,app-ios,79.9,0,待定,2025/5/8 11:58,2025/5/8 23:55,1,2025/5/8 12:15,NULL
331664,25050893227264,231576604,1,已付款,2025/5/8 12:00,1746623330634,0.61,2,dd391ccef6b13960d42d394c8934fc97-~1746623330634-~231576604,app-android,20.3,0,待定,2025/5/8 12:00,2025/5/8 23:55,1,2025/5/8 12:17,NULL
332242,25050800475675,233502003,0,已失效,2025/5/8 12:05,1746633682589,0,2,17d4ce1e68247e20b48538fc3d6e70f9-~1746633682589-~233502003,app-ios,100,1,/,2025/5/8 12:05,2025/5/8 23:55,0,NULL,NULL
332325,25050850974015,233502003,1,已付款,2025/5/8 12:05,1746633682589,0,2,17d4ce1e68247e20b48538fc3d6e70f9-~1746633682589-~233502003,app-ios,25.5,1,/,2025/5/8 12:05,2025/5/8 23:55,0,NULL,NULL
332357,25050893051564,233502003,1,已付款,2025/5/8 12:05,1746633682589,0,2,17d4ce1e68247e20b48538fc3d6e70f9-~1746633682589-~233502003,app-ios,49,1,/,2025/5/8 12:05,2025/5/8 23:55,0,NULL,NULL
332366,25050868681634,233502003,1,已付款,2025/5/8 12:05,1746633682589,0,2,17d4ce1e68247e20b48538fc3d6e70f9-~1746633682589-~233502003,app-ios,25.5,1,/,2025/5/8 12:05,2025/5/8 23:55,0,NULL,NULL
332520,25050899514055,231561881,0,已失效,2025/5/8 12:07,1746630333252,2.19,2,17d4ce1e68247e20b48538fc3d6e70f9-~1746630333252-~231561881,app-ios,73,0,待定,2025/5/8 12:08,2025/5/8 23:55,1,2025/5/8 12:24,NULL
332999,25050899423955,231561881,1,已付款,2025/5/8 12:10,1746620480306,0,2,17d4ce1e68247e20b48538fc3d6e70f9-~1746620480306-~231561881,app-ios,50.58,1,/,2025/5/8 12:11,2025/5/8 23:55,0,NULL,NULL
333062,25050800152604,231561881,1,已付款,2025/5/8 12:11,1746591958673,4.98,2,17d4ce1e68247e20b48538fc3d6e70f9-~1746591958673-~231561881,app-ios,498.4,0,待定,2025/5/8 12:12,2025/5/8 23:55,1,2025/5/8 12:28,NULL
333178,25050807683545,233498054,1,已付款,2025/5/8 12:13,1746676819578,3.57,2,dd391ccef6b13960d42d394c8934fc97-~1746676819578-~233498054,app-android,119,0,待定,2025/5/8 12:13,2025/5/8 23:55,1,2025/5/8 12:30,NULL
333247,25050825986589,231561881,0,已失效,2025/5/8 12:11,1746626421020,2.77,2,17d4ce1e68247e20b48538fc3d6e70f9-~1746626421020-~231561881,app-ios,76.6,0,待定,2025/5/8 12:14,2025/5/8 23:55,1,2025/5/8 12:28,NULL
333273,25050800080104,231561881,1,已付款,2025/5/8 12:13,1746626421020,0.12,2,17d4ce1e68247e20b48538fc3d6e70f9-~1746626421020-~231561881,app-ios,23.16,0,待定,2025/5/8 12:14,2025/5/8 23:55,1,2025/5/8 12:30,NULL
333335,25050812423125,231561881,1,已付款,2025/5/8 12:13,1746626421020,2.65,2,17d4ce1e68247e20b48538fc3d6e70f9-~1746626421020-~231561881,app-ios,53.45,0,待定,2025/5/8 12:15,2025/5/8 23:55,1,2025/5/8 12:30,NULL
334233,25050892535864,233502003,0,已失效,2025/5/8 12:20,1746671363896,13.72,2,17d4ce1e68247e20b48538fc3d6e70f9-~1746671363896-~233502003,app-ios,504.55,0,待定,2025/5/8 12:20,2025/5/8 23:55,1,2025/5/8 12:37,NULL
334362,25050815890789,231561881,1,已付款,2025/5/8 12:19,1746675270056,0,2,17d4ce1e68247e20b48538fc3d6e70f9-~1746675270056-~231561881,app-android,68,1,/,2025/5/8 12:22,2025/5/8 23:55,0,NULL,NULL
334383,25050807355445,231561881,0,已失效,2025/5/8 12:22,1746630242748,0,2,17d4ce1e68247e20b48538fc3d6e70f9-~1746630242748-~231561881,app-ios,638,1,/,2025/5/8 12:23,2025/5/8 23:55,0,NULL,NULL
334389,25050812103825,231561881,0,已失效,2025/5/8 12:22,1746630242748,0,2,17d4ce1e68247e20b48538fc3d6e70f9-~1746630242748-~231561881,app-ios,293,1,/,2025/5/8 12:23,2025/5/8 23:55,0,NULL,NULL
334407,25050807346945,231561881,0,已失效,2025/5/8 12:22,1746630242748,0,2,17d4ce1e68247e20b48538fc3d6e70f9-~1746630242748-~231561881,app-ios,345,1,/,2025/5/8 12:23,2025/5/8 23:55,0,NULL,NULL
334428,25050807322545,233502003,1,已付款,2025/5/8 12:23,1746671363896,0.71,2,17d4ce1e68247e20b48538fc3d6e70f9-~1746671363896-~233502003,app-ios,71,0,待定,2025/5/8 12:23,2025/5/8 23:55,1,2025/5/8 12:40,NULL
334431,25050899842574,233502003,1,已付款,2025/5/8 12:23,1746671363896,13.01,2,17d4ce1e68247e20b48538fc3d6e70f9-~1746671363896-~233502003,app-ios,433.55,0,待定,2025/5/8 12:23,2025/5/8 23:55,1,2025/5/8 12:40,NULL
334455,25050898978555,231576604,1,已付款,2025/5/8 12:23,1746676751161,3.59,2,dd391ccef6b13960d42d394c8934fc97-~1746676751161-~231576604,app-android,35.94,0,待定,2025/5/8 12:24,2025/5/8 23:55,1,2025/5/8 12:40,NULL
334993,25050807193945,231561881,1,已付款,2025/5/8 12:26,1746620926846,2.39,2,17d4ce1e68247e20b48538fc3d6e70f9-~1746620926846-~231561881,app-ios,21.75,0,待定,2025/5/8 12:27,2025/5/8 23:55,1,2025/5/8 12:43,NULL
335001,25050807193845,231561881,1,已付款,2025/5/8 12:26,1746620926846,18.9,2,17d4ce1e68247e20b48538fc3d6e70f9-~1746620926846-~231561881,app-ios,270,0,待定,2025/5/8 12:27,2025/5/8 23:55,1,2025/5/8 12:43,NULL
335002,25050807200245,231561881,0,已失效,2025/5/8 12:26,1746620926846,21.29,2,17d4ce1e68247e20b48538fc3d6e70f9-~1746620926846-~231561881,app-ios,291.75,0,待定,2025/5/8 12:27,2025/5/8 23:55,1,2025/5/8 12:43,NULL
335153,25050867904134,231561881,0,已失效,2025/5/8 12:28,1746630333252,18.77,2,17d4ce1e68247e20b48538fc3d6e70f9-~1746630333252-~231561881,app-ios,268.1,0,待定,2025/5/8 12:28,2025/5/8 23:55,1,2025/5/8 12:45,NULL
335910,25050811662425,231561881,1,已付款,2025/5/8 12:34,1746661929762,2.13,2,17d4ce1e68247e20b48538fc3d6e70f9-~1746661929762-~231561881,app-ios,70.9,0,待定,2025/5/8 12:34,2025/5/8 23:55,1,2025/5/8 12:50,NULL
336128,25050806874745,231576604,1,已付款,2025/5/8 12:35,1746617486617,0.05,2,dd391ccef6b13960d42d394c8934fc97-~1746617486617-~231576604,app-android,9.9,0,待定,2025/5/8 12:35,2025/5/8 23:55,1,2025/5/8 12:52,NULL
336138,25050806874645,231576604,1,已付款,2025/5/8 12:35,1746617486617,0.09,2,dd391ccef6b13960d42d394c8934fc97-~1746617486617-~231576604,app-android,17.8,0,待定,2025/5/8 12:35,2025/5/8 23:55,1,2025/5/8 12:52,NULL
336309,25050898532555,231576604,1,已付款,2025/5/8 12:35,1746611049468,0,2,dd391ccef6b13960d42d394c8934fc97-~1746611049468-~231576604,app-android,24.45,1,/,2025/5/8 12:35,2025/5/8 23:55,0,NULL,NULL
336323,25050867625534,231561881,0,已失效,2025/5/8 12:35,1746604471619,3.73,2,17d4ce1e68247e20b48538fc3d6e70f9-~1746604471619-~231561881,app-ios,186.65,0,待定,2025/5/8 12:36,2025/5/8 23:55,1,2025/5/8 12:52,NULL
336973,25050891787764,231561881,1,已付款,2025/5/8 12:40,1746604471619,3.73,2,17d4ce1e68247e20b48538fc3d6e70f9-~1746604471619-~231561881,app-ios,186.62,0,待定,2025/5/8 12:40,2025/5/8 23:55,1,2025/5/8 12:57,NULL
336994,25050815071389,231561881,1,已付款,2025/5/8 12:40,1746613239496,1.28,2,17d4ce1e68247e20b48538fc3d6e70f9-~1746613239496-~231561881,app-ios,42.7,0,待定,2025/5/8 12:41,2025/5/8 23:55,1,2025/5/8 12:57,NULL
337000,25050815071289,231561881,1,已付款,2025/5/8 12:40,1746613239496,0.49,2,17d4ce1e68247e20b48538fc3d6e70f9-~1746613239496-~231561881,app-ios,48.99,0,待定,2025/5/8 12:41,2025/5/8 23:55,1,2025/5/8 12:57,NULL
337005,25050891758264,231561881,1,已付款,2025/5/8 12:40,1746613239496,0.62,2,17d4ce1e68247e20b48538fc3d6e70f9-~1746613239496-~231561881,app-ios,62.11,0,待定,2025/5/8 12:41,2025/5/8 23:55,1,2025/5/8 12:57,NULL
337011,25050815071989,231561881,1,已付款,2025/5/8 12:40,1746613239496,0.64,2,17d4ce1e68247e20b48538fc3d6e70f9-~1746613239496-~231561881,app-ios,63.85,0,待定,2025/5/8 12:41,2025/5/8 23:55,1,2025/5/8 12:57,NULL
337012,25050815084789,231561881,0,已失效,2025/5/8 12:40,1746613239496,6.82,2,17d4ce1e68247e20b48538fc3d6e70f9-~1746613239496-~231561881,app-ios,381.7,0,待定,2025/5/8 12:41,2025/5/8 23:55,1,2025/5/8 12:57,NULL
337018,25050891758164,231561881,1,已付款,2025/5/8 12:40,1746613239496,3.05,2,17d4ce1e68247e20b48538fc3d6e70f9-~1746613239496-~231561881,app-ios,89.71,0,待定,2025/5/8 12:41,2025/5/8 23:55,1,2025/5/8 12:57,NULL
337023,25050891758064,231561881,1,已付款,2025/5/8 12:40,1746613239496,0.74,2,17d4ce1e68247e20b48538fc3d6e70f9-~1746613239496-~231561881,app-ios,74.35,0,待定,2025/5/8 12:41,2025/5/8 23:55,1,2025/5/8 12:57,NULL
337118,25050811385325,233762582,1,已付款,2025/5/8 12:41,1746671800462,0,2,dd391ccef6b13960d42d394c8934fc97-~1746671800462-~233762582,app-android,6.69,1,/,2025/5/8 12:42,2025/5/8 23:55,0,NULL,NULL
337132,25050852902815,231576604,1,已付款,2025/5/8 12:42,1746617486617,4.2,2,dd391ccef6b13960d42d394c8934fc97-~1746617486617-~231576604,app-android,139.82,0,待定,2025/5/8 12:42,2025/5/8 23:55,1,2025/5/8 12:59,NULL
337684,25050889292574,231576604,1,已付款,2025/5/8 12:42,1746594470359,36.01,2,dd391ccef6b13960d42d394c8934fc97-~1746594470359-~231576604,app-android,276,0,待定,2025/5/8 12:45,2025/5/8 23:55,1,2025/5/8 12:58,NULL
337727,25050814887389,233498054,1,已付款,2025/5/8 12:45,1746675584275,0.39,2,dd391ccef6b13960d42d394c8934fc97-~1746675584275-~233498054,app-android,39,0,待定,2025/5/8 12:45,2025/5/8 23:55,1,2025/5/8 13:02,NULL
337732,25050898135355,233498054,1,已付款,2025/5/8 12:45,1746675584275,0.39,2,dd391ccef6b13960d42d394c8934fc97-~1746675584275-~233498054,app-android,39,0,待定,2025/5/8 12:45,2025/5/8 23:55,1,2025/5/8 13:02,NULL
337735,25050806481145,233498054,0,已失效,2025/5/8 12:45,1746675584275,1.26,2,dd391ccef6b13960d42d394c8934fc97-~1746675584275-~233498054,app-android,126,0,待定,2025/5/8 12:45,2025/5/8 23:55,1,2025/5/8 13:02,NULL
337746,25050814514325,233498054,1,已付款,2025/5/8 12:45,1746675584275,0.48,2,dd391ccef6b13960d42d394c8934fc97-~1746675584275-~233498054,app-android,48,0,待定,2025/5/8 12:45,2025/5/8 23:55,1,2025/5/8 13:02,NULL
337867,25050894804264,231561881,1,已付款,2025/5/8 12:46,1746622808663,1.53,2,17d4ce1e68247e20b48538fc3d6e70f9-~1746622808663-~231561881,app-ios,50.9,0,待定,2025/5/8 12:46,2025/5/8 23:55,1,2025/5/8 13:03,NULL
337925,25050894784164,231576604,1,已付款,2025/5/8 12:47,1746678528452,4.44,2,dd391ccef6b13960d42d394c8934fc97-~1746678528452-~231576604,app-android,63.4,0,待定,2025/5/8 12:47,2025/5/8 23:59,1,2025/5/9 9:24,NULL
338043,25050894728764,231576604,1,已付款,2025/5/8 12:48,1746678815114,5.13,2,dd391ccef6b13960d42d394c8934fc97-~1746678815114-~231576604,app-android,73.3,0,待定,2025/5/8 12:48,2025/5/8 23:55,1,2025/5/8 13:05,NULL
338181,25050801997104,231561881,1,已付款,2025/5/8 12:49,1746679343085,0.25,2,17d4ce1e68247e20b48538fc3d6e70f9-~1746679343085-~231561881,app-ios,25.3,0,待定,2025/5/8 12:49,2025/5/8 23:55,1,2025/5/8 13:06,NULL
338657,25050888944274,231561881,1,已付款,2025/5/8 12:51,1746671892654,10.16,2,17d4ce1e68247e20b48538fc3d6e70f9-~1746671892654-~231561881,app-ios,127,0,待定,2025/5/8 12:51,2025/5/8 23:55,1,2025/5/8 13:08,NULL
338933,25050814154925,231561881,1,已付款,2025/5/8 12:53,1746573934679,1.08,2,17d4ce1e68247e20b48538fc3d6e70f9-~1746573934679-~231561881,app-ios,35.9,0,待定,2025/5/8 12:54,2025/5/8 23:55,1,2025/5/8 13:10,NULL
338935,25050801814604,231561881,1,已付款,2025/5/8 12:53,1746573934679,6.6,2,17d4ce1e68247e20b48538fc3d6e70f9-~1746573934679-~231561881,app-ios,154,0,待定,2025/5/8 12:54,2025/5/8 23:55,1,2025/5/8 13:10,NULL
339586,25050894380264,233476754,0,已失效,2025/5/8 12:56,1746676836964,0,2,17d4ce1e68247e20b48538fc3d6e70f9-~1746676836964-~233476754,app-ios,444,1,/,2025/5/8 12:57,2025/5/8 23:55,0,NULL,NULL
339598,25050809372735,233476754,1,已付款,2025/5/8 12:57,1746676836964,0,2,17d4ce1e68247e20b48538fc3d6e70f9-~1746676836964-~233476754,app-ios,87,1,/,2025/5/8 12:57,2025/5/8 23:55,0,NULL,NULL
339599,25050852307615,233476754,1,已付款,2025/5/8 12:57,1746676836964,0,2,17d4ce1e68247e20b48538fc3d6e70f9-~1746676836964-~233476754,app-ios,73,1,/,2025/5/8 12:57,2025/5/8 23:55,0,NULL,NULL
339609,25050809372635,233476754,1,已付款,2025/5/8 12:57,1746676836964,0,2,17d4ce1e68247e20b48538fc3d6e70f9-~1746676836964-~233476754,app-ios,70,1,/,2025/5/8 12:57,2025/5/8 23:55,0,NULL,NULL
339613,25050814019225,233476754,1,已付款,2025/5/8 12:57,1746676836964,0,2,17d4ce1e68247e20b48538fc3d6e70f9-~1746676836964-~233476754,app-ios,59,1,/,2025/5/8 12:57,2025/5/8 23:55,0,NULL,NULL
339635,25050814395089,233476754,1,已付款,2025/5/8 12:57,1746676836964,0,2,17d4ce1e68247e20b48538fc3d6e70f9-~1746676836964-~233476754,app-ios,74,1,/,2025/5/8 12:57,2025/5/8 23:55,0,NULL,NULL
339641,25050814394989,233476754,1,已付款,2025/5/8 12:57,1746676836964,0,2,17d4ce1e68247e20b48538fc3d6e70f9-~1746676836964-~233476754,app-ios,81,1,/,2025/5/8 12:57,2025/5/8 23:55,0,NULL,NULL
340382,25050888528174,231561881,1,已付款,2025/5/8 13:01,1746610772491,2.57,2,17d4ce1e68247e20b48538fc3d6e70f9-~1746610772491-~231561881,app-ios,514,0,待定,2025/5/8 13:01,2025/5/8 23:55,1,2025/5/8 13:18,NULL
340395,25050817510789,231561881,1,已付款,2025/5/8 13:01,1746610772491,10.98,2,17d4ce1e68247e20b48538fc3d6e70f9-~1746610772491-~231561881,app-ios,91,0,待定,2025/5/8 13:01,2025/5/8 23:55,1,2025/5/8 13:18,NULL
341230,25050809024535,233498054,1,已付款,2025/5/8 13:05,1746672458465,0,2,dd391ccef6b13960d42d394c8934fc97-~1746672458465-~233498054,app-android,61.75,1,/,2025/5/8 13:05,2025/5/8 23:55,0,NULL,NULL
341368,25050891445803,233762542,0,已失效,2025/5/8 13:06,1746680479401,2.07,2,17d4ce1e68247e20b48538fc3d6e70f9-~1746680479401-~233762542,app-ios,74,0,待定,2025/5/8 13:06,2025/5/8 23:55,1,2025/5/8 13:23,NULL
341446,25050893931964,233502029,0,已失效,2025/5/8 13:07,1746672337373,0,2,dd391ccef6b13960d42d394c8934fc97-~1746672337373-~233502029,app-android,146,1,/,2025/5/8 13:08,2025/5/8 23:55,0,NULL,NULL
343059,25050816918289,231561881,0,已失效,2025/5/8 13:16,1746680255109,1.19,2,17d4ce1e68247e20b48538fc3d6e70f9-~1746680255109-~231561881,app-ios,14.9,0,待定,2025/5/8 13:16,2025/5/8 23:55,1,2025/5/8 13:32,NULL
343102,25050893579064,233476754,1,已付款,2025/5/8 13:16,1746633081207,3.78,2,17d4ce1e68247e20b48538fc3d6e70f9-~1746633081207-~233476754,app-ios,126,0,待定,2025/5/8 13:16,2025/5/8 23:55,1,2025/5/8 13:33,NULL
343216,25050893648664,231561881,1,已付款,2025/5/8 13:14,1746595160919,3.48,2,17d4ce1e68247e20b48538fc3d6e70f9-~1746595160919-~231561881,app-ios,58,0,待定,2025/5/8 13:17,2025/5/8 23:55,1,2025/5/8 13:31,NULL
343338,25050891116374,231576604,1,已付款,2025/5/8 13:18,1746606395869,3.53,2,dd391ccef6b13960d42d394c8934fc97-~1746606395869-~231576604,app-android,99,0,待定,2025/5/8 13:18,2025/5/8 23:55,1,2025/5/8 13:35,NULL
344003,25050808400735,231561881,1,已付款,2025/5/8 13:21,1746666427425,4.23,2,17d4ce1e68247e20b48538fc3d6e70f9-~1746666427425-~231561881,app-ios,141,0,待定,2025/5/8 13:21,2025/5/8 23:55,1,2025/5/8 13:38,NULL
345072,25050890621703,231561881,0,已失效,2025/5/8 13:28,1746676604808,0.79,2,17d4ce1e68247e20b48538fc3d6e70f9-~1746676604808-~231561881,app-ios,7.9,0,待定,2025/5/8 13:28,2025/5/8 23:55,1,2025/5/8 13:45,NULL
345163,25050822811852,231561881,0,已失效,2025/5/8 13:29,1746676604808,0.06,2,17d4ce1e68247e20b48538fc3d6e70f9-~1746676604808-~231561881,app-ios,11.9,0,待定,2025/5/8 13:29,2025/5/8 23:55,1,2025/5/8 13:46,NULL
345239,25050890692974,231576604,0,已失效,2025/5/8 13:30,1746680649381,0,2,dd391ccef6b13960d42d394c8934fc97-~1746680649381-~231576604,app-android,18.4,1,/,2025/5/8 13:30,2025/5/8 23:55,0,NULL,NULL
345618,25050890515903,231561881,0,已失效,2025/5/8 13:31,1746621750725,11.37,2,17d4ce1e68247e20b48538fc3d6e70f9-~1746621750725-~231561881,app-ios,176,0,待定,2025/5/8 13:31,2025/5/8 23:55,1,2025/5/8 13:48,NULL
345857,25050816294289,231576604,1,已付款,2025/5/8 13:32,1746680649381,0,2,dd391ccef6b13960d42d394c8934fc97-~1746680649381-~231576604,app-android,17.6,1,/,2025/5/8 13:33,2025/5/8 23:55,0,NULL,NULL
346222,25050816209789,231576604,1,已付款,2025/5/8 13:35,1746658632423,0,2,dd391ccef6b13960d42d394c8934fc97-~1746658632423-~231576604,app-android,122.74,1,/,2025/5/8 13:35,2025/5/8 23:55,0,NULL,NULL
346238,25050802704725,233498054,1,已付款,2025/5/8 13:35,1746628022783,0,2,dd391ccef6b13960d42d394c8934fc97-~1746628022783-~233498054,app-android,107.02,1,/,2025/5/8 13:35,2025/5/8 23:55,0,NULL,NULL
346244,25050811190835,233498054,0,已失效,2025/5/8 13:35,1746628022783,0,2,dd391ccef6b13960d42d394c8934fc97-~1746628022783-~233498054,app-android,283.98,1,/,2025/5/8 13:35,2025/5/8 23:55,0,NULL,NULL
346257,25050897984844,231576604,1,已付款,2025/5/8 13:35,1746658632423,0,2,dd391ccef6b13960d42d394c8934fc97-~1746658632423-~231576604,app-android,130.26,1,/,2025/5/8 13:35,2025/5/8 23:55,0,NULL,NULL
346258,25050898000844,231576604,0,已失效,2025/5/8 13:34,1746658632423,0,2,dd391ccef6b13960d42d394c8934fc97-~1746658632423-~231576604,app-android,253,1,/,2025/5/8 13:35,2025/5/8 23:55,0,NULL,NULL
346267,25050811184935,233498054,1,已付款,2025/5/8 13:35,1746628022783,0,2,dd391ccef6b13960d42d394c8934fc97-~1746628022783-~233498054,app-android,176.96,1,/,2025/5/8 13:35,2025/5/8 23:55,0,NULL,NULL
346638,25050890305103,233502029,1,已付款,2025/5/8 13:37,1746681089309,0,2,dd391ccef6b13960d42d394c8934fc97-~1746681089309-~233502029,app-android,141.7,1,/,2025/5/8 13:37,2025/5/8 23:55,0,NULL,NULL
346712,25050840975715,233502029,1,已付款,2025/5/8 13:37,1746681089309,0,2,dd391ccef6b13960d42d394c8934fc97-~1746681089309-~233502029,app-android,142,1,/,2025/5/8 13:38,2025/5/8 23:55,0,NULL,NULL
346743,25050816110289,231561881,0,已失效,2025/5/8 13:38,1746621750725,10.85,2,17d4ce1e68247e20b48538fc3d6e70f9-~1746621750725-~231561881,app-ios,167.94,0,待定,2025/5/8 13:38,2025/5/8 23:55,1,2025/5/8 13:54,NULL
346761,25050811082635,231561881,0,已失效,2025/5/8 13:38,1746621750725,8.3,2,17d4ce1e68247e20b48538fc3d6e70f9-~1746621750725-~231561881,app-ios,83.02,0,待定,2025/5/8 13:38,2025/5/8 23:55,1,2025/5/8 13:55,NULL
346764,25050822507752,231561881,0,已失效,2025/5/8 13:38,1746621750725,2.55,2,17d4ce1e68247e20b48538fc3d6e70f9-~1746621750725-~231561881,app-ios,84.92,0,待定,2025/5/8 13:38,2025/5/8 23:55,1,2025/5/8 13:55,NULL
346831,25050835373665,233502029,1,已付款,2025/5/8 13:38,1746681089309,0,2,dd391ccef6b13960d42d394c8934fc97-~1746681089309-~233502029,app-android,116,1,/,2025/5/8 13:39,2025/5/8 23:55,0,NULL,NULL
346841,25050822470652,231576604,1,已付款,2025/5/8 13:39,1746630478902,2.04,2,dd391ccef6b13960d42d394c8934fc97-~1746630478902-~231576604,app-android,60,0,待定,2025/5/8 13:39,2025/5/8 23:55,1,2025/5/8 13:56,NULL
346855,25050802571925,231576604,1,已付款,2025/5/8 13:39,1746630478902,2.1,2,dd391ccef6b13960d42d394c8934fc97-~1746630478902-~231576604,app-android,70,0,待定,2025/5/8 13:39,2025/5/8 23:55,1,2025/5/8 13:56,NULL
346874,25050816074989,231576604,0,已失效,2025/5/8 13:39,1746630478902,6.34,2,dd391ccef6b13960d42d394c8934fc97-~1746630478902-~231576604,app-android,276,0,待定,2025/5/8 13:39,2025/5/8 23:55,1,2025/5/8 13:55,NULL
346893,25050890232003,231576604,1,已付款,2025/5/8 13:39,1746630478902,0.72,2,dd391ccef6b13960d42d394c8934fc97-~1746630478902-~231576604,app-android,72,0,待定,2025/5/8 13:39,2025/5/8 23:55,1,2025/5/8 13:56,NULL
346896,25050822470752,231576604,1,已付款,2025/5/8 13:39,1746630478902,1.48,2,dd391ccef6b13960d42d394c8934fc97-~1746630478902-~231576604,app-android,74,0,待定,2025/5/8 13:39,2025/5/8 23:55,1,2025/5/8 13:56,NULL
347907,25050822287652,231576604,1,已付款,2025/5/8 13:44,1746621002650,0,2,dd391ccef6b13960d42d394c8934fc97-~1746621002650-~231576604,app-android,28.99,1,/,2025/5/8 13:45,2025/5/8 23:55,0,NULL,NULL
348257,25050897635544,231561881,0,已失效,2025/5/8 13:45,1746625946794,3.01,2,17d4ce1e68247e20b48538fc3d6e70f9-~1746625946794-~231561881,app-ios,43,0,待定,2025/5/8 13:45,2025/5/8 23:55,1,2025/5/8 14:02,NULL
349151,25050834955365,231561881,1,已付款,2025/5/8 13:50,1746676185532,0.26,2,17d4ce1e68247e20b48538fc3d6e70f9-~1746676185532-~231561881,app-ios,25.6,0,待定,2025/5/8 13:50,2025/5/8 23:55,1,2025/5/8 14:07,NULL
349290,25050893215274,231576604,1,已付款,2025/5/8 13:52,1746605039856,5.52,2,dd391ccef6b13960d42d394c8934fc97-~1746605039856-~231576604,app-android,184,0,待定,2025/5/8 13:52,2025/5/8 23:55,1,2025/5/8 14:09,NULL
349292,25050822050152,233502003,1,已付款,2025/5/8 13:51,1746683420847,30.73,2,17d4ce1e68247e20b48538fc3d6e70f9-~1746683420847-~233502003,app-ios,439,0,待定,2025/5/8 13:52,2025/5/8 23:55,1,2025/5/8 14:08,NULL
349466,25050893138774,231561881,1,已付款,2025/5/8 13:54,1746621750725,8.3,2,17d4ce1e68247e20b48538fc3d6e70f9-~1746621750725-~231561881,app-ios,83.02,0,待定,2025/5/8 13:54,2025/5/8 23:55,1,2025/5/8 14:11,NULL
349470,25050897332244,231561881,1,已付款,2025/5/8 13:54,1746621750725,2.55,2,17d4ce1e68247e20b48538fc3d6e70f9-~1746621750725-~231561881,app-ios,84.92,0,待定,2025/5/8 13:54,2025/5/8 23:55,1,2025/5/8 14:11,NULL
349477,25050897340144,231561881,0,已失效,2025/5/8 13:54,1746621750725,10.85,2,17d4ce1e68247e20b48538fc3d6e70f9-~1746621750725-~231561881,app-ios,167.94,0,待定,2025/5/8 13:54,2025/5/8 23:55,1,2025/5/8 14:11,NULL
350055,25050834758765,231561881,0,已失效,2025/5/8 13:56,1746615144671,0.3,2,17d4ce1e68247e20b48538fc3d6e70f9-~1746615144671-~231561881,app-ios,60,0,待定,2025/5/8 13:56,2025/5/8 23:55,1,2025/5/8 14:13,NULL
350149,25050897231344,233476754,0,已失效,2025/5/8 13:57,1746623764686,7.92,2,17d4ce1e68247e20b48538fc3d6e70f9-~1746623764686-~233476754,app-ios,264,0,待定,2025/5/8 13:57,2025/5/8 23:55,1,2025/5/8 14:14,NULL
350206,25050892879403,231561881,1,已付款,2025/5/8 13:58,1746623306411,8.27,2,17d4ce1e68247e20b48538fc3d6e70f9-~1746623306411-~231561881,app-ios,118.14,0,待定,2025/5/8 13:58,2025/5/8 23:55,1,2025/5/8 14:14,NULL
350852,25050843459215,231561881,1,已付款,2025/5/8 14:01,1746659485604,8.36,2,17d4ce1e68247e20b48538fc3d6e70f9-~1746659485604-~231561881,app-ios,83.64,0,待定,2025/5/8 14:01,2025/5/8 23:55,1,2025/5/8 14:18,NULL
350970,25050834565565,233502029,1,已付款,2025/5/8 14:02,1746682953240,0.25,2,dd391ccef6b13960d42d394c8934fc97-~1746682953240-~233502029,app-android,10.75,0,待定,2025/5/8 14:02,2025/5/8 23:55,1,2025/5/8 14:19,NULL
351009,25050818576389,233502029,0,已失效,2025/5/8 14:02,1746682953240,0.43,2,dd391ccef6b13960d42d394c8934fc97-~1746682953240-~233502029,app-android,50,0,待定,2025/5/8 14:02,2025/5/8 23:55,1,2025/5/8 14:19,NULL
351014,25050834564865,233502029,1,已付款,2025/5/8 14:02,1746682953240,0.18,2,dd391ccef6b13960d42d394c8934fc97-~1746682953240-~233502029,app-android,39.25,0,待定,2025/5/8 14:02,2025/5/8 23:55,1,2025/5/8 14:19,NULL
351030,25050818563189,231561881,1,已付款,2025/5/8 14:02,1746607900340,4.18,2,17d4ce1e68247e20b48538fc3d6e70f9-~1746607900340-~231561881,app-ios,20.88,0,待定,2025/5/8 14:03,2025/5/8 23:55,1,2025/5/8 14:19,NULL
351062,25050892706403,231576604,1,已付款,2025/5/8 14:03,1746628502718,9.03,5,dd391ccef6b13960d42d394c8934fc97-~1746628502718-~231576604,app-android,129,0,待定,2025/5/8 14:03,2025/5/8 23:59,1,NULL,NULL
351183,25050801728725,231576604,1,已付款,2025/5/8 14:04,1746682676927,0.98,2,dd391ccef6b13960d42d394c8934fc97-~1746682676927-~231576604,app-android,32.75,0,待定,2025/5/8 14:04,2025/5/8 23:55,1,2025/5/8 14:24,NULL
351705,25050843298815,231561881,1,已付款,2025/5/8 14:05,1746623285633,0,2,17d4ce1e68247e20b48538fc3d6e70f9-~1746623285633-~231561881,app-ios,85.81,1,/,2025/5/8 14:06,2025/5/8 23:55,0,NULL,NULL
352846,25050896667744,231576604,1,已付款,2025/5/8 14:13,1746622778132,0.03,2,dd391ccef6b13960d42d394c8934fc97-~1746622778132-~231576604,app-android,5.69,0,待定,2025/5/8 14:14,2025/5/8 23:55,1,2025/5/8 14:30,NULL
352929,25050804637725,231576604,0,已失效,2025/5/8 14:14,1746657537883,0,2,dd391ccef6b13960d42d394c8934fc97-~1746657537883-~231576604,app-android,14,1,/,2025/5/8 14:15,2025/5/8 23:55,0,NULL,NULL
353415,25050809810435,233498054,1,已付款,2025/5/8 14:16,1746658607789,7.35,2,dd391ccef6b13960d42d394c8934fc97-~1746658607789-~233498054,app-android,105,0,待定,2025/5/8 14:16,2025/5/8 23:55,1,2025/5/8 14:33,NULL
353624,25050809732435,231561881,0,已失效,2025/5/8 14:18,1746667727308,3.37,2,17d4ce1e68247e20b48538fc3d6e70f9-~1746667727308-~231561881,app-ios,159.19,0,待定,2025/5/8 14:18,2025/5/8 23:55,1,2025/5/8 14:35,NULL
354418,25050899629844,233502003,1,已付款,2025/5/8 14:22,1746658775969,5.94,2,17d4ce1e68247e20b48538fc3d6e70f9-~1746658775969-~233502003,app-ios,198,0,待定,2025/5/8 14:23,2025/5/8 23:55,1,2025/5/8 14:39,NULL
355075,25050892149974,233498046,1,已付款,2025/5/8 14:23,1746680646914,22.26,2,17d4ce1e68247e20b48538fc3d6e70f9-~1746680646914-~233498046,app-android,371,0,待定,2025/5/8 14:26,2025/5/8 23:55,1,2025/5/8 14:40,NULL
355154,25050842575715,233502003,1,已付款,2025/5/8 14:27,1746658775969,5.94,2,17d4ce1e68247e20b48538fc3d6e70f9-~1746658775969-~233502003,app-ios,198,0,待定,2025/5/8 14:27,2025/5/8 23:55,1,2025/5/8 14:44,NULL
355180,25050892001074,233476754,1,已付款,2025/5/8 14:27,1746623063102,0,2,17d4ce1e68247e20b48538fc3d6e70f9-~1746623063102-~233476754,app-ios,2.78,1,/,2025/5/8 14:27,2025/5/8 23:55,0,NULL,NULL
355267,25050812663035,231561881,1,已付款,2025/5/8 14:28,1746667727308,2.67,2,17d4ce1e68247e20b48538fc3d6e70f9-~1746667727308-~231561881,app-ios,89.08,0,待定,2025/5/8 14:28,2025/5/8 23:55,1,2025/5/8 14:45,NULL
355298,25050804187525,231561881,1,已付款,2025/5/8 14:28,1746667727308,0.7,2,17d4ce1e68247e20b48538fc3d6e70f9-~1746667727308-~231561881,app-ios,70.11,0,待定,2025/5/8 14:28,2025/5/8 23:55,1,2025/5/8 14:45,NULL
355391,25050891797803,231561881,1,已付款,2025/5/8 14:29,1746630333252,2.19,2,17d4ce1e68247e20b48538fc3d6e70f9-~1746630333252-~231561881,app-ios,73,0,待定,2025/5/8 14:29,2025/5/8 23:55,1,2025/5/8 14:46,NULL
355871,25050820889489,231561881,1,已付款,2025/5/8 14:30,1746623003160,3.83,2,17d4ce1e68247e20b48538fc3d6e70f9-~1746623003160-~231561881,app-ios,76.5,0,待定,2025/5/8 14:30,2025/5/8 23:55,1,2025/5/8 14:47,NULL
357076,25050836556965,231561881,0,已失效,2025/5/8 14:39,1746603932748,4.17,2,17d4ce1e68247e20b48538fc3d6e70f9-~1746603932748-~231561881,app-ios,417,0,待定,2025/5/8 14:40,2025/5/8 23:55,1,2025/5/8 14:56,NULL
357784,25050820397689,233502003,1,已付款,2025/5/8 14:44,1746671363896,4.82,2,17d4ce1e68247e20b48538fc3d6e70f9-~1746671363896-~233502003,app-ios,160.55,0,待定,2025/5/8 14:45,2025/5/8 23:55,1,2025/5/8 15:01,NULL
358206,25050803601025,233762542,1,已付款,2025/5/8 14:45,1746682029521,10.69,2,17d4ce1e68247e20b48538fc3d6e70f9-~1746682029521-~233762542,app-ios,356.29,0,待定,2025/5/8 14:45,2025/5/8 23:55,1,2025/5/8 15:02,NULL
358896,25050811892635,231576604,1,已付款,2025/5/8 14:50,1746661964638,1.11,2,dd391ccef6b13960d42d394c8934fc97-~1746661964638-~231576604,app-android,36.93,0,待定,2025/5/8 14:50,2025/5/8 23:55,1,2025/5/8 15:07,NULL
358983,25050811855235,231561881,1,已付款,2025/5/8 14:51,1746638877927,0.16,5,17d4ce1e68247e20b48538fc3d6e70f9-~1746638877927-~231561881,app-ios,32.9,0,待定,2025/5/8 14:51,2025/5/8 23:55,1,2025/5/8 15:08,NULL
359000,25050823358452,231561881,1,已付款,2025/5/8 14:49,1746626421020,5.88,2,17d4ce1e68247e20b48538fc3d6e70f9-~1746626421020-~231561881,app-ios,196,0,待定,2025/5/8 14:52,2025/5/8 23:55,1,2025/5/8 15:06,NULL
359087,25050803314525,231561881,1,已付款,2025/5/8 14:53,1746686434285,1.15,2,17d4ce1e68247e20b48538fc3d6e70f9-~1746686434285-~231561881,app-ios,38.2,0,待定,2025/5/8 14:54,2025/5/8 23:55,1,2025/5/8 15:10,NULL
359127,25050836064565,231576604,1,已付款,2025/5/8 14:54,1746655168598,0,2,dd391ccef6b13960d42d394c8934fc97-~1746655168598-~231576604,app-android,10.94,1,/,2025/5/8 14:54,2025/5/8 23:55,0,NULL,NULL
359181,25050894224403,233498046,1,已付款,2025/5/8 14:54,1746662804368,3.32,2,17d4ce1e68247e20b48538fc3d6e70f9-~1746662804368-~233498046,app-ios,33.24,0,待定,2025/5/8 14:55,2025/5/8 23:55,1,2025/5/8 15:11,NULL
359530,25050844904615,231576604,1,已付款,2025/5/8 14:55,1746655680443,0.72,2,dd391ccef6b13960d42d394c8934fc97-~1746655680443-~231576604,app-android,71.71,0,待定,2025/5/8 14:55,2025/5/8 23:55,1,2025/5/8 15:12,NULL
359630,25050894193203,231576604,1,已付款,2025/5/8 14:55,1746620551924,0,2,dd391ccef6b13960d42d394c8934fc97-~1746620551924-~231576604,app-android,81,1,/,2025/5/8 14:56,2025/5/8 23:55,0,NULL,NULL
359804,25050894102403,231561881,1,已付款,2025/5/8 14:58,1746686325851,3.87,2,17d4ce1e68247e20b48538fc3d6e70f9-~1746686325851-~231561881,app-ios,129,0,待定,2025/5/8 14:58,2025/5/8 23:55,1,2025/5/8 15:15,NULL
360352,25050822971352,231561881,1,已付款,2025/5/8 15:00,1746626500482,2.74,2,17d4ce1e68247e20b48538fc3d6e70f9-~1746626500482-~231561881,app-ios,547.5,0,待定,2025/5/8 15:01,2025/5/8 23:55,1,2025/5/8 15:17,NULL
360365,25050898319944,231576604,1,已付款,2025/5/8 15:00,1746617442238,5.46,2,dd391ccef6b13960d42d394c8934fc97-~1746617442238-~231576604,app-android,91,0,待定,2025/5/8 15:01,2025/5/8 23:55,1,2025/5/8 15:17,NULL
360503,25050839017565,233502029,1,已下单,2025/5/8 15:03,1746674530181,1.39,2,dd391ccef6b13960d42d394c8934fc97-~1746674530181-~233502029,app-android,46.4,0,待定,2025/5/8 15:03,2025/5/8 23:55,1,2025/5/8 15:20,NULL
360739,25050819725989,231561881,0,已失效,2025/5/8 15:05,1746603932748,4.17,2,17d4ce1e68247e20b48538fc3d6e70f9-~1746603932748-~231561881,app-ios,417,0,待定,2025/5/8 15:05,2025/5/8 23:55,1,2025/5/8 15:22,NULL
361222,25050801343145,231576604,1,已付款,2025/5/8 15:08,1746625215179,6.58,2,dd391ccef6b13960d42d394c8934fc97-~1746625215179-~231576604,app-android,94,0,待定,2025/5/8 15:09,2025/5/8 23:55,1,2025/5/8 15:25,NULL
361310,25050801310145,231576604,1,已付款,2025/5/8 15:09,1746623399453,0,2,dd391ccef6b13960d42d394c8934fc97-~1746623399453-~231576604,app-android,99,1,/,2025/5/8 15:10,2025/5/8 23:55,0,NULL,NULL
361627,25050819638489,233460954,1,已付款,2025/5/8 15:07,1746585768488,0,2,dd391ccef6b13960d42d394c8934fc97-~1746585768488-~233460954,app-android,129.35,1,/,2025/5/8 15:10,2025/5/8 23:55,0,NULL,NULL
362454,25050801109645,233460954,1,已付款,2025/5/8 15:15,1746606636352,11.21,2,dd391ccef6b13960d42d394c8934fc97-~1746606636352-~233460954,app-android,373.59,0,待定,2025/5/8 15:15,2025/5/8 23:55,1,2025/5/8 15:32,NULL
363178,25050847297215,231576604,1,已付款,2025/5/8 15:21,1746613366286,8.34,2,dd391ccef6b13960d42d394c8934fc97-~1746613366286-~231576604,app-android,277.99,0,待定,2025/5/8 15:21,2025/5/8 23:55,1,2025/5/8 15:38,NULL
363199,25050893435174,231576604,1,已付款,2025/5/8 15:21,1746613366286,0.71,2,dd391ccef6b13960d42d394c8934fc97-~1746613366286-~231576604,app-android,8.9,0,待定,2025/5/8 15:21,2025/5/8 23:55,1,2025/5/8 15:38,NULL
363214,25050805644025,231561881,1,已付款,2025/5/8 15:21,1746669206300,0.54,2,17d4ce1e68247e20b48538fc3d6e70f9-~1746669206300-~231561881,app-ios,53.1,0,待定,2025/5/8 15:21,2025/5/8 23:55,1,2025/5/8 15:38,NULL
363251,25050800862645,233502003,1,已付款,2025/5/8 15:22,1746687684007,1.38,2,17d4ce1e68247e20b48538fc3d6e70f9-~1746687684007-~233502003,app-ios,51,0,待定,2025/5/8 15:22,2025/5/8 23:55,1,2025/5/8 15:39,NULL
363259,25050814094735,231576604,1,已付款,2025/5/8 15:21,1746618815702,0.07,2,dd391ccef6b13960d42d394c8934fc97-~1746618815702-~231576604,app-android,1,0,待定,2025/5/8 15:22,2025/5/8 23:55,1,2025/5/8 15:38,NULL
363284,25050896545303,233498054,1,已付款,2025/5/8 15:22,1746672422317,40.42,2,dd391ccef6b13960d42d394c8934fc97-~1746672422317-~233498054,app-android,808.5,0,待定,2025/5/8 15:22,2025/5/8 23:55,1,2025/5/8 15:39,NULL
363377,25050809243389,231576604,0,已失效,2025/5/8 15:24,1746622727140,5.19,2,dd391ccef6b13960d42d394c8934fc97-~1746622727140-~231576604,app-android,519.54,0,待定,2025/5/8 15:24,2025/5/8 23:55,1,2025/5/8 15:41,NULL
363781,25050838279765,231576604,0,已失效,2025/5/8 15:25,1746622727140,1.88,2,dd391ccef6b13960d42d394c8934fc97-~1746622727140-~231576604,app-android,188.11,0,待定,2025/5/8 15:25,2025/5/8 23:55,1,2025/5/8 15:42,NULL
363795,25050893300774,231576604,0,已失效,2025/5/8 15:25,1746622727140,1.88,2,dd391ccef6b13960d42d394c8934fc97-~1746622727140-~231576604,app-android,188.11,0,待定,2025/5/8 15:25,2025/5/8 23:55,1,2025/5/8 15:42,NULL
363797,25050809215589,231576604,0,已失效,2025/5/8 15:25,1746622727140,1.43,2,dd391ccef6b13960d42d394c8934fc97-~1746622727140-~231576604,app-android,143.31,0,待定,2025/5/8 15:25,2025/5/8 23:55,1,2025/5/8 15:42,NULL
363962,25050825386952,231576604,1,已付款,2025/5/8 15:26,1746658653511,0.13,2,dd391ccef6b13960d42d394c8934fc97-~1746658653511-~231576604,app-android,25.32,0,待定,2025/5/8 15:26,2025/5/8 23:55,1,2025/5/8 15:43,NULL
364688,25050825324052,233460954,1,已付款,2025/5/8 15:27,1746606636352,4.2,2,dd391ccef6b13960d42d394c8934fc97-~1746606636352-~233460954,app-ios,87.6,0,待定,2025/5/8 15:31,2025/5/8 23:55,1,2025/5/8 15:44,NULL
364874,25050805223325,231561881,1,已付款,2025/5/8 15:33,1746667695806,0.01,2,17d4ce1e68247e20b48538fc3d6e70f9-~1746667695806-~231561881,app-ios,6,0,待定,2025/5/8 15:34,2025/5/8 23:55,1,2025/5/8 15:50,NULL
364919,25050837959765,231561881,1,已付款,2025/5/8 15:34,1746688117749,3.73,2,17d4ce1e68247e20b48538fc3d6e70f9-~1746688117749-~231561881,app-ios,138,0,待定,2025/5/8 15:34,2025/5/8 23:55,1,2025/5/8 15:51,NULL
365499,25050835522675,231561881,1,已付款,2025/5/8 15:36,1746619595106,5.04,2,17d4ce1e68247e20b48538fc3d6e70f9-~1746619595106-~231561881,app-ios,72.03,0,待定,2025/5/8 15:36,2025/5/8 23:55,1,2025/5/8 15:53,NULL
365687,25050846683215,231576604,0,已失效,2025/5/8 15:39,1746687402725,0,2,dd391ccef6b13960d42d394c8934fc97-~1746687402725-~231576604,app-android,112.86,1,/,2025/5/8 15:39,2025/5/8 23:55,0,NULL,NULL
365704,25050824937152,233502029,1,已付款,2025/5/8 15:39,1746669506614,0.08,2,dd391ccef6b13960d42d394c8934fc97-~1746669506614-~233502029,app-android,16.9,0,待定,2025/5/8 15:39,2025/5/8 23:55,1,2025/5/8 15:56,NULL
366452,25050804894325,231576604,1,已付款,2025/5/8 15:43,1746624605633,1.4,2,dd391ccef6b13960d42d394c8934fc97-~1746624605633-~231576604,app-android,46.7,0,待定,2025/5/8 15:44,2025/5/8 23:55,1,2025/5/8 16:00,NULL
368012,25050846201815,231576604,1,已付款,2025/5/8 15:53,1746605438771,0.47,2,dd391ccef6b13960d42d394c8934fc97-~1746605438771-~231576604,app-android,4.25,0,待定,2025/5/8 15:54,2025/5/8 23:55,1,2025/5/8 16:10,NULL
368795,25050814440952,231576604,1,已付款,2025/5/8 15:59,1746690229374,3.42,2,dd391ccef6b13960d42d394c8934fc97-~1746690229374-~231576604,app-android,113.76,0,待定,2025/5/8 15:59,2025/5/8 23:55,1,2025/5/8 16:16,NULL
369420,25050834758675,231576604,1,已付款,2025/5/8 15:59,1746676191022,2.85,2,dd391ccef6b13960d42d394c8934fc97-~1746676191022-~231576604,app-android,95,0,待定,2025/5/8 16:02,2025/5/8 23:55,1,2025/5/8 16:16,NULL
370590,25050811020889,231561881,0,已失效,2025/5/8 16:10,1746630242748,0,2,17d4ce1e68247e20b48538fc3d6e70f9-~1746630242748-~231561881,app-ios,295,1,/,2025/5/8 16:10,2025/5/8 23:55,0,NULL,NULL
370593,25050802653335,231561881,0,已失效,2025/5/8 16:10,1746630242748,0,2,17d4ce1e68247e20b48538fc3d6e70f9-~1746630242748-~231561881,app-ios,293,1,/,2025/5/8 16:10,2025/5/8 23:55,0,NULL,NULL
370604,25050811027889,231561881,0,已失效,2025/5/8 16:10,1746630242748,0,2,17d4ce1e68247e20b48538fc3d6e70f9-~1746630242748-~231561881,app-ios,588,1,/,2025/5/8 16:10,2025/5/8 23:55,0,NULL,NULL
370848,25050810948789,231576604,1,已付款,2025/5/8 16:12,1746691326122,0.47,2,dd391ccef6b13960d42d394c8934fc97-~1746691326122-~231576604,app-android,46.5,0,待定,2025/5/8 16:13,2025/5/8 23:55,1,2025/5/8 16:29,NULL
371013,25050802507235,231561881,0,已失效,2025/5/8 16:15,1746630242748,0,2,17d4ce1e68247e20b48538fc3d6e70f9-~1746630242748-~231561881,app-ios,588,1,/,2025/5/8 16:15,2025/5/8 23:55,0,NULL,NULL
371427,25050834254175,231561881,1,已付款,2025/5/8 16:15,1746630242748,0,2,17d4ce1e68247e20b48538fc3d6e70f9-~1746630242748-~231561881,app-ios,295,1,/,2025/5/8 16:15,2025/5/8 23:55,0,NULL,NULL
371456,25050813923552,231561881,1,已付款,2025/5/8 16:15,1746630242748,0,2,17d4ce1e68247e20b48538fc3d6e70f9-~1746630242748-~231561881,app-ios,293,1,/,2025/5/8 16:15,2025/5/8 23:55,0,NULL,NULL
371838,25050889083644,231561881,1,已付款,2025/5/8 16:20,1746684167349,4.02,2,17d4ce1e68247e20b48538fc3d6e70f9-~1746684167349-~231561881,app-ios,133.98,0,待定,2025/5/8 16:20,2025/5/8 23:55,1,2025/5/8 16:36,NULL
372214,25050806965825,233498054,1,已付款,2025/5/8 16:20,1746663680391,17.48,2,dd391ccef6b13960d42d394c8934fc97-~1746663680391-~233498054,app-android,326,0,待定,2025/5/8 16:20,2025/5/8 23:55,1,2025/5/8 16:37,NULL
372374,25050837254675,231576604,1,已付款,2025/5/8 16:23,1746657792042,1.12,2,dd391ccef6b13960d42d394c8934fc97-~1746657792042-~231576604,app-android,112.05,0,待定,2025/5/8 16:24,2025/5/8 23:55,1,2025/5/8 16:40,NULL
372404,25050810571089,233502029,1,已付款,2025/5/8 16:24,1746674530181,0.27,2,dd391ccef6b13960d42d394c8934fc97-~1746674530181-~233502029,app-android,26.64,0,待定,2025/5/8 16:24,2025/5/8 23:55,1,2025/5/8 16:41,NULL
372406,25050837248975,233502029,0,已失效,2025/5/8 16:23,1746674530181,3.8,2,dd391ccef6b13960d42d394c8934fc97-~1746674530181-~233502029,app-android,179.2,0,待定,2025/5/8 16:24,2025/5/8 23:55,1,2025/5/8 16:40,NULL
372408,25050810570989,233502029,1,已付款,2025/5/8 16:24,1746674530181,2.66,2,dd391ccef6b13960d42d394c8934fc97-~1746674530181-~233502029,app-android,123.44,0,待定,2025/5/8 16:24,2025/5/8 23:55,1,2025/5/8 16:41,NULL
372415,25050806846625,233502029,1,已付款,2025/5/8 16:24,1746674530181,0.87,2,dd391ccef6b13960d42d394c8934fc97-~1746674530181-~233502029,app-android,29.12,0,待定,2025/5/8 16:24,2025/5/8 23:55,1,2025/5/8 16:41,NULL
372935,25050837289975,233502003,1,已付款,2025/5/8 16:22,1746661477693,0.38,2,17d4ce1e68247e20b48538fc3d6e70f9-~1746661477693-~233502003,app-ios,38.2,0,待定,2025/5/8 16:26,2025/5/8 23:55,1,2025/5/8 16:39,NULL
373096,25050802162335,233502003,1,已付款,2025/5/8 16:25,1746661477693,1.91,2,17d4ce1e68247e20b48538fc3d6e70f9-~1746661477693-~233502003,app-ios,38.2,0,待定,2025/5/8 16:29,2025/5/8 23:55,1,2025/5/8 16:42,NULL
373820,25050887504015,233460954,0,已失效,2025/5/8 16:33,1746610528916,55.9,2,dd391ccef6b13960d42d394c8934fc97-~1746610528916-~233460954,app-android,1030.14,0,待定,2025/5/8 16:33,2025/5/8 23:55,1,2025/5/8 16:50,NULL
373825,25050839325865,231576604,1,已付款,2025/5/8 16:33,1746630478902,12.25,2,dd391ccef6b13960d42d394c8934fc97-~1746630478902-~231576604,app-android,175,0,待定,2025/5/8 16:33,2025/5/8 23:55,1,2025/5/8 16:49,NULL
373834,25050888649244,233460954,1,已付款,2025/5/8 16:33,1746610528916,25.15,2,dd391ccef6b13960d42d394c8934fc97-~1746610528916-~233460954,app-android,359.24,0,待定,2025/5/8 16:34,2025/5/8 23:55,1,2025/5/8 16:50,NULL
373836,25050801897435,233460954,1,已付款,2025/5/8 16:33,1746610528916,3.02,2,dd391ccef6b13960d42d394c8934fc97-~1746610528916-~233460954,app-android,274.77,0,待定,2025/5/8 16:34,2025/5/8 23:55,1,2025/5/8 16:50,NULL
373857,25050839311365,233460954,1,已付款,2025/5/8 16:33,1746610528916,27.73,2,dd391ccef6b13960d42d394c8934fc97-~1746610528916-~233460954,app-android,396.13,0,待定,2025/5/8 16:34,2025/5/8 23:55,1,2025/5/8 16:50,NULL
374516,25050888535344,231561881,1,已付款,2025/5/8 16:37,1746631114062,0.1,2,17d4ce1e68247e20b48538fc3d6e70f9-~1746631114062-~231561881,app-ios,1,0,待定,2025/5/8 16:37,2025/5/8 23:55,1,2025/5/8 16:54,NULL
374522,25050806420425,231576604,1,已付款,2025/5/8 16:37,1746693248293,4.77,2,dd391ccef6b13960d42d394c8934fc97-~1746693248293-~231576604,app-android,159,0,待定,2025/5/8 16:37,2025/5/8 23:55,1,2025/5/8 16:54,NULL
374664,25050887320615,231576604,1,已付款,2025/5/8 16:39,1746691326122,24.71,2,dd391ccef6b13960d42d394c8934fc97-~1746691326122-~231576604,app-android,353,0,待定,2025/5/8 16:40,2025/5/8 23:55,1,2025/5/8 16:56,NULL
375204,25050887254015,231576604,1,已付款,2025/5/8 16:41,1746691326122,1.59,2,dd391ccef6b13960d42d394c8934fc97-~1746691326122-~231576604,app-android,53,0,待定,2025/5/8 16:42,2025/5/8 23:55,1,2025/5/8 16:58,NULL
375265,25050888385344,233502029,1,已付款,2025/5/8 16:42,1746672913963,0,2,dd391ccef6b13960d42d394c8934fc97-~1746672913963-~233502029,app-android,144.32,1,/,2025/5/8 16:42,2025/5/8 23:55,0,NULL,NULL
375273,25050829194265,231576604,1,已付款,2025/5/8 16:42,1746691326122,6.44,2,dd391ccef6b13960d42d394c8934fc97-~1746691326122-~231576604,app-android,92,0,待定,2025/5/8 16:43,2025/5/8 23:55,1,2025/5/8 16:59,NULL
375348,25050829166865,231576604,1,已付款,2025/5/8 16:43,1746691326122,9.14,2,dd391ccef6b13960d42d394c8934fc97-~1746691326122-~231576604,app-android,87,0,待定,2025/5/8 16:44,2025/5/8 23:55,1,2025/5/8 17:00,NULL
375434,25050809942389,231576604,1,已付款,2025/5/8 16:45,1746614637664,0,2,dd391ccef6b13960d42d394c8934fc97-~1746614637664-~231576604,app-android,168.9,1,/,2025/5/8 16:45,2025/5/8 23:55,0,NULL,NULL
375976,25050887107415,231561881,1,已付款,2025/5/8 16:46,1746628821062,0,2,17d4ce1e68247e20b48538fc3d6e70f9-~1746628821062-~231561881,app-ios,0,0,待定,2025/5/8 16:46,2025/5/8 23:55,0,NULL,NULL
376010,25050816200152,231561881,0,已失效,2025/5/8 16:47,1746619533592,0.4,2,17d4ce1e68247e20b48538fc3d6e70f9-~1746619533592-~231561881,app-ios,39.69,0,待定,2025/5/8 16:47,2025/5/8 23:55,1,2025/5/8 17:04,NULL
376046,25050816184952,231561881,1,已付款,2025/5/8 16:47,1746684167349,9.87,2,17d4ce1e68247e20b48538fc3d6e70f9-~1746684167349-~231561881,app-ios,141,0,待定,2025/5/8 16:47,2025/5/8 23:55,1,2025/5/8 17:04,NULL
377605,25050886796915,233476754,1,已付款,2025/5/8 16:56,1746669438441,0,2,17d4ce1e68247e20b48538fc3d6e70f9-~1746669438441-~233476754,app-ios,93,1,/,2025/5/8 16:56,2025/5/8 23:55,0,NULL,NULL
377892,25050809479489,231561881,1,已付款,2025/5/8 17:00,1746619533592,0.4,2,17d4ce1e68247e20b48538fc3d6e70f9-~1746619533592-~231561881,app-ios,39.69,0,待定,2025/5/8 17:00,2025/5/8 23:55,1,2025/5/8 17:17,NULL
378453,25050895869724,231576604,1,已付款,2025/5/8 17:01,1746691578916,0,2,dd391ccef6b13960d42d394c8934fc97-~1746691578916-~231576604,app-android,21.42,1,/,2025/5/8 17:02,2025/5/8 23:55,0,NULL,NULL
378457,25050809432089,231561881,0,已失效,2025/5/8 17:01,1746667270829,2.48,2,17d4ce1e68247e20b48538fc3d6e70f9-~1746667270829-~231561881,app-ios,248,0,待定,2025/5/8 17:02,2025/5/8 23:55,1,2025/5/8 17:18,NULL
378472,25050815751152,231561881,1,已付款,2025/5/8 17:02,1746667270829,0.83,2,17d4ce1e68247e20b48538fc3d6e70f9-~1746667270829-~231561881,app-ios,83,0,待定,2025/5/8 17:02,2025/5/8 23:55,1,2025/5/8 17:19,NULL
378476,25050828614765,231561881,1,已付款,2025/5/8 17:02,1746667270829,0.72,2,17d4ce1e68247e20b48538fc3d6e70f9-~1746667270829-~231561881,app-ios,72,0,待定,2025/5/8 17:02,2025/5/8 23:55,1,2025/5/8 17:19,NULL
378483,25050883512803,231561881,1,已付款,2025/5/8 17:02,1746667270829,0.93,2,17d4ce1e68247e20b48538fc3d6e70f9-~1746667270829-~231561881,app-ios,93,0,待定,2025/5/8 17:02,2025/5/8 23:55,1,2025/5/8 17:19,NULL
378560,25050889869415,231576604,0,已失效,2025/5/8 17:02,1746673933584,0,2,dd391ccef6b13960d42d394c8934fc97-~1746673933584-~231576604,app-android,39,1,/,2025/5/8 17:03,2025/5/8 23:55,0,NULL,NULL
379248,25050835962175,231561881,1,已付款,2025/5/8 17:06,1746694100447,6.23,2,17d4ce1e68247e20b48538fc3d6e70f9-~1746694100447-~231561881,app-ios,89,0,待定,2025/5/8 17:06,2025/5/8 23:55,1,2025/5/8 17:23,NULL
379273,25050835966575,233498054,1,已付款,2025/5/8 17:06,1746666094034,0.73,2,dd391ccef6b13960d42d394c8934fc97-~1746666094034-~233498054,app-android,24.39,0,待定,2025/5/8 17:06,2025/5/8 23:55,1,2025/5/8 17:23,NULL
379362,25050828469065,231561881,1,已付款,2025/5/8 17:07,1746667270829,0.49,2,17d4ce1e68247e20b48538fc3d6e70f9-~1746667270829-~231561881,app-ios,49,0,待定,2025/5/8 17:07,2025/5/8 23:55,1,2025/5/8 17:24,NULL
380371,25050889552815,233762542,1,已付款,2025/5/8 17:14,1746694967408,2.8,0,17d4ce1e68247e20b48538fc3d6e70f9-~1746694967408-~233762542,app-ios,56,0,待定,2025/5/8 17:14,2025/5/8 23:55,1,2025/5/8 17:31,NULL
380949,25050838964475,231561881,1,已付款,2025/5/8 17:15,1746692627935,0,2,17d4ce1e68247e20b48538fc3d6e70f9-~1746692627935-~231561881,app-ios,1,1,/,2025/5/8 17:15,2025/5/8 23:55,0,NULL,NULL
381138,25050886347403,231561881,1,已付款,2025/5/8 17:17,1746671471143,0,2,17d4ce1e68247e20b48538fc3d6e70f9-~1746671471143-~231561881,app-ios,85.92,1,/,2025/5/8 17:17,2025/5/8 23:55,0,NULL,NULL
381224,25050828134565,231576604,1,已付款,2025/5/8 17:18,1746691815979,0,2,dd391ccef6b13960d42d394c8934fc97-~1746691815979-~231576604,app-android,50,1,/,2025/5/8 17:18,2025/5/8 23:55,0,NULL,NULL
381918,25050886224703,231576604,1,已付款,2025/5/8 17:21,1746687402725,0,2,dd391ccef6b13960d42d394c8934fc97-~1746687402725-~231576604,app-android,112.86,1,/,2025/5/8 17:21,2025/5/8 23:55,0,NULL,NULL
382047,25050890439544,233476754,0,已失效,2025/5/8 17:23,1746688206437,14,2,17d4ce1e68247e20b48538fc3d6e70f9-~1746688206437-~233476754,app-ios,410.8,0,待定,2025/5/8 17:23,2025/5/8 23:55,1,2025/5/8 17:40,NULL
382092,25050895241524,233476754,1,已付款,2025/5/8 17:23,1746688206437,7.3,2,17d4ce1e68247e20b48538fc3d6e70f9-~1746688206437-~233476754,app-ios,243.29,0,待定,2025/5/8 17:23,2025/5/8 23:55,1,2025/5/8 17:40,NULL
382107,25050886169703,233476754,1,已付款,2025/5/8 17:23,1746688206437,3.35,2,17d4ce1e68247e20b48538fc3d6e70f9-~1746688206437-~233476754,app-ios,55.83,0,待定,2025/5/8 17:23,2025/5/8 23:55,1,2025/5/8 17:40,NULL
382110,25050827991365,233476754,1,已付款,2025/5/8 17:23,1746688206437,3.35,2,17d4ce1e68247e20b48538fc3d6e70f9-~1746688206437-~233476754,app-ios,111.68,0,待定,2025/5/8 17:23,2025/5/8 23:55,1,2025/5/8 17:40,NULL
382861,25050803590535,233762542,1,已付款,2025/5/8 17:27,1746682797063,37.41,2,17d4ce1e68247e20b48538fc3d6e70f9-~1746682797063-~233762542,app-ios,534.37,0,待定,2025/5/8 17:27,2025/5/8 23:55,1,2025/5/8 17:44,NULL
383709,25050814947452,231561881,1,已付款,2025/5/8 17:29,1746676604808,0.06,2,17d4ce1e68247e20b48538fc3d6e70f9-~1746676604808-~231561881,app-ios,11.9,0,待定,2025/5/8 17:32,2025/5/8 23:55,1,2025/5/8 17:46,NULL
385328,25050811644989,231576604,1,已付款,2025/5/8 17:39,1746690136673,3.16,2,dd391ccef6b13960d42d394c8934fc97-~1746690136673-~231576604,app-ios,316,0,待定,2025/5/8 17:42,2025/5/8 23:55,1,2025/5/8 17:56,NULL
385340,25050803199635,231576604,1,已付款,2025/5/8 17:42,1746682059883,2.99,2,dd391ccef6b13960d42d394c8934fc97-~1746682059883-~231576604,app-android,99.5,0,待定,2025/5/8 17:42,2025/5/8 23:55,1,2025/5/8 17:59,NULL
386036,25050817806452,231561881,1,已付款,2025/5/8 17:45,1746625474030,0.87,2,17d4ce1e68247e20b48538fc3d6e70f9-~1746625474030-~231561881,app-ios,174,0,待定,2025/5/8 17:46,2025/5/8 23:55,1,2025/5/8 18:02,NULL
386350,25050817695952,231576604,1,已付款,2025/5/8 17:49,1746696695919,15.6,2,dd391ccef6b13960d42d394c8934fc97-~1746696695919-~231576604,app-android,520,0,待定,2025/5/8 17:50,2025/5/8 23:55,1,2025/5/8 18:06,NULL
387632,25050885364803,231561881,1,已付款,2025/5/8 17:54,1746612364227,8.97,2,17d4ce1e68247e20b48538fc3d6e70f9-~1746612364227-~231561881,app-ios,299,0,待定,2025/5/8 17:57,2025/5/8 23:55,1,2025/5/8 18:10,NULL
388262,25050830304165,231576604,1,已付款,2025/5/8 18:00,1746638661338,0,2,dd391ccef6b13960d42d394c8934fc97-~1746638661338-~231576604,app-android,122.55,1,/,2025/5/8 18:00,2025/5/8 23:55,0,NULL,NULL
388303,25050817416052,231576604,1,已付款,2025/5/8 18:01,1746622846838,6.24,2,dd391ccef6b13960d42d394c8934fc97-~1746622846838-~231576604,app-android,208,0,待定,2025/5/8 18:01,2025/5/8 23:55,1,2025/5/8 18:18,NULL
388468,25050892665144,233502003,1,已付款,2025/5/8 18:04,1746686526027,0,2,17d4ce1e68247e20b48538fc3d6e70f9-~1746686526027-~233502003,app-ios,271,1,/,2025/5/8 18:04,2025/5/8 23:55,0,NULL,NULL
389522,25050830070865,231561881,1,已付款,2025/5/8 18:10,1746656375623,0,2,17d4ce1e68247e20b48538fc3d6e70f9-~1746656375623-~231561881,app-ios,141,1,/,2025/5/8 18:10,2025/5/8 23:55,0,NULL,NULL
389525,25050897322124,231561881,1,已付款,2025/5/8 18:10,1746656375623,0,2,17d4ce1e68247e20b48538fc3d6e70f9-~1746656375623-~231561881,app-ios,46,1,/,2025/5/8 18:10,2025/5/8 23:55,0,NULL,NULL
389863,25050814051089,231576604,1,已付款,2025/5/8 18:13,1746608274860,8.58,2,dd391ccef6b13960d42d394c8934fc97-~1746608274860-~231576604,app-android,122.51,0,待定,2025/5/8 18:14,2025/5/8 23:55,1,2025/5/8 18:30,NULL
389936,25050817062152,231576604,0,已失效,2025/5/8 18:15,1746661566453,5.43,2,dd391ccef6b13960d42d394c8934fc97-~1746661566453-~231576604,app-android,180.9,0,待定,2025/5/8 18:15,2025/5/8 23:55,1,2025/5/8 18:32,NULL
390450,25050805641435,231576604,1,已付款,2025/5/8 18:15,1746696695919,1.68,2,dd391ccef6b13960d42d394c8934fc97-~1746696695919-~231576604,app-android,168,0,待定,2025/5/8 18:16,2025/5/8 23:55,1,2025/5/8 18:32,NULL
390587,25050813931489,231576604,0,已失效,2025/5/8 18:18,1746696695919,3.85,2,dd391ccef6b13960d42d394c8934fc97-~1746696695919-~231576604,app-android,55,0,待定,2025/5/8 18:18,2025/5/8 23:55,1,2025/5/8 18:35,NULL
390776,25050840550575,233498054,1,已付款,2025/5/8 18:19,1746677964226,6.33,2,dd391ccef6b13960d42d394c8934fc97-~1746677964226-~233498054,app-android,90.32,0,待定,2025/5/8 18:20,2025/5/8 23:55,1,2025/5/8 18:36,NULL
391230,25050840512175,231561881,1,已付款,2025/5/8 18:21,1746655284635,1.62,2,17d4ce1e68247e20b48538fc3d6e70f9-~1746655284635-~231561881,app-ios,89.71,0,待定,2025/5/8 18:21,2025/5/8 23:55,1,2025/5/8 18:38,NULL
391232,25050813858989,231561881,1,已付款,2025/5/8 18:21,1746655284635,6.34,2,17d4ce1e68247e20b48538fc3d6e70f9-~1746655284635-~231561881,app-ios,39.6,0,待定,2025/5/8 18:21,2025/5/8 23:55,1,2025/5/8 18:38,NULL
391241,25050830532865,231576604,1,已付款,2025/5/8 18:21,1746544585815,5.45,2,dd391ccef6b13960d42d394c8934fc97-~1746544585815-~231576604,app-android,109,0,待定,2025/5/8 18:21,2025/5/8 23:55,1,2025/5/8 18:38,NULL
391341,25050806192935,231561881,1,已付款,2025/5/8 18:23,1746518271497,6.4,2,17d4ce1e68247e20b48538fc3d6e70f9-~1746518271497-~231561881,app-ios,91.39,0,待定,2025/5/8 18:23,2025/5/8 23:55,1,2025/5/8 18:40,NULL
391368,25050892154244,231576604,1,已付款,2025/5/8 18:24,1746697668191,4.38,2,dd391ccef6b13960d42d394c8934fc97-~1746697668191-~231576604,app-android,146,0,待定,2025/5/8 18:24,2025/5/8 23:55,1,2025/5/8 18:41,NULL
392765,25050896730424,233498054,1,已付款,2025/5/8 18:32,1746680724243,3.69,2,dd391ccef6b13960d42d394c8934fc97-~1746680724243-~233498054,app-android,36.9,0,待定,2025/5/8 18:32,2025/5/8 23:55,1,2025/5/8 18:49,NULL
392968,25050813496089,231561881,1,已付款,2025/5/8 18:35,1746699236680,2.37,2,17d4ce1e68247e20b48538fc3d6e70f9-~1746699236680-~231561881,app-ios,79,0,待定,2025/5/8 18:35,2025/5/8 23:55,1,2025/5/8 18:52,NULL
393552,25050813412889,231561881,1,已付款,2025/5/8 18:38,1746699204083,5.17,2,17d4ce1e68247e20b48538fc3d6e70f9-~1746699204083-~231561881,app-ios,172.42,0,待定,2025/5/8 18:38,2025/5/8 23:55,1,2025/5/8 18:55,NULL
393607,25050832574165,233502003,0,已失效,2025/5/8 18:38,1746632046634,4.2,2,17d4ce1e68247e20b48538fc3d6e70f9-~1746632046634-~233502003,app-ios,28,0,待定,2025/5/8 18:39,2025/5/8 23:55,1,2025/5/8 18:55,NULL
394257,25050890525015,233762542,1,已付款,2025/5/8 18:42,1746700449461,0,2,17d4ce1e68247e20b48538fc3d6e70f9-~1746700449461-~233762542,app-ios,77,1,/,2025/5/8 18:42,2025/5/8 23:55,0,NULL,NULL
394405,25050899678724,233762582,0,已失效,2025/5/8 18:44,1746679288067,8.97,2,dd391ccef6b13960d42d394c8934fc97-~1746679288067-~233762582,app-android,302,0,待定,2025/5/8 18:44,2025/5/8 23:55,1,2025/5/8 19:01,NULL
395004,25050813204489,233762582,1,已付款,2025/5/8 18:45,1746679288067,3.7,2,dd391ccef6b13960d42d394c8934fc97-~1746679288067-~233762582,app-android,123.17,0,待定,2025/5/8 18:46,2025/5/8 23:55,1,2025/5/8 19:02,NULL
395008,25050899641924,231576604,1,已付款,2025/5/8 18:45,1746699790218,3.5,5,dd391ccef6b13960d42d394c8934fc97-~1746699790218-~231576604,app-android,40,0,待定,2025/5/8 18:46,2025/5/8 23:55,1,2025/5/8 19:02,NULL
395011,25050804846435,233762582,1,已付款,2025/5/8 18:45,1746679288067,5.27,2,dd391ccef6b13960d42d394c8934fc97-~1746679288067-~233762582,app-android,175.84,0,待定,2025/5/8 18:46,2025/5/8 23:55,1,2025/5/8 19:02,NULL
395160,25050832294365,233460954,1,已付款,2025/5/8 18:49,1746620923629,1.49,2,dd391ccef6b13960d42d394c8934fc97-~1746620923629-~233460954,app-android,49.76,0,待定,2025/5/8 18:49,2025/5/8 23:55,1,2025/5/8 19:06,NULL
395218,25050832280065,231561881,1,已付款,2025/5/8 18:49,1746622222258,2.16,2,17d4ce1e68247e20b48538fc3d6e70f9-~1746622222258-~231561881,app-ios,216,0,待定,2025/5/8 18:49,2025/5/8 23:55,1,2025/5/8 19:06,NULL
396014,25050812985089,233762542,0,已失效,2025/5/8 18:53,1746674114760,52.59,2,17d4ce1e68247e20b48538fc3d6e70f9-~1746674114760-~233762542,app-ios,741.81,0,待定,2025/5/8 18:54,2025/5/8 23:55,1,2025/5/8 19:10,NULL
396877,25050894467444,231576604,1,已付款,2025/5/8 19:00,1746623084288,1.75,2,dd391ccef6b13960d42d394c8934fc97-~1746623084288-~231576604,app-android,58.41,0,待定,2025/5/8 19:00,2025/5/8 23:55,1,2025/5/8 19:17,NULL
397580,25050819042752,231561881,1,已付款,2025/5/8 19:02,1746620015451,3.57,2,17d4ce1e68247e20b48538fc3d6e70f9-~1746620015451-~231561881,app-ios,119,0,待定,2025/5/8 19:03,2025/5/8 23:55,1,2025/5/8 19:19,NULL
398249,25050855246789,231576604,1,已付款,2025/5/8 19:05,1746677288408,1.88,2,dd391ccef6b13960d42d394c8934fc97-~1746677288408-~231576604,app-android,62.55,0,待定,2025/5/8 19:05,2025/5/8 23:55,1,2025/5/8 19:22,NULL
398293,25050899040824,231561881,1,已付款,2025/5/8 19:06,1746627407142,0.69,2,17d4ce1e68247e20b48538fc3d6e70f9-~1746627407142-~231561881,app-ios,69.39,0,待定,2025/5/8 19:06,2025/5/8 23:55,1,2025/5/8 19:23,NULL
398345,25050839264675,233502003,0,已失效,2025/5/8 19:07,1746682426900,49.35,2,17d4ce1e68247e20b48538fc3d6e70f9-~1746682426900-~233502003,app-ios,704.99,0,待定,2025/5/8 19:07,2025/5/8 23:55,1,2025/5/8 19:24,NULL
398356,25050899020824,233502003,1,已付款,2025/5/8 19:07,1746682426900,12.39,2,17d4ce1e68247e20b48538fc3d6e70f9-~1746682426900-~233502003,app-ios,176.99,0,待定,2025/5/8 19:07,2025/5/8 23:55,1,2025/5/8 19:24,NULL
398361,25050894256244,233502003,1,已付款,2025/5/8 19:07,1746682426900,36.96,2,17d4ce1e68247e20b48538fc3d6e70f9-~1746682426900-~233502003,app-ios,528,0,待定,2025/5/8 19:07,2025/5/8 23:55,1,2025/5/8 19:24,NULL
398404,25050894237644,231561881,1,已付款,2025/5/8 19:08,1746619533592,4.61,2,17d4ce1e68247e20b48538fc3d6e70f9-~1746619533592-~231561881,app-ios,74.4,0,待定,2025/5/8 19:08,2025/5/8 23:55,1,2025/5/8 19:25,NULL
398478,25050894293544,231561881,1,已付款,2025/5/8 19:06,1746692687331,7.56,2,17d4ce1e68247e20b48538fc3d6e70f9-~1746692687331-~231561881,app-ios,126,0,待定,2025/5/8 19:09,2025/5/8 23:55,1,2025/5/8 19:23,NULL
399106,25050818819252,231576604,1,已付款,2025/5/8 19:10,1746626737649,0,2,dd391ccef6b13960d42d394c8934fc97-~1746626737649-~231576604,app-android,45,1,/,2025/5/8 19:11,2025/5/8 23:55,0,NULL,NULL
399110,25050839177075,231576604,1,已付款,2025/5/8 19:10,1746626737649,0,2,dd391ccef6b13960d42d394c8934fc97-~1746626737649-~231576604,app-android,13.6,1,/,2025/5/8 19:11,2025/5/8 23:55,0,NULL,NULL
399133,25050892971515,231561881,1,已付款,2025/5/8 19:11,1746701962414,6.41,2,17d4ce1e68247e20b48538fc3d6e70f9-~1746701962414-~231561881,wap,66.06,0,待定,2025/5/8 19:11,2025/5/8 23:55,1,2025/5/8 19:28,NULL
399240,25050889770303,233476754,1,已付款,2025/5/8 19:12,1746686660556,0.85,2,17d4ce1e68247e20b48538fc3d6e70f9-~1746686660556-~233476754,app-ios,84.87,0,待定,2025/5/8 19:13,2025/5/8 23:55,1,2025/5/8 19:29,NULL
399318,25050813265689,231576604,1,已付款,2025/5/8 19:13,1746571503010,0,2,dd391ccef6b13960d42d394c8934fc97-~1746571503010-~231576604,app-android,166,1,/,2025/5/8 19:14,2025/5/8 23:55,0,NULL,NULL
399429,25050829214575,233762542,1,已付款,2025/5/8 19:14,1746681887856,0,2,17d4ce1e68247e20b48538fc3d6e70f9-~1746681887856-~233762542,app-ios,49.82,1,/,2025/5/8 19:15,2025/5/8 23:55,0,NULL,NULL
399435,25050818688552,233762542,0,已失效,2025/5/8 19:14,1746681887856,0,2,17d4ce1e68247e20b48538fc3d6e70f9-~1746681887856-~233762542,app-ios,237.19,1,/,2025/5/8 19:15,2025/5/8 23:55,0,NULL,NULL
399865,25050889699803,233762542,1,已付款,2025/5/8 19:15,1746681887856,0,2,17d4ce1e68247e20b48538fc3d6e70f9-~1746681887856-~233762542,app-ios,143.72,1,/,2025/5/8 19:15,2025/5/8 23:55,0,NULL,NULL
399871,25050898788024,233762542,1,已付款,2025/5/8 19:15,1746681887856,0,2,17d4ce1e68247e20b48538fc3d6e70f9-~1746681887856-~233762542,app-ios,14.15,1,/,2025/5/8 19:15,2025/5/8 23:55,0,NULL,NULL
399877,25050898788724,233762542,1,已付款,2025/5/8 19:15,1746681887856,0,2,17d4ce1e68247e20b48538fc3d6e70f9-~1746681887856-~233762542,app-ios,79.32,1,/,2025/5/8 19:15,2025/5/8 23:55,0,NULL,NULL
400102,25050818629652,231576604,1,已付款,2025/5/8 19:16,1746630642756,0,2,dd391ccef6b13960d42d394c8934fc97-~1746630642756-~231576604,app-android,32.96,1,/,2025/5/8 19:17,2025/5/8 23:55,0,NULL,NULL
400225,25050818576852,231561881,1,已付款,2025/5/8 19:18,1746619533592,6.37,2,17d4ce1e68247e20b48538fc3d6e70f9-~1746619533592-~231561881,app-ios,91,0,待定,2025/5/8 19:18,2025/5/8 23:55,1,2025/5/8 19:35,NULL
401899,25050889358103,231561881,1,已付款,2025/5/8 19:26,1746701084637,11.19,2,17d4ce1e68247e20b48538fc3d6e70f9-~1746701084637-~231561881,app-ios,373,0,待定,2025/5/8 19:26,2025/5/8 23:55,1,2025/5/8 19:43,NULL
401954,25050828867075,233502003,0,已失效,2025/5/8 19:26,1746671738793,9.94,2,17d4ce1e68247e20b48538fc3d6e70f9-~1746671738793-~233502003,app-ios,260,0,待定,2025/5/8 19:27,2025/5/8 23:55,1,2025/5/8 19:43,NULL
401962,25050806891135,233502003,1,已付款,2025/5/8 19:27,1746671738793,5.13,2,17d4ce1e68247e20b48538fc3d6e70f9-~1746671738793-~233502003,app-ios,171,0,待定,2025/5/8 19:27,2025/5/8 23:55,1,2025/5/8 19:44,NULL
401985,25050831177265,233502003,1,已付款,2025/5/8 19:27,1746671738793,2.37,2,17d4ce1e68247e20b48538fc3d6e70f9-~1746671738793-~233502003,app-ios,43.9,0,待定,2025/5/8 19:27,2025/5/8 23:55,1,2025/5/8 19:44,NULL
401988,25050889325803,233502003,1,已付款,2025/5/8 19:27,1746671738793,2.44,2,17d4ce1e68247e20b48538fc3d6e70f9-~1746671738793-~233502003,app-ios,45.1,0,待定,2025/5/8 19:27,2025/5/8 23:55,1,2025/5/8 19:44,NULL
402126,25050889259903,233502003,1,已付款,2025/5/8 19:29,1746702584417,6.72,2,17d4ce1e68247e20b48538fc3d6e70f9-~1746702584417-~233502003,app-ios,96,0,待定,2025/5/8 19:29,2025/5/8 23:55,1,2025/5/8 19:46,NULL
402211,25050828755475,233498046,1,已付款,2025/5/8 19:30,1746678428067,0.6,2,17d4ce1e68247e20b48538fc3d6e70f9-~1746678428067-~233498046,app-ios,5,0,待定,2025/5/8 19:30,2025/5/8 23:55,1,2025/5/8 19:47,NULL
402221,25050893568644,233498046,1,已付款,2025/5/8 19:30,1746678428067,0.79,2,17d4ce1e68247e20b48538fc3d6e70f9-~1746678428067-~233498046,app-ios,9.9,0,待定,2025/5/8 19:30,2025/5/8 23:55,1,2025/5/8 19:47,NULL
402839,25050889206003,233502029,1,已付款,2025/5/8 19:31,1746630372651,0.01,2,dd391ccef6b13960d42d394c8934fc97-~1746630372651-~233502029,app-android,1.52,0,待定,2025/5/8 19:31,2025/5/8 23:55,1,2025/5/8 19:48,NULL
402995,25050828666175,233762542,1,已付款,2025/5/8 19:33,1746703141097,0.92,2,17d4ce1e68247e20b48538fc3d6e70f9-~1746703141097-~233762542,app-ios,30.51,0,待定,2025/5/8 19:33,2025/5/8 23:55,1,2025/5/8 19:49,NULL
403045,25050818121852,233502003,1,已付款,2025/5/8 19:33,1746665449491,0,2,17d4ce1e68247e20b48538fc3d6e70f9-~1746665449491-~233502003,app-ios,134,1,/,2025/5/8 19:33,2025/5/8 23:55,0,NULL,NULL
403138,25050828625275,233460954,1,已付款,2025/5/8 19:34,1746690528369,0.73,2,dd391ccef6b13960d42d394c8934fc97-~1746690528369-~233460954,app-android,72.92,0,待定,2025/5/8 19:34,2025/5/8 23:55,1,2025/5/8 19:51,NULL
404868,25050801248925,231576604,1,已付款,2025/5/8 19:41,1746657397322,4.97,2,dd391ccef6b13960d42d394c8934fc97-~1746657397322-~231576604,app-android,71,0,待定,2025/5/8 19:41,2025/5/8 23:55,1,2025/5/8 19:58,NULL
404927,25050828393175,233502003,1,已付款,2025/5/8 19:41,1746700678076,2.61,2,17d4ce1e68247e20b48538fc3d6e70f9-~1746700678076-~233502003,app-ios,87,0,待定,2025/5/8 19:42,2025/5/8 23:55,1,2025/5/8 19:58,NULL
405908,25050807865052,231561881,1,已付款,2025/5/8 19:46,1746704204106,0.35,0,17d4ce1e68247e20b48538fc3d6e70f9-~1746704204106-~231561881,app-ios,39.98,0,待定,2025/5/8 19:46,2025/5/8 23:55,1,2025/5/8 20:03,NULL
405936,25050807863052,233502003,1,已付款,2025/5/8 19:46,1746700678076,2.61,2,17d4ce1e68247e20b48538fc3d6e70f9-~1746700678076-~233502003,app-ios,87,0,待定,2025/5/8 19:46,2025/5/8 23:55,1,2025/5/8 20:03,NULL
405970,25050835610645,231561881,1,已付款,2025/5/8 19:46,1746703893767,1.52,5,17d4ce1e68247e20b48538fc3d6e70f9-~1746703893767-~231561881,app-ios,20,0,待定,2025/5/8 19:47,2025/5/8 23:55,1,2025/5/8 20:03,NULL
406194,25050807781952,233498054,1,已付款,2025/5/8 19:48,1746666094034,21,2,dd391ccef6b13960d42d394c8934fc97-~1746666094034-~233498054,app-android,300,0,待定,2025/5/8 19:49,2025/5/8 23:55,1,2025/5/8 20:05,NULL
406200,25050835633245,233498046,1,已付款,2025/5/8 19:46,1746656260333,0,2,17d4ce1e68247e20b48538fc3d6e70f9-~1746656260333-~233498046,app-ios,1026.4,1,/,2025/5/8 19:49,2025/5/8 23:55,0,NULL,NULL
407288,25050827969175,231576604,1,已付款,2025/5/8 19:54,1746657397322,3.08,2,dd391ccef6b13960d42d394c8934fc97-~1746657397322-~231576604,app-android,44,0,待定,2025/5/8 19:54,2025/5/8 23:55,1,2025/5/8 20:11,NULL
407310,25050807578152,233502003,1,已付款,2025/5/8 19:54,1746661994053,0,2,17d4ce1e68247e20b48538fc3d6e70f9-~1746661994053-~233502003,app-ios,545,1,/,2025/5/8 19:55,2025/5/8 23:55,0,NULL,NULL
407994,25050881733415,231561881,1,已付款,2025/5/8 19:55,1746691618030,1.86,2,17d4ce1e68247e20b48538fc3d6e70f9-~1746691618030-~231561881,app-ios,45.45,0,待定,2025/5/8 19:56,2025/5/8 23:55,1,2025/5/8 20:12,NULL
408012,25050881712315,231561881,1,已付款,2025/5/8 19:56,1746695001477,12.53,2,17d4ce1e68247e20b48538fc3d6e70f9-~1746695001477-~231561881,app-ios,179,0,待定,2025/5/8 19:56,2025/5/8 23:55,1,2025/5/8 20:13,NULL
409145,25050800562225,233476754,1,已付款,2025/5/8 20:01,1746626245894,5.97,2,17d4ce1e68247e20b48538fc3d6e70f9-~1746626245894-~233476754,app-ios,199,0,待定,2025/5/8 20:01,2025/5/8 23:55,1,2025/5/8 20:18,NULL
409158,25050850249508,231561881,1,已付款,2025/5/8 20:01,1746701311933,22,2,17d4ce1e68247e20b48538fc3d6e70f9-~1746701311933-~231561881,app-ios,200,0,待定,2025/5/8 20:01,2025/5/8 23:55,1,2025/5/8 20:18,NULL
409199,25050895940434,231561881,0,已失效,2025/5/8 20:01,1746633110717,0.07,2,17d4ce1e68247e20b48538fc3d6e70f9-~1746633110717-~231561881,app-ios,14.9,0,待定,2025/5/8 20:02,2025/5/8 23:55,1,2025/5/8 20:18,NULL
410160,25050895822834,231561881,1,已付款,2025/5/8 20:05,1746664088208,8.54,2,17d4ce1e68247e20b48538fc3d6e70f9-~1746664088208-~231561881,app-ios,122,0,待定,2025/5/8 20:05,2025/5/8 23:55,1,2025/5/8 20:22,NULL
410380,25050800351025,231561881,1,已付款,2025/5/8 20:07,1746695001477,12.53,2,17d4ce1e68247e20b48538fc3d6e70f9-~1746695001477-~231561881,app-ios,179,0,待定,2025/5/8 20:07,2025/5/8 23:55,1,2025/5/8 20:24,NULL
410489,25050849988008,233502003,1,已付款,2025/5/8 20:08,1746700348222,1.6,2,17d4ce1e68247e20b48538fc3d6e70f9-~1746700348222-~233502003,app-ios,53.27,0,待定,2025/5/8 20:08,2025/5/8 23:55,1,2025/5/8 20:25,NULL
410504,25050800281725,231576604,0,已失效,2025/5/8 20:09,1746618952550,11.52,2,dd391ccef6b13960d42d394c8934fc97-~1746618952550-~231576604,app-android,100,0,待定,2025/5/8 20:09,2025/5/8 23:55,1,2025/5/8 20:26,NULL
410588,25050807045552,231576604,1,已付款,2025/5/8 20:09,1746618952550,10.65,2,dd391ccef6b13960d42d394c8934fc97-~1746618952550-~231576604,app-android,71,0,待定,2025/5/8 20:09,2025/5/8 23:55,1,2025/5/8 20:26,NULL
410589,25050849941008,231576604,1,已付款,2025/5/8 20:09,1746618952550,0.87,2,dd391ccef6b13960d42d394c8934fc97-~1746618952550-~231576604,app-android,29,0,待定,2025/5/8 20:09,2025/5/8 23:55,1,2025/5/8 20:26,NULL
411493,25050849829608,233762542,1,已付款,2025/5/8 20:12,1746705011861,0,2,17d4ce1e68247e20b48538fc3d6e70f9-~1746705011861-~233762542,app-ios,429.14,0,待定,2025/5/8 20:13,2025/5/8 23:55,0,NULL,NULL
411600,25050830579975,233762542,0,已失效,2025/5/8 20:13,1746705442031,0.69,2,17d4ce1e68247e20b48538fc3d6e70f9-~1746705442031-~233762542,app-ios,28,0,待定,2025/5/8 20:14,2025/5/8 23:55,1,2025/5/8 20:30,NULL
411638,25050800097425,233502003,0,已失效,2025/5/8 20:14,1746683031495,1.85,2,17d4ce1e68247e20b48538fc3d6e70f9-~1746683031495-~233502003,app-ios,98.56,0,待定,2025/5/8 20:14,2025/5/8 23:55,1,2025/5/8 20:31,NULL
412374,25050834618645,233502003,1,已付款,2025/5/8 20:15,1746683031495,1.3,2,17d4ce1e68247e20b48538fc3d6e70f9-~1746683031495-~233502003,app-ios,43.17,0,待定,2025/5/8 20:16,2025/5/8 23:55,1,2025/5/8 20:32,NULL
412391,25050832802765,233502003,1,已付款,2025/5/8 20:15,1746683031495,0.55,2,17d4ce1e68247e20b48538fc3d6e70f9-~1746683031495-~233502003,app-ios,55.39,0,待定,2025/5/8 20:16,2025/5/8 23:55,1,2025/5/8 20:32,NULL
412497,25050880971015,233476754,1,已付款,2025/5/8 20:16,1746698721596,8.73,2,17d4ce1e68247e20b48538fc3d6e70f9-~1746698721596-~233476754,app-ios,291,0,待定,2025/5/8 20:17,2025/5/8 23:55,1,2025/5/8 20:33,NULL
412847,25050830349375,233762542,1,已付款,2025/5/8 20:19,1746688064815,8.96,2,17d4ce1e68247e20b48538fc3d6e70f9-~1746688064815-~233762542,app-ios,128,0,待定,2025/5/8 20:20,2025/5/8 23:55,1,2025/5/8 20:36,NULL
412883,25050849571208,231561881,1,已付款,2025/5/8 20:20,1746665182389,0,2,17d4ce1e68247e20b48538fc3d6e70f9-~1746665182389-~231561881,app-ios,47,1,/,2025/5/8 20:20,2025/5/8 23:55,0,NULL,NULL
413672,25050849485408,231576604,0,已失效,2025/5/8 20:22,1746677231691,0,2,dd391ccef6b13960d42d394c8934fc97-~1746677231691-~231576604,app-android,77,1,/,2025/5/8 20:22,2025/5/8 23:55,0,NULL,NULL
413759,25050822673965,231561881,1,已付款,2025/5/8 20:23,1746694962627,3.36,2,17d4ce1e68247e20b48538fc3d6e70f9-~1746694962627-~231561881,app-ios,56,0,待定,2025/5/8 20:23,2025/5/8 23:55,1,2025/5/8 20:40,NULL
414796,25050809778252,231576604,0,已失效,2025/5/8 20:24,1746629119624,17.68,2,dd391ccef6b13960d42d394c8934fc97-~1746629119624-~231576604,app-ios,221,0,待定,2025/5/8 20:28,2025/5/8 23:55,1,2025/5/8 20:41,NULL
414936,25050889718324,231561881,1,已付款,2025/5/8 20:29,1746706726585,0.69,2,17d4ce1e68247e20b48538fc3d6e70f9-~1746706726585-~231561881,app-ios,28,0,待定,2025/5/8 20:29,2025/5/8 23:55,1,2025/5/8 20:46,NULL
415731,25050822408165,233502003,1,已付款,2025/5/8 20:31,1746707251906,1.21,2,17d4ce1e68247e20b48538fc3d6e70f9-~1746707251906-~233502003,app-ios,17.24,0,待定,2025/5/8 20:31,2025/5/8 23:55,1,2025/5/8 20:48,NULL
415863,25050809499252,231561881,1,已付款,2025/5/8 20:32,1746664088208,5.74,2,17d4ce1e68247e20b48538fc3d6e70f9-~1746664088208-~231561881,app-ios,82,0,待定,2025/5/8 20:32,2025/5/8 23:55,1,2025/5/8 20:49,NULL
416210,25050837172145,233502003,1,已付款,2025/5/8 20:35,1746668193422,9.66,2,17d4ce1e68247e20b48538fc3d6e70f9-~1746668193422-~233502003,app-ios,161,0,待定,2025/5/8 20:35,2025/5/8 23:55,1,2025/5/8 20:52,NULL
416907,25050809338252,233460954,1,已付款,2025/5/8 20:36,1746664607731,1.15,2,dd391ccef6b13960d42d394c8934fc97-~1746664607731-~233460954,app-android,57.5,0,待定,2025/5/8 20:36,2025/5/8 23:55,1,2025/5/8 20:53,NULL
416934,25050822180665,233460954,1,已付款,2025/5/8 20:36,1746664607731,2.08,2,dd391ccef6b13960d42d394c8934fc97-~1746664607731-~233460954,app-android,52,0,待定,2025/5/8 20:37,2025/5/8 23:55,1,2025/5/8 20:53,NULL
418237,25050851962808,233502029,0,已失效,2025/5/8 20:43,1746707205076,6.16,2,dd391ccef6b13960d42d394c8934fc97-~1746707205076-~233502029,app-android,88,0,待定,2025/5/8 20:44,2025/5/8 23:59,1,2025/5/9 10:40,NULL
418289,25050889256124,231576604,1,已付款,2025/5/8 20:41,1746629119624,17.66,2,dd391ccef6b13960d42d394c8934fc97-~1746629119624-~231576604,app-ios,220.78,0,待定,2025/5/8 20:44,2025/5/8 23:55,1,2025/5/8 20:58,NULL
419134,25050889061624,233498054,1,已付款,2025/5/8 20:46,1746672073003,6.45,2,dd391ccef6b13960d42d394c8934fc97-~1746672073003-~233498054,app-android,129,0,待定,2025/5/8 20:46,2025/5/8 23:55,1,2025/5/8 21:03,NULL
419296,25050832554775,233762542,1,已付款,2025/5/8 20:47,1746708013287,0.77,5,17d4ce1e68247e20b48538fc3d6e70f9-~1746708013287-~233762542,app-ios,30.5,0,待定,2025/5/8 20:48,2025/5/8 23:55,1,2025/5/8 21:04,NULL
419389,25050821732865,233762542,0,已失效,2025/5/8 20:48,1746707097992,6.17,2,17d4ce1e68247e20b48538fc3d6e70f9-~1746707097992-~233762542,app-ios,144.48,0,待定,2025/5/8 20:48,2025/5/8 23:55,1,2025/5/8 21:05,NULL
419424,25050832524175,233762542,1,已付款,2025/5/8 20:48,1746707097992,2.96,2,17d4ce1e68247e20b48538fc3d6e70f9-~1746707097992-~233762542,app-ios,98.65,0,待定,2025/5/8 20:49,2025/5/8 23:55,1,2025/5/8 21:05,NULL
419430,25050851766408,233762542,1,已付款,2025/5/8 20:48,1746707097992,3.21,2,17d4ce1e68247e20b48538fc3d6e70f9-~1746707097992-~233762542,app-ios,45.83,0,待定,2025/5/8 20:49,2025/5/8 23:55,1,2025/5/8 21:05,NULL
419607,25050832485075,233762542,0,已失效,2025/5/8 20:49,1746701970849,398.96,2,17d4ce1e68247e20b48538fc3d6e70f9-~1746701970849-~233762542,app-ios,9974,0,待定,2025/5/8 20:50,2025/5/8 23:55,1,2025/5/8 21:06,NULL
420999,25050858014589,233502003,1,已付款,2025/5/8 20:55,1746678600905,2.39,2,17d4ce1e68247e20b48538fc3d6e70f9-~1746678600905-~233502003,app-ios,23.9,0,待定,2025/5/8 20:55,2025/5/8 23:55,1,2025/5/8 21:12,NULL
422643,25050888474424,231576604,1,已付款,2025/5/8 21:00,1746634602183,11.62,2,dd391ccef6b13960d42d394c8934fc97-~1746634602183-~231576604,app-android,166,0,待定,2025/5/8 21:01,2025/5/8 23:55,1,2025/5/8 21:17,NULL
422968,25050831924075,233502003,0,已失效,2025/5/8 21:03,1746708051897,13.09,2,17d4ce1e68247e20b48538fc3d6e70f9-~1746708051897-~233502003,app-ios,90,0,待定,2025/5/8 21:03,2025/5/8 23:55,1,2025/5/8 21:20,NULL
423800,25050835952645,231561881,0,已失效,2025/5/8 21:05,1746690840066,0,2,17d4ce1e68247e20b48538fc3d6e70f9-~1746690840066-~231561881,app-ios,476,1,/,2025/5/8 21:05,2025/5/8 23:55,0,NULL,NULL
424007,25050811400952,233502029,1,已付款,2025/5/8 21:07,1746707260051,5.44,2,dd391ccef6b13960d42d394c8934fc97-~1746707260051-~233502029,app-android,32.2,0,待定,2025/5/8 21:07,2025/5/8 23:55,1,2025/5/8 21:23,NULL
424238,25050831704675,231576604,1,已付款,2025/5/8 21:08,1746704759471,0,2,dd391ccef6b13960d42d394c8934fc97-~1746704759471-~231576604,app-android,29.1,1,/,2025/5/8 21:08,2025/5/8 23:55,0,NULL,NULL
425147,25050857333789,231561881,1,已付款,2025/5/8 21:11,1746690840066,0,2,17d4ce1e68247e20b48538fc3d6e70f9-~1746690840066-~231561881,app-ios,476,1,/,2025/5/8 21:11,2025/5/8 23:55,0,NULL,NULL
425206,25050850835808,233502003,1,已付款,2025/5/8 21:11,1746664220880,20.51,2,17d4ce1e68247e20b48538fc3d6e70f9-~1746664220880-~233502003,app-ios,293,0,待定,2025/5/8 21:11,2025/5/8 23:55,1,2025/5/8 21:28,NULL
425365,25050811161552,231576604,1,已付款,2025/5/8 21:12,1746623836501,3.42,2,dd391ccef6b13960d42d394c8934fc97-~1746623836501-~231576604,app-android,114,0,待定,2025/5/8 21:13,2025/5/8 23:55,1,2025/5/8 21:29,NULL
425489,25050823965265,231576604,1,已付款,2025/5/8 21:14,1746670343686,0,2,dd391ccef6b13960d42d394c8934fc97-~1746670343686-~231576604,app-android,1.2,1,/,2025/5/8 21:14,2025/5/8 23:55,0,NULL,NULL
425493,25050850726608,233502003,1,已付款,2025/5/8 21:13,1746708051897,7.65,2,17d4ce1e68247e20b48538fc3d6e70f9-~1746708051897-~233502003,app-ios,53.5,0,待定,2025/5/8 21:14,2025/5/8 23:55,1,2025/5/8 21:30,NULL
425519,25050823976865,233502003,1,已付款,2025/5/8 21:13,1746708051897,5.44,2,17d4ce1e68247e20b48538fc3d6e70f9-~1746708051897-~233502003,app-ios,36.5,0,待定,2025/5/8 21:14,2025/5/8 23:55,1,2025/5/8 21:30,NULL
426536,25050823842865,233498054,1,已付款,2025/5/8 21:16,1746666050772,0,2,dd391ccef6b13960d42d394c8934fc97-~1746666050772-~233498054,app-android,96,1,/,2025/5/8 21:17,2025/5/8 23:55,0,NULL,NULL
426621,25050899563334,233762542,1,已付款,2025/5/8 21:17,1746676418490,3.82,2,17d4ce1e68247e20b48538fc3d6e70f9-~1746676418490-~233762542,app-ios,76.4,0,待定,2025/5/8 21:17,2025/5/8 23:55,1,2025/5/8 21:34,NULL
426639,25050831318975,231561881,1,已付款,2025/5/8 21:17,1746709890746,1.45,5,17d4ce1e68247e20b48538fc3d6e70f9-~1746709890746-~231561881,app-ios,34,0,待定,2025/5/8 21:18,2025/5/8 23:55,1,2025/5/8 21:34,NULL
426782,25050831274775,233460954,1,已付款,2025/5/8 21:18,1746709339816,2.58,2,dd391ccef6b13960d42d394c8934fc97-~1746709339816-~233460954,app-android,86,0,待定,2025/5/8 21:19,2025/5/8 23:55,1,2025/5/8 21:35,NULL
427512,25050899436734,233762542,1,已付款,2025/5/8 21:20,1746703000028,22.42,2,17d4ce1e68247e20b48538fc3d6e70f9-~1746703000028-~233762542,app-ios,577.7,0,待定,2025/5/8 21:20,2025/5/8 23:55,1,2025/5/8 21:37,NULL
427722,25050810795152,231576604,1,已付款,2025/5/8 21:21,1746710001807,8.19,2,dd391ccef6b13960d42d394c8934fc97-~1746710001807-~231576604,app-android,117,0,待定,2025/5/8 21:21,2025/5/8 23:55,1,2025/5/8 21:38,NULL
430605,25050884445215,231561881,1,已付款,2025/5/8 21:34,1746691502905,0.46,2,17d4ce1e68247e20b48538fc3d6e70f9-~1746691502905-~231561881,app-ios,45.72,0,待定,2025/5/8 21:34,2025/5/8 23:55,1,2025/5/8 21:50,NULL
430645,25050810244552,231561881,0,已失效,2025/5/8 21:33,1746691502905,7.37,2,17d4ce1e68247e20b48538fc3d6e70f9-~1746691502905-~231561881,app-ios,276,0,待定,2025/5/8 21:34,2025/5/8 23:55,1,2025/5/8 21:50,NULL
430650,25050823108965,231561881,1,已付款,2025/5/8 21:34,1746691502905,6.91,2,17d4ce1e68247e20b48538fc3d6e70f9-~1746691502905-~231561881,app-ios,230.28,0,待定,2025/5/8 21:34,2025/5/8 23:55,1,2025/5/8 21:50,NULL
431887,25050810026752,233762542,1,已付款,2025/5/8 21:38,1746708354843,6.45,2,17d4ce1e68247e20b48538fc3d6e70f9-~1746708354843-~233762542,app-ios,43,0,待定,2025/5/8 21:38,2025/5/8 23:55,1,2025/5/8 21:55,NULL
432764,25050822799865,233498046,1,已付款,2025/5/8 21:40,1746657861188,0,2,17d4ce1e68247e20b48538fc3d6e70f9-~1746657861188-~233498046,app-ios,231,1,/,2025/5/8 21:41,2025/5/8 23:55,0,NULL,NULL
432781,25050837700145,233498046,1,已付款,2025/5/8 21:40,1746657861188,0,2,17d4ce1e68247e20b48538fc3d6e70f9-~1746657861188-~233498046,app-ios,356,1,/,2025/5/8 21:41,2025/5/8 23:55,0,NULL,NULL
432820,25050837825245,231576604,1,已付款,2025/5/8 21:38,1746544119551,0,2,dd391ccef6b13960d42d394c8934fc97-~1746544119551-~231576604,app-android,273,1,/,2025/5/8 21:41,2025/5/8 23:55,0,NULL,NULL
432932,25050898504834,233498054,1,已付款,2025/5/8 21:41,1746705524941,1.3,2,dd391ccef6b13960d42d394c8934fc97-~1746705524941-~233498054,app-android,43.2,0,待定,2025/5/8 21:42,2025/5/8 23:55,1,2025/5/8 21:58,NULL
433297,25050833385875,231561881,1,已付款,2025/5/8 21:44,1746627214068,2.61,2,17d4ce1e68247e20b48538fc3d6e70f9-~1746627214068-~231561881,app-ios,87,0,待定,2025/5/8 21:45,2025/5/8 23:55,1,2025/5/8 22:01,NULL
433788,25050883936815,233762542,1,已付款,2025/5/8 21:45,1746676418490,2.67,2,17d4ce1e68247e20b48538fc3d6e70f9-~1746676418490-~233762542,app-ios,99,0,待定,2025/5/8 21:45,2025/5/8 23:55,1,2025/5/8 22:02,NULL
434235,25050898244934,231576604,1,已付款,2025/5/8 21:47,1746626935005,7.96,2,dd391ccef6b13960d42d394c8934fc97-~1746626935005-~231576604,app-android,99.53,0,待定,2025/5/8 21:47,2025/5/8 23:55,1,2025/5/8 22:04,NULL
434242,25050893029924,231576604,1,已付款,2025/5/8 21:47,1746707241816,2.16,2,dd391ccef6b13960d42d394c8934fc97-~1746707241816-~231576604,app-android,30.9,0,待定,2025/5/8 21:47,2025/5/8 23:55,1,2025/5/8 22:03,NULL
434479,25050892933324,233762542,1,已付款,2025/5/8 21:49,1746710216186,3.81,5,17d4ce1e68247e20b48538fc3d6e70f9-~1746710216186-~233762542,支付宝小程序,59.4,0,待定,2025/5/8 21:49,2025/5/8 23:55,1,2025/5/8 22:06,NULL
435727,25050812600252,233762582,1,已付款,2025/5/8 21:54,1746682483360,0,2,dd391ccef6b13960d42d394c8934fc97-~1746682483360-~233762582,app-android,146.55,1,/,2025/5/8 21:54,2025/5/8 23:55,0,NULL,NULL
436144,25050840329645,233476754,1,已付款,2025/5/8 21:54,1746684255334,9.73,2,17d4ce1e68247e20b48538fc3d6e70f9-~1746684255334-~233476754,app-ios,139,0,待定,2025/5/8 21:55,2025/5/8 23:55,1,2025/5/8 22:11,NULL
437594,25050800903635,233762582,1,已付款,2025/5/8 22:00,1746711440978,21.91,2,dd391ccef6b13960d42d394c8934fc97-~1746711440978-~233762582,app-android,313,0,待定,2025/5/8 22:00,2025/5/8 23:56,1,2025/5/8 22:17,NULL
438098,25050812234952,233502003,1,已付款,2025/5/8 22:02,1746679250681,2.77,2,17d4ce1e68247e20b48538fc3d6e70f9-~1746679250681-~233502003,app-ios,92.54,0,待定,2025/5/8 22:02,2025/5/8 23:56,1,2025/5/8 22:19,NULL
438422,25050855017408,231576604,1,已付款,2025/5/8 22:04,1746712789301,5.18,2,dd391ccef6b13960d42d394c8934fc97-~1746712789301-~231576604,app-android,74,0,待定,2025/5/8 22:04,2025/5/8 23:56,1,2025/5/8 22:21,NULL
438523,25050848420389,233498054,1,已下单,2025/5/8 22:04,1746712174140,12.04,2,dd391ccef6b13960d42d394c8934fc97-~1746712174140-~233498054,app-android,172,0,待定,2025/5/8 22:05,2025/5/8 23:56,1,2025/5/8 22:21,NULL
439474,25050800570735,233498054,0,已失效,2025/5/8 22:07,1746670485505,0,2,dd391ccef6b13960d42d394c8934fc97-~1746670485505-~233498054,app-android,131.05,1,/,2025/5/8 22:07,2025/5/8 23:56,0,NULL,NULL
440555,25050891970724,231561881,0,已失效,2025/5/8 22:10,1746711515729,0.98,2,17d4ce1e68247e20b48538fc3d6e70f9-~1746711515729-~231561881,app-ios,98,0,待定,2025/5/8 22:11,2025/5/8 23:56,1,2025/5/8 22:27,NULL
440597,25050824698865,231561881,1,已付款,2025/5/8 22:11,1746711515729,0.97,2,17d4ce1e68247e20b48538fc3d6e70f9-~1746711515729-~231561881,app-ios,97.08,0,待定,2025/5/8 22:11,2025/5/8 23:56,1,2025/5/8 22:28,NULL
440653,25050822351475,231561881,1,已付款,2025/5/8 22:11,1746694284358,8.85,2,17d4ce1e68247e20b48538fc3d6e70f9-~1746694284358-~231561881,app-ios,58.97,0,待定,2025/5/8 22:12,2025/5/8 23:56,1,2025/5/8 22:28,NULL
440721,25050854675408,231576604,1,已付款,2025/5/8 22:12,1746706902624,0,2,dd391ccef6b13960d42d394c8934fc97-~1746706902624-~231576604,app-android,18,1,/,2025/5/8 22:12,2025/5/8 23:56,0,NULL,NULL
442067,25050811485052,233476754,1,已付款,2025/5/8 22:18,1746710127909,0.1,2,17d4ce1e68247e20b48538fc3d6e70f9-~1746710127909-~233476754,app-ios,1,0,待定,2025/5/8 22:18,2025/5/8 23:56,1,2025/5/8 22:35,NULL
442200,25050839227845,231576604,1,已下单,2025/5/8 22:19,1746712671433,0.3,2,dd391ccef6b13960d42d394c8934fc97-~1746712671433-~231576604,app-android,15,0,待定,2025/5/8 22:19,2025/5/8 23:56,1,2025/5/8 22:36,NULL
444214,25050894689424,231561881,1,已付款,2025/5/8 22:22,1746635277912,0.53,2,17d4ce1e68247e20b48538fc3d6e70f9-~1746635277912-~231561881,app-ios,53,0,待定,2025/5/8 22:26,2025/5/8 23:56,1,2025/5/8 22:39,NULL
444478,25050853930708,231576604,1,已下单,2025/5/8 22:28,1746713474164,26.6,2,dd391ccef6b13960d42d394c8934fc97-~1746713474164-~231576604,app-android,380,0,待定,2025/5/8 22:28,2025/5/8 23:56,1,2025/5/8 22:45,NULL
445086,25050885149815,233460954,1,已付款,2025/5/8 22:30,1746713692460,10.26,2,dd391ccef6b13960d42d394c8934fc97-~1746713692460-~233460954,app-android,235.9,0,待定,2025/5/8 22:30,2025/5/8 23:56,1,2025/5/8 22:47,NULL
445088,25050801100852,233476754,1,已付款,2025/5/8 22:30,1746669872238,1.87,2,17d4ce1e68247e20b48538fc3d6e70f9-~1746669872238-~233476754,app-ios,62.41,0,待定,2025/5/8 22:30,2025/5/8 23:56,1,2025/5/8 22:47,NULL
445490,25050853831108,231576604,1,已付款,2025/5/8 22:30,1746714561041,0.49,2,dd391ccef6b13960d42d394c8934fc97-~1746714561041-~231576604,app-android,16.4,0,待定,2025/5/8 22:31,2025/5/8 23:56,1,2025/5/8 22:47,NULL
445561,25050821434875,231576604,1,已付款,2025/5/8 22:32,1746713474164,119.92,2,dd391ccef6b13960d42d394c8934fc97-~1746713474164-~231576604,app-android,1713.1,0,待定,2025/5/8 22:32,2025/5/8 23:56,1,2025/5/8 22:48,NULL
445641,25050847192589,233498054,0,已失效,2025/5/8 22:32,1746710502640,7.5,2,dd391ccef6b13960d42d394c8934fc97-~1746710502640-~233498054,app-android,250,0,待定,2025/5/8 22:32,2025/5/8 23:56,1,2025/5/8 22:49,NULL
445720,25050828765245,233498054,1,已付款,2025/5/8 22:33,1746710502640,3.73,2,dd391ccef6b13960d42d394c8934fc97-~1746710502640-~233498054,app-android,124.17,0,待定,2025/5/8 22:33,2025/5/8 23:56,1,2025/5/8 22:50,NULL
445771,25050828765345,233498054,1,已付款,2025/5/8 22:33,1746710502640,3.77,2,dd391ccef6b13960d42d394c8934fc97-~1746710502640-~233498054,app-android,125.83,0,待定,2025/5/8 22:33,2025/5/8 23:56,1,2025/5/8 22:50,NULL
445846,25050894246324,231576604,1,已付款,2025/5/8 22:32,1746697725485,0.58,2,dd391ccef6b13960d42d394c8934fc97-~1746697725485-~231576604,app-ios,58.17,0,待定,2025/5/8 22:34,2025/5/8 23:56,1,2025/5/8 22:49,NULL
445868,25050847187689,231576604,1,已付款,2025/5/8 22:32,1746697725485,4.19,2,dd391ccef6b13960d42d394c8934fc97-~1746697725485-~231576604,app-ios,83.82,0,待定,2025/5/8 22:34,2025/5/8 23:56,1,2025/5/8 22:49,NULL
445882,25050853814208,231576604,0,已失效,2025/5/8 22:31,1746697725485,4.77,2,dd391ccef6b13960d42d394c8934fc97-~1746697725485-~231576604,app-ios,141.99,0,待定,2025/5/8 22:34,2025/5/8 23:56,1,2025/5/8 22:48,NULL
446558,25050800883852,231561881,1,已付款,2025/5/8 22:35,1746685045539,0,2,17d4ce1e68247e20b48538fc3d6e70f9-~1746685045539-~231561881,app-ios,172,1,/,2025/5/8 22:35,2025/5/8 23:56,0,NULL,NULL
446752,25050826846965,231576604,1,已付款,2025/5/8 22:36,1746634980446,0,2,dd391ccef6b13960d42d394c8934fc97-~1746634980446-~231576604,app-android,302,1,/,2025/5/8 22:36,2025/5/8 23:56,0,NULL,NULL
446827,25050875172015,231576604,1,已付款,2025/5/8 22:33,1746697725485,4.25,2,dd391ccef6b13960d42d394c8934fc97-~1746697725485-~231576604,app-ios,85,0,待定,2025/5/8 22:36,2025/5/8 23:56,1,2025/5/8 22:50,NULL
446990,25050821158775,231561881,1,已付款,2025/5/8 22:38,1746678188673,8.1,2,17d4ce1e68247e20b48538fc3d6e70f9-~1746678188673-~231561881,app-ios,59,0,待定,2025/5/8 22:38,2025/5/8 23:56,1,2025/5/8 22:55,NULL
447132,25050843625708,233476754,1,已付款,2025/5/8 22:39,1746702665041,1.75,2,17d4ce1e68247e20b48538fc3d6e70f9-~1746702665041-~233476754,app-ios,35,0,待定,2025/5/8 22:39,2025/5/8 23:56,1,2025/5/8 22:56,NULL
447133,25050843644908,233476754,1,已付款,2025/5/8 22:38,1746702665041,4.79,2,17d4ce1e68247e20b48538fc3d6e70f9-~1746702665041-~233476754,app-ios,31.96,0,待定,2025/5/8 22:39,2025/5/8 23:56,1,2025/5/8 22:55,NULL
447140,25050828491045,233476754,1,已付款,2025/5/8 22:39,1746702665041,0.17,2,17d4ce1e68247e20b48538fc3d6e70f9-~1746702665041-~233476754,app-ios,33,0,待定,2025/5/8 22:39,2025/5/8 23:56,1,2025/5/8 22:56,NULL
447141,25050828510245,233476754,0,已失效,2025/5/8 22:38,1746702665041,3.36,2,17d4ce1e68247e20b48538fc3d6e70f9-~1746702665041-~233476754,app-ios,170.05,0,待定,2025/5/8 22:39,2025/5/8 23:56,1,2025/5/8 22:55,NULL
447151,25050828490945,233476754,1,已付款,2025/5/8 22:39,1746702665041,1.44,2,17d4ce1e68247e20b48538fc3d6e70f9-~1746702665041-~233476754,app-ios,102.05,0,待定,2025/5/8 22:39,2025/5/8 23:56,1,2025/5/8 22:56,NULL
448176,25050800598552,233498054,0,已失效,2025/5/8 22:41,1746670485505,0,2,dd391ccef6b13960d42d394c8934fc97-~1746670485505-~233498054,app-android,199,1,/,2025/5/8 22:42,2025/5/8 23:56,0,NULL,NULL
448218,25050843522308,233498046,1,已付款,2025/5/8 22:41,1746707724657,0,2,17d4ce1e68247e20b48538fc3d6e70f9-~1746707724657-~233498046,app-ios,21.9,1,/,2025/5/8 22:42,2025/5/8 23:56,0,NULL,NULL
448427,25050849975389,233476754,1,已付款,2025/5/8 22:43,1746632628987,5.1,2,17d4ce1e68247e20b48538fc3d6e70f9-~1746632628987-~233476754,app-ios,170,0,待定,2025/5/8 22:44,2025/5/8 23:56,1,2025/5/8 23:00,NULL
448481,25050893737924,233498054,0,已失效,2025/5/8 22:43,1746670485505,0,2,dd391ccef6b13960d42d394c8934fc97-~1746670485505-~233498054,app-android,149,1,/,2025/5/8 22:44,2025/5/8 23:56,0,NULL,NULL
449819,25050826316965,231561881,1,已付款,2025/5/8 22:48,1746670536699,2.67,2,17d4ce1e68247e20b48538fc3d6e70f9-~1746670536699-~231561881,app-ios,44.5,0,待定,2025/5/8 22:48,2025/5/8 23:56,1,2025/5/8 23:05,NULL
449931,25050893512624,231561881,1,已付款,2025/5/8 22:49,1746542611032,0,2,17d4ce1e68247e20b48538fc3d6e70f9-~1746542611032-~231561881,app-ios,863,1,/,2025/5/8 22:49,2025/5/8 23:56,0,NULL,NULL
450048,25050800251952,231561881,1,已付款,2025/5/8 22:50,1746680311892,0,2,17d4ce1e68247e20b48538fc3d6e70f9-~1746680311892-~231561881,app-ios,69.23,1,/,2025/5/8 22:50,2025/5/8 23:56,0,NULL,NULL
450049,25050893476624,233762582,1,已付款,2025/5/8 22:50,1746715200983,3.89,2,dd391ccef6b13960d42d394c8934fc97-~1746715200983-~233762582,app-android,124.6,0,待定,2025/5/8 22:50,2025/5/8 23:56,1,2025/5/8 23:07,NULL
450064,25050823928775,231561881,1,已付款,2025/5/8 22:50,1746711850325,6.72,2,17d4ce1e68247e20b48538fc3d6e70f9-~1746711850325-~231561881,app-ios,224,0,待定,2025/5/8 22:50,2025/5/8 23:56,1,2025/5/8 23:07,NULL
450078,25050874482915,233476754,1,已下单,2025/5/8 22:49,1746676836964,0,2,17d4ce1e68247e20b48538fc3d6e70f9-~1746676836964-~233476754,app-ios,112,1,/,2025/5/8 22:50,2025/5/8 23:56,0,NULL,NULL
451105,25050893374124,231561881,1,已付款,2025/5/8 22:52,1746695564775,0,2,17d4ce1e68247e20b48538fc3d6e70f9-~1746695564775-~231561881,app-ios,31,1,/,2025/5/8 22:52,2025/5/8 23:56,0,NULL,NULL
451375,25050826050665,233502003,1,已付款,2025/5/8 22:54,1746707486364,3.36,2,17d4ce1e68247e20b48538fc3d6e70f9-~1746707486364-~233502003,app-ios,56,0,待定,2025/5/8 22:54,2025/5/8 23:56,1,2025/5/8 23:11,NULL
452174,25050800021052,231576604,1,已付款,2025/5/8 22:55,1746714280349,1.42,2,dd391ccef6b13960d42d394c8934fc97-~1746714280349-~231576604,app-android,141.8,0,待定,2025/5/8 22:56,2025/5/8 23:56,1,2025/5/8 23:12,NULL
452179,25050800009752,233762582,1,已付款,2025/5/8 22:55,1746715873617,0.4,2,dd391ccef6b13960d42d394c8934fc97-~1746715873617-~233762582,app-android,40,0,待定,2025/5/8 22:56,2025/5/8 23:56,1,2025/5/8 23:12,NULL
452556,25050827710945,231576604,1,已付款,2025/5/8 22:57,1746715727607,7.63,2,dd391ccef6b13960d42d394c8934fc97-~1746715727607-~231576604,app-android,191,0,待定,2025/5/8 22:58,2025/5/8 23:57,1,2025/5/8 23:14,NULL
453237,25050874052415,231561881,1,已付款,2025/5/8 23:00,1746630771294,0.02,2,17d4ce1e68247e20b48538fc3d6e70f9-~1746630771294-~231561881,app-ios,4.49,0,待定,2025/5/8 23:00,2025/5/9 0:00,1,2025/5/8 23:17,NULL
453779,25050888362634,233762582,1,已付款,2025/5/8 23:01,1746704395816,0.76,2,dd391ccef6b13960d42d394c8934fc97-~1746704395816-~233762582,app-android,30.32,0,待定,2025/5/8 23:01,2025/5/9 0:01,1,2025/5/8 23:18,NULL
453877,25050835564125,233476754,0,已失效,2025/5/8 23:02,1746676836964,0,2,17d4ce1e68247e20b48538fc3d6e70f9-~1746676836964-~233476754,app-ios,1309,1,/,2025/5/8 23:02,2025/5/9 0:02,0,NULL,NULL
453885,25050891599034,233476754,1,已付款,2025/5/8 23:02,1746676836964,0,2,17d4ce1e68247e20b48538fc3d6e70f9-~1746676836964-~233476754,app-ios,412.04,1,/,2025/5/8 23:02,2025/5/9 0:02,0,NULL,NULL
453908,25050873952815,233476754,1,已付款,2025/5/8 23:02,1746676836964,0,2,17d4ce1e68247e20b48538fc3d6e70f9-~1746676836964-~233476754,app-ios,93.69,1,/,2025/5/8 23:02,2025/5/9 0:02,0,NULL,NULL
453923,25050835550725,233476754,0,已失效,2025/5/8 23:02,1746676836964,0,2,17d4ce1e68247e20b48538fc3d6e70f9-~1746676836964-~233476754,app-ios,699.13,1,/,2025/5/8 23:02,2025/5/9 0:02,0,NULL,NULL
453936,25050835550625,233476754,1,已付款,2025/5/8 23:02,1746676836964,0,2,17d4ce1e68247e20b48538fc3d6e70f9-~1746676836964-~233476754,app-ios,104.15,1,/,2025/5/8 23:02,2025/5/9 0:02,0,NULL,NULL
454033,25050873917015,231576604,1,已付款,2025/5/8 23:03,1746705661468,0,2,dd391ccef6b13960d42d394c8934fc97-~1746705661468-~231576604,app-android,101.04,1,/,2025/5/8 23:03,2025/5/9 0:03,0,NULL,NULL
454118,25050891557234,231576604,1,已付款,2025/5/8 23:03,1746716306890,2.67,2,dd391ccef6b13960d42d394c8934fc97-~1746716306890-~231576604,app-android,89,0,待定,2025/5/8 23:04,2025/5/9 0:03,1,2025/5/8 23:20,NULL
455259,25050823377875,233502003,1,已付款,2025/5/8 23:03,1746678574807,5.18,2,17d4ce1e68247e20b48538fc3d6e70f9-~1746678574807-~233502003,app-ios,74,0,待定,2025/5/8 23:06,2025/5/9 0:03,1,2025/5/8 23:20,NULL
455309,25050835381725,233502003,1,已付款,2025/5/8 23:06,1746671179719,54.96,2,17d4ce1e68247e20b48538fc3d6e70f9-~1746671179719-~233502003,app-ios,687,0,待定,2025/5/8 23:07,2025/5/9 0:06,1,2025/5/8 23:23,NULL
455528,25050848944189,231576604,1,已付款,2025/5/8 23:08,1746691616115,0,2,dd391ccef6b13960d42d394c8934fc97-~1746691616115-~231576604,app-android,1,0,待定,2025/5/8 23:08,2025/5/9 0:08,0,NULL,NULL
456726,25050835220325,231561881,1,已付款,2025/5/8 23:11,1746542611032,0,2,17d4ce1e68247e20b48538fc3d6e70f9-~1746542611032-~231561881,app-ios,112,1,/,2025/5/8 23:11,2025/5/9 0:10,0,NULL,NULL
456886,25050823015775,231561881,1,已付款,2025/5/8 23:12,1746593751483,2.46,2,17d4ce1e68247e20b48538fc3d6e70f9-~1746593751483-~231561881,app-ios,60,0,待定,2025/5/8 23:13,2025/5/9 0:12,1,2025/5/8 23:29,NULL
457223,25050876772115,231561881,1,已付款,2025/5/8 23:14,1746657235062,34.18,2,17d4ce1e68247e20b48538fc3d6e70f9-~1746657235062-~231561881,app-ios,474,0,待定,2025/5/8 23:15,2025/5/9 0:14,1,2025/5/8 23:31,NULL
458188,25050835021725,233762542,1,已付款,2025/5/8 23:16,1746716750891,2.73,2,17d4ce1e68247e20b48538fc3d6e70f9-~1746716750891-~233762542,app-ios,43.93,0,待定,2025/5/8 23:16,2025/5/9 0:16,1,2025/5/8 23:33,NULL
458616,25050834919725,231576604,1,已付款,2025/5/8 23:19,1746705078606,0.29,2,dd391ccef6b13960d42d394c8934fc97-~1746705078606-~231576604,app-android,29.1,0,待定,2025/5/8 23:19,2025/5/9 0:18,1,2025/5/8 23:36,NULL
459705,25050876550615,233476754,1,已付款,2025/5/8 23:20,1746632628987,8.13,2,17d4ce1e68247e20b48538fc3d6e70f9-~1746632628987-~233476754,app-ios,271,0,待定,2025/5/8 23:21,2025/5/9 0:20,1,2025/5/8 23:37,NULL
460062,25050851711589,233498054,1,已付款,2025/5/8 23:22,1746679348272,0,2,dd391ccef6b13960d42d394c8934fc97-~1746679348272-~233498054,app-android,12.4,1,/,2025/5/8 23:23,2025/5/9 0:22,0,NULL,NULL
460195,25050876447315,231561881,1,已付款,2025/5/8 23:24,1746717702471,0,2,17d4ce1e68247e20b48538fc3d6e70f9-~1746717702471-~231561881,app-ios,1,0,待定,2025/5/8 23:24,2025/5/9 0:23,0,NULL,NULL
460628,25050890781834,231576604,1,已付款,2025/5/8 23:24,1746717388976,0.9,2,dd391ccef6b13960d42d394c8934fc97-~1746717388976-~231576604,app-android,35,0,待定,2025/5/8 23:25,2025/5/9 0:24,1,2025/5/8 23:41,NULL
461459,25050851561789,231561881,0,已失效,2025/5/8 23:27,1746693152947,15.13,2,17d4ce1e68247e20b48538fc3d6e70f9-~1746693152947-~231561881,app-ios,302.6,0,待定,2025/5/8 23:27,2025/5/9 0:27,1,2025/5/8 23:44,NULL
461772,25050829870945,231561881,1,已付款,2025/5/8 23:28,1746658596610,10.08,2,17d4ce1e68247e20b48538fc3d6e70f9-~1746658596610-~231561881,app-ios,144,0,待定,2025/5/8 23:29,2025/5/9 0:28,1,2025/5/8 23:45,NULL
463043,25050814856265,233476754,0,已失效,2025/5/8 23:32,1746683129454,1.48,2,17d4ce1e68247e20b48538fc3d6e70f9-~1746683129454-~233476754,app-ios,148.41,0,待定,2025/5/8 23:32,2025/5/9 0:31,1,2025/5/8 23:49,NULL
463157,25050844846108,233476754,1,已付款,2025/5/8 23:32,1746683129454,0.73,2,17d4ce1e68247e20b48538fc3d6e70f9-~1746683129454-~233476754,app-ios,73.27,0,待定,2025/5/8 23:33,2025/5/9 0:32,1,2025/5/8 23:49,NULL
463161,25050844846008,233476754,1,已付款,2025/5/8 23:32,1746683129454,0.75,2,17d4ce1e68247e20b48538fc3d6e70f9-~1746683129454-~233476754,app-ios,75.14,0,待定,2025/5/8 23:33,2025/5/9 0:32,1,2025/5/8 23:49,NULL
463333,25050814799665,231576604,0,已失效,2025/5/8 23:34,1746709037863,0,2,dd391ccef6b13960d42d394c8934fc97-~1746709037863-~231576604,app-android,275,1,/,2025/5/8 23:34,2025/5/9 0:33,0,NULL,NULL
463511,25050834402525,233476754,1,已付款,2025/5/8 23:35,1746691374612,1.21,2,17d4ce1e68247e20b48538fc3d6e70f9-~1746691374612-~233476754,app-ios,40.2,0,待定,2025/5/8 23:35,2025/5/9 0:34,1,2025/5/8 23:52,NULL
463559,25050834410025,233498046,1,已付款,2025/5/8 23:34,1746696433101,2.98,2,17d4ce1e68247e20b48538fc3d6e70f9-~1746696433101-~233498046,app-ios,99.2,0,待定,2025/5/8 23:35,2025/5/9 0:34,1,2025/5/8 23:51,NULL
464649,25050890400834,233476754,1,已付款,2025/5/8 23:36,1746632628987,4.5,2,17d4ce1e68247e20b48538fc3d6e70f9-~1746632628987-~233476754,app-ios,150,0,待定,2025/5/8 23:37,2025/5/9 0:36,1,2025/5/8 23:53,NULL
464656,25050801817952,233498046,1,已付款,2025/5/8 23:36,1746680646914,0,2,17d4ce1e68247e20b48538fc3d6e70f9-~1746680646914-~233498046,app-ios,161,1,/,2025/5/8 23:37,2025/5/9 0:36,0,NULL,NULL
464778,25050851232589,233762542,1,已付款,2025/5/8 23:38,1746673535804,1.51,2,17d4ce1e68247e20b48538fc3d6e70f9-~1746673535804-~233762542,app-ios,50.21,0,待定,2025/5/8 23:38,2025/5/9 0:37,1,2025/5/8 23:55,NULL
464779,25050834321325,233762542,0,已失效,2025/5/8 23:37,1746673535804,3.43,2,17d4ce1e68247e20b48538fc3d6e70f9-~1746673535804-~233762542,app-ios,114.1,0,待定,2025/5/8 23:38,2025/5/9 0:37,1,2025/5/8 23:54,NULL
464798,25050829577445,233762542,1,已付款,2025/5/8 23:38,1746673535804,1.92,2,17d4ce1e68247e20b48538fc3d6e70f9-~1746673535804-~233762542,app-ios,63.9,0,待定,2025/5/8 23:38,2025/5/9 0:37,1,2025/5/8 23:55,NULL
465842,25050825376475,233762542,0,已失效,2025/5/8 23:40,1746681767794,9.73,2,17d4ce1e68247e20b48538fc3d6e70f9-~1746681767794-~233762542,app-ios,247.46,0,待定,2025/5/8 23:40,2025/5/9 0:40,1,2025/5/8 23:57,NULL
466171,25050837488225,233762542,1,已付款,2025/5/8 23:41,1746681767794,9.13,2,17d4ce1e68247e20b48538fc3d6e70f9-~1746681767794-~233762542,app-ios,130.46,0,待定,2025/5/8 23:42,2025/5/9 0:41,1,2025/5/8 23:58,NULL
466244,25050825338275,231561881,1,已付款,2025/5/8 23:42,1746693152947,15.13,2,17d4ce1e68247e20b48538fc3d6e70f9-~1746693152947-~231561881,app-ios,302.6,0,待定,2025/5/8 23:42,2025/5/9 0:42,1,2025/5/8 23:59,NULL
466609,25050851044789,231561881,1,已付款,2025/5/8 23:44,1746704272013,0.9,2,17d4ce1e68247e20b48538fc3d6e70f9-~1746704272013-~231561881,app-ios,30,0,待定,2025/5/8 23:45,2025/5/9 0:44,0,NULL,NULL
466629,25050804868652,233498054,1,已付款,2025/5/8 23:44,1746711722427,6.92,2,dd391ccef6b13960d42d394c8934fc97-~1746711722427-~233498054,app-android,46.12,0,待定,2025/5/8 23:45,2025/5/9 0:44,0,NULL,NULL
469547,25050837188325,233762542,1,已付款,2025/5/8 23:53,1746672982294,8.64,5,17d4ce1e68247e20b48538fc3d6e70f9-~1746672982294-~233762542,app-ios,96,0,待定,2025/5/8 23:53,2025/5/9 0:52,0,NULL,NULL
469567,25050850817789,231576604,1,已付款,2025/5/8 23:53,1746719541572,3.51,2,dd391ccef6b13960d42d394c8934fc97-~1746719541572-~231576604,app-android,117,0,待定,2025/5/8 23:53,2025/5/9 0:53,0,NULL,NULL
469623,25050875580615,231576604,1,已付款,2025/5/8 23:53,1746698719895,0,2,dd391ccef6b13960d42d394c8934fc97-~1746698719895-~231576604,app-android,137,1,/,2025/5/8 23:53,2025/5/9 0:53,0,NULL,NULL
469677,25050875569715,231576604,1,已付款,2025/5/8 23:54,1746719304080,10.25,2,dd391ccef6b13960d42d394c8934fc97-~1746719304080-~231576604,app-android,205,0,待定,2025/5/8 23:54,2025/5/9 0:53,0,NULL,NULL
470035,25050804605052,233762542,1,已付款,2025/5/8 23:55,1746689755873,0.01,2,17d4ce1e68247e20b48538fc3d6e70f9-~1746689755873-~233762542,app-ios,2.8,0,待定,2025/5/8 23:55,2025/5/9 0:54,0,NULL,NULL
470623,25050817498065,231576604,1,已付款,2025/5/8 23:55,1746679375036,2.41,2,dd391ccef6b13960d42d394c8934fc97-~1746679375036-~231576604,app-android,35.94,0,待定,2025/5/8 23:55,2025/5/9 0:55,0,NULL,NULL
470822,25050817483865,231576604,1,已下单,2025/5/8 23:56,1746679375036,1.33,2,dd391ccef6b13960d42d394c8934fc97-~1746679375036-~231576604,app-android,29.45,0,待定,2025/5/8 23:56,2025/5/9 0:55,0,NULL,NULL
471072,25050844162808,233460954,1,已付款,2025/5/8 23:57,1746707250602,0,2,dd391ccef6b13960d42d394c8934fc97-~1746707250602-~233460954,app-android,1,1,/,2025/5/8 23:58,2025/5/9 0:57,0,NULL,NULL
471125,25050850705889,231561881,1,已付款,2025/5/8 23:57,1746704272013,13.51,2,17d4ce1e68247e20b48538fc3d6e70f9-~1746704272013-~231561881,app-ios,193,0,待定,2025/5/8 23:58,2025/5/9 0:57,0,NULL,NULL
471621,25050936520285,233502003,1,已付款,2025/5/9 0:01,1746710182023,3.57,2,17d4ce1e68247e20b48538fc3d6e70f9-~1746710182023-~233502003,app-ios,118.99,0,待定,2025/5/9 0:01,2025/5/9 23:55,1,2025/5/9 0:18,NULL
471910,25050956899049,231576604,1,已付款,2025/5/9 0:03,1746714885738,0,5,dd391ccef6b13960d42d394c8934fc97-~1746714885738-~231576604,app-android,0,0,待定,2025/5/9 0:03,2025/5/9 23:55,0,NULL,NULL
472149,25050936370679,233476754,1,已付款,2025/5/9 0:04,1746687933511,0,2,17d4ce1e68247e20b48538fc3d6e70f9-~1746687933511-~233476754,app-ios,443,1,/,2025/5/9 0:05,2025/5/9 23:55,0,NULL,NULL
473101,25050928970556,233762542,1,已付款,2025/5/9 0:11,1746718630052,0.57,2,17d4ce1e68247e20b48538fc3d6e70f9-~1746718630052-~233762542,app-ios,8.12,0,待定,2025/5/9 0:12,2025/5/9 23:55,1,2025/5/9 0:28,NULL
473112,25050928970456,233762542,1,已付款,2025/5/9 0:11,1746718630052,1.47,2,17d4ce1e68247e20b48538fc3d6e70f9-~1746718630052-~233762542,app-ios,54,0,待定,2025/5/9 0:12,2025/5/9 23:55,1,2025/5/9 0:28,NULL
474113,25050932052404,231561881,0,已失效,2025/5/9 0:18,1746720465959,6.53,2,17d4ce1e68247e20b48538fc3d6e70f9-~1746720465959-~231561881,app-ios,128,0,待定,2025/5/9 0:19,2025/5/9 23:55,1,2025/5/9 0:34,NULL
474557,25050989048919,233502003,0,已失效,2025/5/9 0:22,1746717087374,0.38,2,17d4ce1e68247e20b48538fc3d6e70f9-~1746717087374-~233502003,app-ios,7.5,0,待定,2025/5/9 0:22,2025/5/9 23:55,1,2025/5/9 0:39,NULL
477941,25050935547779,233762542,1,已付款,2025/5/9 1:03,1746719093687,10.6,2,17d4ce1e68247e20b48538fc3d6e70f9-~1746719093687-~233762542,app-ios,106,0,待定,2025/5/9 1:03,2025/5/9 23:55,1,2025/5/9 1:20,NULL
478562,25050935467679,233502003,1,已付款,2025/5/9 1:21,1746681917357,3.21,2,17d4ce1e68247e20b48538fc3d6e70f9-~1746681917357-~233502003,app-ios,107,0,待定,2025/5/9 1:21,2025/5/9 23:55,1,2025/5/9 1:38,NULL
478924,25050988337919,231561881,1,已付款,2025/5/9 1:34,1746724826815,0,2,17d4ce1e68247e20b48538fc3d6e70f9-~1746724826815-~231561881,app-ios,20,1,/,2025/5/9 1:35,2025/5/9 23:55,0,NULL,NULL
479265,25050916544239,231576604,1,已付款,2025/5/9 1:50,1746203980994,2.66,2,dd391ccef6b13960d42d394c8934fc97-~1746203980994-~231576604,app-android,88.57,0,待定,2025/5/9 1:54,2025/5/9 23:55,1,2025/5/9 2:07,NULL
479402,25050927126056,233476754,0,已失效,2025/5/9 2:00,1746724142229,0,2,17d4ce1e68247e20b48538fc3d6e70f9-~1746724142229-~233476754,app-ios,91.49,1,/,2025/5/9 2:00,2025/5/9 23:55,0,NULL,NULL
479421,25050935279279,231561881,1,已付款,2025/5/9 2:01,1746721040007,148.4,2,17d4ce1e68247e20b48538fc3d6e70f9-~1746721040007-~231561881,app-ios,2489,0,待定,2025/5/9 2:02,2025/5/9 23:55,1,2025/5/9 2:18,NULL
479766,25050931074204,231561881,1,已付款,2025/5/9 2:23,1746711582706,0,2,17d4ce1e68247e20b48538fc3d6e70f9-~1746711582706-~231561881,app-ios,89,0,待定,2025/5/9 2:23,2025/5/9 23:55,0,NULL,NULL
479782,25050934329879,231561881,1,已付款,2025/5/9 2:24,1746711582706,0,2,17d4ce1e68247e20b48538fc3d6e70f9-~1746711582706-~231561881,app-ios,193,0,待定,2025/5/9 2:24,2025/5/9 23:55,0,NULL,NULL
480022,25050927051156,231561881,1,已付款,2025/5/9 2:37,1746727086478,3.17,2,17d4ce1e68247e20b48538fc3d6e70f9-~1746727086478-~231561881,app-ios,63.45,0,待定,2025/5/9 2:38,2025/5/9 23:55,1,2025/5/9 2:54,NULL
480659,25050934280285,231561881,1,已付款,2025/5/9 3:20,1746705767217,1.98,2,17d4ce1e68247e20b48538fc3d6e70f9-~1746705767217-~231561881,app-ios,66.14,0,待定,2025/5/9 3:20,2025/5/9 23:55,1,2025/5/9 3:37,NULL
480914,25050943036669,231576604,0,已失效,2025/5/9 3:45,1746730079162,7.65,2,dd391ccef6b13960d42d394c8934fc97-~1746730079162-~231576604,app-android,255.01,0,待定,2025/5/9 3:46,2025/5/9 23:55,1,2025/5/9 4:02,NULL
480922,25050949586129,231576604,1,已付款,2025/5/9 3:47,1746730079162,5.76,2,dd391ccef6b13960d42d394c8934fc97-~1746730079162-~231576604,app-android,192.07,0,待定,2025/5/9 3:47,2025/5/9 23:55,1,2025/5/9 4:04,NULL
480923,25050988818819,231576604,1,已付款,2025/5/9 3:47,1746730079162,1.89,2,dd391ccef6b13960d42d394c8934fc97-~1746730079162-~231576604,app-android,62.94,0,待定,2025/5/9 3:47,2025/5/9 23:55,1,2025/5/9 4:04,NULL
481783,25050950238229,233762542,1,已付款,2025/5/9 4:54,1746736979206,22.74,2,17d4ce1e68247e20b48538fc3d6e70f9-~1746736979206-~233762542,app-ios,379,0,待定,2025/5/9 4:54,2025/5/9 23:55,1,2025/5/9 5:11,NULL
481964,25050927495556,233502029,0,已失效,2025/5/9 5:12,1746664159074,0,2,dd391ccef6b13960d42d394c8934fc97-~1746664159074-~233502029,app-android,30.3,1,/,2025/5/9 5:13,2025/5/9 23:55,0,NULL,NULL
482019,25050950207629,231561881,1,已付款,2025/5/9 5:17,1746654262755,6.42,2,17d4ce1e68247e20b48538fc3d6e70f9-~1746654262755-~231561881,app-ios,91.7,0,待定,2025/5/9 5:18,2025/5/9 23:55,1,2025/5/9 5:33,NULL
482299,25050915209639,231576604,1,已付款,2025/5/9 5:39,1746656281542,1.04,2,dd391ccef6b13960d42d394c8934fc97-~1746656281542-~231576604,app-android,26.09,0,待定,2025/5/9 5:39,2025/5/9 23:55,1,2025/5/9 5:56,NULL
482471,25050915978039,231561881,1,已付款,2025/5/9 5:49,1746658575316,0,2,17d4ce1e68247e20b48538fc3d6e70f9-~1746658575316-~231561881,app-ios,61.1,1,/,2025/5/9 5:49,2025/5/9 23:55,0,NULL,NULL
482566,25050915892639,231576604,1,已付款,2025/5/9 5:54,1746740946887,2.6,2,dd391ccef6b13960d42d394c8934fc97-~1746740946887-~231576604,app-android,86.78,0,待定,2025/5/9 5:54,2025/5/9 23:55,1,2025/5/9 6:11,NULL
482631,25050915913639,233762542,1,已付款,2025/5/9 5:55,1746695393376,5.45,2,17d4ce1e68247e20b48538fc3d6e70f9-~1746695393376-~233762542,app-ios,90.84,0,待定,2025/5/9 5:55,2025/5/9 23:55,1,2025/5/9 6:12,NULL
482748,25050927220956,231561881,0,已失效,2025/5/9 6:01,1746710639717,3,2,17d4ce1e68247e20b48538fc3d6e70f9-~1746710639717-~231561881,app-ios,100,0,待定,2025/5/9 6:01,2025/5/9 23:55,1,2025/5/9 6:17,NULL
482768,25050915840839,231561881,1,已付款,2025/5/9 6:02,1746741505530,1.48,2,17d4ce1e68247e20b48538fc3d6e70f9-~1746741505530-~231561881,app-ios,37.07,0,待定,2025/5/9 6:02,2025/5/9 23:55,1,2025/5/9 6:19,NULL
482885,25050943447369,231576604,1,已付款,2025/5/9 6:03,1746591896074,0,2,dd391ccef6b13960d42d394c8934fc97-~1746591896074-~231576604,app-android,86.53,1,/,2025/5/9 6:06,2025/5/9 23:55,0,NULL,NULL
483278,25050954892949,231561881,1,已付款,2025/5/9 6:20,1746662447614,2.08,2,17d4ce1e68247e20b48538fc3d6e70f9-~1746662447614-~231561881,app-ios,29.7,0,待定,2025/5/9 6:21,2025/5/9 23:55,1,2025/5/9 6:36,NULL
483302,25050930377604,231561881,1,已付款,2025/5/9 6:22,1746662447614,1.17,2,17d4ce1e68247e20b48538fc3d6e70f9-~1746662447614-~231561881,app-ios,39.1,0,待定,2025/5/9 6:22,2025/5/9 23:55,1,2025/5/9 6:38,NULL
483305,25050946652279,231561881,1,已付款,2025/5/9 6:22,1746742875571,32.2,2,17d4ce1e68247e20b48538fc3d6e70f9-~1746742875571-~231561881,app-ios,230,0,待定,2025/5/9 6:22,2025/5/9 23:55,1,2025/5/9 6:39,NULL
483446,25050920502285,233502029,1,已付款,2025/5/9 6:26,1746681089309,0,2,dd391ccef6b13960d42d394c8934fc97-~1746681089309-~233502029,app-android,68,1,/,2025/5/9 6:26,2025/5/9 23:55,0,NULL,NULL
483457,25050946604879,233502029,1,已付款,2025/5/9 6:27,1746671414949,0.01,2,dd391ccef6b13960d42d394c8934fc97-~1746671414949-~233502029,app-android,1,0,待定,2025/5/9 6:27,2025/5/9 23:55,1,2025/5/9 6:44,NULL
483470,25050920410385,231576604,1,已付款,2025/5/9 6:27,1746702903588,4.36,2,dd391ccef6b13960d42d394c8934fc97-~1746702903588-~231576604,app-android,62.35,0,待定,2025/5/9 6:27,2025/5/9 23:55,1,2025/5/9 6:44,NULL
483509,25050946615479,231576604,0,已失效,2025/5/9 6:29,1746724697993,0,2,dd391ccef6b13960d42d394c8934fc97-~1746724697993-~231576604,app-android,110.54,1,/,2025/5/9 6:29,2025/5/9 23:55,0,NULL,NULL
483518,25050915572039,233498046,1,已付款,2025/5/9 6:29,1746688932115,22.54,2,17d4ce1e68247e20b48538fc3d6e70f9-~1746688932115-~233498046,app-ios,322,0,待定,2025/5/9 6:29,2025/5/9 23:55,1,2025/5/9 6:46,NULL
483666,25050942372269,233762582,1,已下单,2025/5/9 6:32,1746703191345,0,2,dd391ccef6b13960d42d394c8934fc97-~1746703191345-~233762582,app-android,98,1,/,2025/5/9 6:32,2025/5/9 23:55,0,NULL,NULL
484512,25050953742749,233502029,1,已付款,2025/5/9 6:52,1746685318758,1.18,2,dd391ccef6b13960d42d394c8934fc97-~1746685318758-~233502029,app-android,14.74,0,待定,2025/5/9 6:53,2025/5/9 23:55,1,2025/5/9 7:09,NULL
484728,25050954454849,233502003,1,已付款,2025/5/9 6:58,1746742409929,1.57,2,17d4ce1e68247e20b48538fc3d6e70f9-~1746742409929-~233502003,app-ios,157,0,待定,2025/5/9 6:58,2025/5/9 23:55,1,2025/5/9 7:15,NULL
485126,25050926538456,233762582,1,已付款,2025/5/9 7:08,1746681342076,0,2,dd391ccef6b13960d42d394c8934fc97-~1746681342076-~233762582,app-android,100.71,1,/,2025/5/9 7:09,2025/5/9 23:55,0,NULL,NULL
485538,25050914932539,231561881,0,已失效,2025/5/9 7:18,1746718617728,4.47,2,17d4ce1e68247e20b48538fc3d6e70f9-~1746718617728-~231561881,app-ios,149,0,待定,2025/5/9 7:18,2025/5/9 23:55,1,2025/5/9 7:35,NULL
485557,25050914944439,231561881,1,已付款,2025/5/9 7:19,1746745152345,0.15,2,17d4ce1e68247e20b48538fc3d6e70f9-~1746745152345-~231561881,app-ios,29.6,0,待定,2025/5/9 7:19,2025/5/9 23:55,1,2025/5/9 7:36,NULL
485686,25050954079049,233502003,1,已付款,2025/5/9 7:20,1746690112665,5.43,2,17d4ce1e68247e20b48538fc3d6e70f9-~1746690112665-~233502003,app-ios,108.65,0,待定,2025/5/9 7:20,2025/5/9 23:55,1,2025/5/9 7:37,NULL
485756,25050940103949,233502003,1,已付款,2025/5/9 7:22,1746687255437,0.19,2,17d4ce1e68247e20b48538fc3d6e70f9-~1746687255437-~233502003,app-ios,19,0,待定,2025/5/9 7:22,2025/5/9 23:55,1,2025/5/9 7:39,NULL
485910,25050919593585,231576604,1,已付款,2025/5/9 7:25,1746745907026,0,2,dd391ccef6b13960d42d394c8934fc97-~1746745907026-~231576604,app-android,151,1,/,2025/5/9 7:25,2025/5/9 23:55,0,NULL,NULL
486166,25050953173439,231561881,1,已付款,2025/5/9 7:31,1746745843636,0.08,2,17d4ce1e68247e20b48538fc3d6e70f9-~1746745843636-~231561881,app-ios,1,0,待定,2025/5/9 7:31,2025/5/9 23:55,1,2025/5/9 7:48,NULL
486175,25050939993649,231576604,1,已付款,2025/5/9 7:28,1746622351521,0,2,dd391ccef6b13960d42d394c8934fc97-~1746622351521-~231576604,app-android,13.62,1,/,2025/5/9 7:31,2025/5/9 23:55,0,NULL,NULL
486198,25050941506369,233762542,1,已付款,2025/5/9 7:31,1746741304808,1.17,2,17d4ce1e68247e20b48538fc3d6e70f9-~1746741304808-~233762542,app-ios,234,0,待定,2025/5/9 7:32,2025/5/9 23:55,1,2025/5/9 7:48,NULL
486414,25050930125304,231561881,1,已付款,2025/5/9 7:36,1746741324894,3.99,2,17d4ce1e68247e20b48538fc3d6e70f9-~1746741324894-~231561881,app-ios,132.8,0,待定,2025/5/9 7:36,2025/5/9 23:55,1,2025/5/9 7:53,NULL
487059,25050965192956,231576604,1,已付款,2025/5/9 7:46,1746576498235,0,2,dd391ccef6b13960d42d394c8934fc97-~1746576498235-~231576604,app-android,387,1,/,2025/5/9 7:50,2025/5/9 23:55,0,NULL,NULL
487181,25050948469629,231561881,1,已付款,2025/5/9 7:52,1746748082304,12.23,2,17d4ce1e68247e20b48538fc3d6e70f9-~1746748082304-~231561881,app-ios,174.7,0,待定,2025/5/9 7:52,2025/5/9 23:55,1,2025/5/9 8:09,NULL
487200,25050948484829,231561881,1,已付款,2025/5/9 7:53,1746747947466,0.24,2,17d4ce1e68247e20b48538fc3d6e70f9-~1746747947466-~231561881,app-ios,7.9,0,待定,2025/5/9 7:53,2025/5/9 23:55,1,2025/5/9 8:10,NULL
487234,25050940357249,231561881,1,已付款,2025/5/9 7:53,1746746861390,1.56,2,17d4ce1e68247e20b48538fc3d6e70f9-~1746746861390-~231561881,app-ios,52,0,待定,2025/5/9 7:53,2025/5/9 23:55,1,2025/5/9 8:10,NULL
487244,25050919931385,231576604,1,已付款,2025/5/9 7:53,1746704938337,2.64,2,dd391ccef6b13960d42d394c8934fc97-~1746704938337-~231576604,app-android,132,0,待定,2025/5/9 7:54,2025/5/9 23:55,1,2025/5/9 8:09,NULL
487353,25050965046256,231561881,1,已付款,2025/5/9 7:54,1746718497764,0,2,17d4ce1e68247e20b48538fc3d6e70f9-~1746718497764-~231561881,app-ios,230.88,0,待定,2025/5/9 7:55,2025/5/9 23:55,0,NULL,NULL
487445,25050915767404,231561881,1,已付款,2025/5/9 7:56,1746724493350,7.7,2,17d4ce1e68247e20b48538fc3d6e70f9-~1746724493350-~231561881,支付宝小程序,82,0,待定,2025/5/9 7:56,2025/5/9 23:55,1,2025/5/9 8:13,NULL
487475,25050964977856,233502003,1,已付款,2025/5/9 7:57,1746670653213,4.6,2,17d4ce1e68247e20b48538fc3d6e70f9-~1746670653213-~233502003,app-ios,65.73,0,待定,2025/5/9 7:57,2025/5/9 23:55,1,2025/5/9 8:14,NULL
487562,25050919010385,231576604,1,已付款,2025/5/9 7:59,1746746990975,6.12,2,dd391ccef6b13960d42d394c8934fc97-~1746746990975-~231576604,app-android,102,0,待定,2025/5/9 7:59,2025/5/9 23:55,1,2025/5/9 8:16,NULL
487617,25050964935456,231576604,1,已付款,2025/5/9 7:59,1746673676266,0.7,2,dd391ccef6b13960d42d394c8934fc97-~1746673676266-~231576604,app-android,23.35,0,待定,2025/5/9 8:00,2025/5/9 23:55,1,2025/5/9 8:16,NULL
487723,25050918945585,231576604,1,已付款,2025/5/9 8:00,1746662451655,27.86,2,dd391ccef6b13960d42d394c8934fc97-~1746662451655-~231576604,app-android,398,0,待定,2025/5/9 8:01,2025/5/9 23:55,1,2025/5/9 8:17,NULL
487731,25050918945385,233460954,1,已付款,2025/5/9 8:00,1746748374437,6.23,2,dd391ccef6b13960d42d394c8934fc97-~1746748374437-~233460954,app-android,89,0,待定,2025/5/9 8:01,2025/5/9 23:55,1,2025/5/9 8:17,NULL
487777,25050919000085,233460954,1,已付款,2025/5/9 7:58,1746710295871,5.25,2,dd391ccef6b13960d42d394c8934fc97-~1746710295871-~233460954,app-android,175,0,待定,2025/5/9 8:02,2025/5/9 23:55,1,2025/5/9 8:15,NULL
488066,25050998885819,233498046,1,已付款,2025/5/9 8:02,1746748733945,0.05,2,17d4ce1e68247e20b48538fc3d6e70f9-~1746748733945-~233498046,app-ios,4.8,0,待定,2025/5/9 8:05,2025/5/9 23:55,1,2025/5/9 8:19,NULL
488631,25050947211229,231561881,0,已失效,2025/5/9 8:14,1746705837546,8.5,2,17d4ce1e68247e20b48538fc3d6e70f9-~1746705837546-~231561881,app-ios,283.4,0,待定,2025/5/9 8:14,2025/5/9 23:55,1,2025/5/9 8:30,NULL
488640,25050916248504,231561881,0,已失效,2025/5/9 8:14,1746705837546,1.37,2,17d4ce1e68247e20b48538fc3d6e70f9-~1746705837546-~231561881,app-ios,45.63,0,待定,2025/5/9 8:14,2025/5/9 23:55,1,2025/5/9 8:30,NULL
488645,25050947204529,231561881,1,已付款,2025/5/9 8:14,1746705837546,7.13,2,17d4ce1e68247e20b48538fc3d6e70f9-~1746705837546-~231561881,app-ios,237.77,0,待定,2025/5/9 8:14,2025/5/9 23:55,1,2025/5/9 8:31,NULL
488808,25050999463819,233502029,1,已付款,2025/5/9 8:15,1746668705291,0,5,dd391ccef6b13960d42d394c8934fc97-~1746668705291-~233502029,app-android,8670,0,待定,2025/5/9 8:15,2025/5/9 23:55,0,NULL,NULL
489289,25050919332885,233762582,1,已下单,2025/5/9 8:21,1746685944757,0.68,2,dd391ccef6b13960d42d394c8934fc97-~1746685944757-~233762582,app-android,68,0,待定,2025/5/9 8:22,2025/5/9 23:55,1,2025/5/9 8:38,NULL
489363,25050999257919,233498054,1,已付款,2025/5/9 8:23,1746714087610,4.23,2,dd391ccef6b13960d42d394c8934fc97-~1746714087610-~233498054,app-android,138.35,0,待定,2025/5/9 8:23,2025/5/9 23:55,1,2025/5/9 8:40,NULL
489709,25050939617249,231561881,0,已失效,2025/5/9 8:27,1746706344576,0,2,17d4ce1e68247e20b48538fc3d6e70f9-~1746706344576-~231561881,app-ios,2400.95,1,/,2025/5/9 8:27,2025/5/9 23:55,0,NULL,NULL
489813,25050952774939,233762542,1,已付款,2025/5/9 8:29,1746694427224,8.14,2,17d4ce1e68247e20b48538fc3d6e70f9-~1746694427224-~233762542,app-ios,162.7,0,待定,2025/5/9 8:30,2025/5/9 23:55,1,2025/5/9 8:46,NULL
490107,25050945204879,233498054,1,已付款,2025/5/9 8:33,1746711191813,1.49,2,dd391ccef6b13960d42d394c8934fc97-~1746711191813-~233498054,app-android,55,0,待定,2025/5/9 8:33,2025/5/9 23:55,1,2025/5/9 8:50,NULL
490384,25050959679129,231561881,1,已付款,2025/5/9 8:37,1746749755557,3.79,2,17d4ce1e68247e20b48538fc3d6e70f9-~1746749755557-~231561881,app-ios,28.9,0,待定,2025/5/9 8:37,2025/5/9 23:55,1,2025/5/9 8:54,NULL
490387,25050939342549,231561881,1,已付款,2025/5/9 8:37,1746749755557,8.2,2,17d4ce1e68247e20b48538fc3d6e70f9-~1746749755557-~231561881,app-ios,205,0,待定,2025/5/9 8:37,2025/5/9 23:55,1,2025/5/9 8:54,NULL
490419,25050918111185,231576604,1,已付款,2025/5/9 8:34,1746711119301,8.58,2,dd391ccef6b13960d42d394c8934fc97-~1746711119301-~231576604,app-android,122.62,0,待定,2025/5/9 8:37,2025/5/9 23:55,1,2025/5/9 8:51,NULL
490666,25050944158579,233460954,1,已付款,2025/5/9 8:40,1746750157398,0.11,2,dd391ccef6b13960d42d394c8934fc97-~1746750157398-~233460954,app-android,22,0,待定,2025/5/9 8:40,2025/5/9 23:55,1,2025/5/9 8:57,NULL
491598,25050979752669,231561881,1,已付款,2025/5/9 8:53,1746718533008,0,2,17d4ce1e68247e20b48538fc3d6e70f9-~1746718533008-~231561881,app-ios,1446,1,/,2025/5/9 8:53,2025/5/9 23:55,0,NULL,NULL
491930,25050944453579,231561881,1,已付款,2025/5/9 8:56,1746751676806,0,2,17d4ce1e68247e20b48538fc3d6e70f9-~1746751676806-~231561881,app-ios,0,0,待定,2025/5/9 8:57,2025/5/9 23:55,0,NULL,NULL
491933,25050952021539,233476754,1,已付款,2025/5/9 8:57,1746673985686,6.48,2,17d4ce1e68247e20b48538fc3d6e70f9-~1746673985686-~233476754,app-ios,111.89,0,待定,2025/5/9 8:57,2025/5/9 23:55,1,2025/5/9 9:14,NULL
492202,25050917439785,233502029,1,已付款,2025/5/9 9:00,1746750574028,1.2,2,dd391ccef6b13960d42d394c8934fc97-~1746750574028-~233502029,app-android,120,0,待定,2025/5/9 9:01,2025/5/9 23:55,1,2025/5/9 9:17,NULL
492328,25050914061404,233498046,0,已失效,2025/5/9 9:04,1746751128749,0,2,17d4ce1e68247e20b48538fc3d6e70f9-~1746751128749-~233498046,app-ios,326,1,/,2025/5/9 9:04,2025/5/9 23:55,0,NULL,NULL
492594,25050951651039,233762582,0,已失效,2025/5/9 9:08,1746748406330,2.59,2,dd391ccef6b13960d42d394c8934fc97-~1746748406330-~233762582,app-android,258.88,0,待定,2025/5/9 9:08,2025/5/9 23:55,1,2025/5/9 9:25,NULL
492778,25050962223056,231561881,1,已付款,2025/5/9 9:10,1746744757575,0,2,17d4ce1e68247e20b48538fc3d6e70f9-~1746744757575-~231561881,app-ios,160.61,1,/,2025/5/9 9:10,2025/5/9 23:55,0,NULL,NULL
492831,25050914612604,233762582,1,已付款,2025/5/9 9:11,1746748406330,2.59,2,dd391ccef6b13960d42d394c8934fc97-~1746748406330-~233762582,app-android,258.88,0,待定,2025/5/9 9:11,2025/5/9 23:55,1,2025/5/9 9:28,NULL
492836,25050943172279,231576604,1,已付款,2025/5/9 9:11,1746752612600,3.03,2,dd391ccef6b13960d42d394c8934fc97-~1746752612600-~231576604,app-android,101,0,待定,2025/5/9 9:11,2025/5/9 23:55,1,2025/5/9 9:27,NULL
492894,25050958604229,231561881,1,已付款,2025/5/9 9:12,1746685615327,0,2,17d4ce1e68247e20b48538fc3d6e70f9-~1746685615327-~231561881,app-ios,237.92,0,待定,2025/5/9 9:12,2025/5/9 23:55,0,NULL,NULL
492917,25050958610729,233502029,1,已付款,2025/5/9 9:13,1746674879679,1.69,2,dd391ccef6b13960d42d394c8934fc97-~1746674879679-~233502029,app-android,61.22,0,待定,2025/5/9 9:13,2025/5/9 23:59,1,NULL,NULL
493211,25050997671119,233762542,0,已失效,2025/5/9 9:17,1746689442831,2.91,2,17d4ce1e68247e20b48538fc3d6e70f9-~1746689442831-~233762542,app-ios,96.9,0,待定,2025/5/9 9:17,2025/5/9 23:55,1,2025/5/9 9:34,NULL
493300,25050914347604,233762542,0,已失效,2025/5/9 9:19,1746689442831,0.16,2,17d4ce1e68247e20b48538fc3d6e70f9-~1746689442831-~233762542,app-ios,32.11,0,待定,2025/5/9 9:19,2025/5/9 23:55,1,2025/5/9 9:36,NULL
493508,25050951174939,233762542,1,已付款,2025/5/9 9:21,1746719197127,0.35,2,17d4ce1e68247e20b48538fc3d6e70f9-~1746719197127-~233762542,app-ios,35,0,待定,2025/5/9 9:21,2025/5/9 23:55,1,2025/5/9 9:38,NULL
493859,25050913349404,233762582,1,已付款,2025/5/9 9:26,1746688199709,12.32,2,dd391ccef6b13960d42d394c8934fc97-~1746688199709-~233762582,app-android,1232.2,0,待定,2025/5/9 9:26,2025/5/9 23:55,1,2025/5/9 9:43,NULL
493935,25050950969239,231561881,1,已付款,2025/5/9 9:28,1746718818895,1.2,2,17d4ce1e68247e20b48538fc3d6e70f9-~1746718818895-~231561881,app-ios,40,0,待定,2025/5/9 9:28,2025/5/9 23:55,1,2025/5/9 9:44,NULL
494036,25050961530056,231561881,0,已失效,2025/5/9 9:29,1746710639717,6.42,2,17d4ce1e68247e20b48538fc3d6e70f9-~1746710639717-~231561881,app-ios,214,0,待定,2025/5/9 9:30,2025/5/9 23:55,1,2025/5/9 9:45,NULL
494038,25050996446919,231561881,0,已失效,2025/5/9 9:29,1746710639717,3.42,2,17d4ce1e68247e20b48538fc3d6e70f9-~1746710639717-~231561881,app-ios,114,0,待定,2025/5/9 9:30,2025/5/9 23:55,1,2025/5/9 9:45,NULL
494044,25050977748769,231561881,0,已失效,2025/5/9 9:29,1746710639717,3,2,17d4ce1e68247e20b48538fc3d6e70f9-~1746710639717-~231561881,app-ios,100,0,待定,2025/5/9 9:30,2025/5/9 23:55,1,2025/5/9 9:46,NULL
494611,25050996298319,233762542,1,已付款,2025/5/9 9:33,1746700928195,3.06,2,17d4ce1e68247e20b48538fc3d6e70f9-~1746700928195-~233762542,app-ios,102,0,待定,2025/5/9 9:37,2025/5/9 23:55,1,2025/5/9 9:50,NULL
494865,25050978195969,231561881,1,已付款,2025/5/9 9:40,1746745797515,0.29,2,17d4ce1e68247e20b48538fc3d6e70f9-~1746745797515-~231561881,app-ios,29,0,待定,2025/5/9 9:40,2025/5/9 23:55,1,2025/5/9 9:57,NULL
494919,25050942196879,231576604,1,已付款,2025/5/9 9:41,1746754184838,0.57,2,dd391ccef6b13960d42d394c8934fc97-~1746754184838-~231576604,app-android,56.67,0,待定,2025/5/9 9:41,2025/5/9 23:55,1,2025/5/9 9:58,NULL
495004,25050942996479,231576604,1,已付款,2025/5/9 9:43,1746752306273,4.06,2,dd391ccef6b13960d42d394c8934fc97-~1746752306273-~231576604,app-android,58,0,待定,2025/5/9 9:43,2025/5/9 23:55,1,2025/5/9 10:00,NULL
495014,25050913594004,233460954,1,已付款,2025/5/9 9:43,1746754024652,1.07,2,dd391ccef6b13960d42d394c8934fc97-~1746754024652-~233460954,app-android,15,0,待定,2025/5/9 9:43,2025/5/9 23:55,1,2025/5/9 9:59,NULL
495056,25050961924256,231561881,1,已付款,2025/5/9 9:43,1746748632217,21.92,2,17d4ce1e68247e20b48538fc3d6e70f9-~1746748632217-~231561881,app-ios,492,0,待定,2025/5/9 9:43,2025/5/9 23:55,1,2025/5/9 10:00,NULL
495096,25050937197649,231576604,1,已付款,2025/5/9 9:44,1746674316830,41.73,2,dd391ccef6b13960d42d394c8934fc97-~1746674316830-~231576604,app-android,419,0,待定,2025/5/9 9:45,2025/5/9 23:55,1,2025/5/9 10:01,NULL
495340,25050961834256,231576604,1,已付款,2025/5/9 9:43,1746612980997,0,2,dd391ccef6b13960d42d394c8934fc97-~1746612980997-~231576604,app-android,491,1,/,2025/5/9 9:47,2025/5/9 23:55,0,NULL,NULL
495362,25050950298939,231561881,1,已付款,2025/5/9 9:47,1746755083702,0.75,2,17d4ce1e68247e20b48538fc3d6e70f9-~1746755083702-~231561881,app-ios,30,0,待定,2025/5/9 9:47,2025/5/9 23:55,1,2025/5/9 10:04,NULL
495755,25050917558785,231576604,1,已付款,2025/5/9 9:51,1746567749509,1.3,2,dd391ccef6b13960d42d394c8934fc97-~1746567749509-~231576604,app-android,130.15,0,待定,2025/5/9 9:51,2025/5/9 23:55,1,2025/5/9 10:08,NULL
495774,25050942690479,231561881,1,已付款,2025/5/9 9:51,1746707921845,6.12,2,17d4ce1e68247e20b48538fc3d6e70f9-~1746707921845-~231561881,app-ios,204,0,待定,2025/5/9 9:52,2025/5/9 23:55,1,2025/5/9 10:08,NULL
495784,25050957289829,231561881,1,已付款,2025/5/9 9:52,1746711442316,0.22,2,17d4ce1e68247e20b48538fc3d6e70f9-~1746711442316-~231561881,app-ios,44.09,0,待定,2025/5/9 9:52,2025/5/9 23:55,1,2025/5/9 10:09,NULL
495814,25050960704456,231561881,1,已付款,2025/5/9 9:52,1746707921845,10.17,2,17d4ce1e68247e20b48538fc3d6e70f9-~1746707921845-~231561881,app-ios,339,0,待定,2025/5/9 9:52,2025/5/9 23:55,1,2025/5/9 10:09,NULL
495851,25050960725956,233502029,0,已失效,2025/5/9 9:53,1746699413968,15.18,2,dd391ccef6b13960d42d394c8934fc97-~1746699413968-~233502029,app-android,168.7,0,待定,2025/5/9 9:53,2025/5/9 23:55,1,2025/5/9 10:10,NULL
495877,25050957244329,233502029,1,已付款,2025/5/9 9:53,1746675799623,2.07,2,dd391ccef6b13960d42d394c8934fc97-~1746675799623-~233502029,app-android,74,0,待定,2025/5/9 9:53,2025/5/9 23:59,1,NULL,NULL
495902,25050995580019,231561881,1,已付款,2025/5/9 9:54,1746719647209,0,2,17d4ce1e68247e20b48538fc3d6e70f9-~1746719647209-~231561881,app-ios,140,1,/,2025/5/9 9:54,2025/5/9 23:55,0,NULL,NULL
496083,25050995497519,233502003,0,已失效,2025/5/9 9:54,1746754421976,16.16,2,17d4ce1e68247e20b48538fc3d6e70f9-~1746754421976-~233502003,app-ios,1616,0,待定,2025/5/9 9:55,2025/5/9 23:55,1,2025/5/9 10:11,NULL
496600,25050957714229,231576604,1,已付款,2025/5/9 10:00,1746746151022,0,2,dd391ccef6b13960d42d394c8934fc97-~1746746151022-~231576604,app-android,0.01,0,待定,2025/5/9 10:00,2025/5/9 23:55,0,NULL,NULL
496639,25050935789649,233498046,1,已付款,2025/5/9 10:01,1746746229395,2.79,2,17d4ce1e68247e20b48538fc3d6e70f9-~1746746229395-~233498046,app-ios,39.92,0,待定,2025/5/9 10:01,2025/5/9 23:55,1,2025/5/9 10:17,NULL
496649,25050976651369,231561881,1,已付款,2025/5/9 10:00,1746703806603,14.16,2,17d4ce1e68247e20b48538fc3d6e70f9-~1746703806603-~231561881,app-ios,202.22,0,待定,2025/5/9 10:01,2025/5/9 23:55,1,2025/5/9 10:17,NULL
496741,25050935652249,231561881,1,已付款,2025/5/9 10:02,1746719693878,3.15,2,17d4ce1e68247e20b48538fc3d6e70f9-~1746719693878-~231561881,app-ios,45,0,待定,2025/5/9 10:02,2025/5/9 23:55,1,2025/5/9 10:19,NULL
496808,25050948820639,233762582,1,已付款,2025/5/9 10:03,1746681998288,0.21,2,dd391ccef6b13960d42d394c8934fc97-~1746681998288-~233762582,app-android,42.7,0,待定,2025/5/9 10:03,2025/5/9 23:55,1,2025/5/9 10:20,NULL
496816,25050977283769,233498046,1,已付款,2025/5/9 10:03,1746751652812,0,2,17d4ce1e68247e20b48538fc3d6e70f9-~1746751652812-~233498046,app-ios,3.88,1,/,2025/5/9 10:03,2025/5/9 23:55,0,NULL,NULL
496881,25050961025956,231561881,1,已付款,2025/5/9 10:04,1746711725693,1.26,2,17d4ce1e68247e20b48538fc3d6e70f9-~1746711725693-~231561881,app-ios,7.9,0,待定,2025/5/9 10:04,2025/5/9 23:55,1,2025/5/9 10:20,NULL
496887,25050996090719,231576604,1,已付款,2025/5/9 10:01,1746102357320,4.98,2,dd391ccef6b13960d42d394c8934fc97-~1746102357320-~231576604,app-android,88,0,待定,2025/5/9 10:04,2025/5/9 23:55,1,2025/5/9 10:18,NULL
496975,25050977260469,231561881,1,已付款,2025/5/9 10:04,1746689774069,3.27,2,17d4ce1e68247e20b48538fc3d6e70f9-~1746689774069-~231561881,app-ios,326.7,0,待定,2025/5/9 10:05,2025/5/9 23:55,1,2025/5/9 10:21,NULL
497144,25050936324749,233762582,1,已付款,2025/5/9 10:05,1746693614740,12.4,2,dd391ccef6b13960d42d394c8934fc97-~1746693614740-~233762582,app-android,248,0,待定,2025/5/9 10:05,2025/5/9 23:55,1,2025/5/9 10:22,NULL
497146,25050957483529,233762542,1,已付款,2025/5/9 10:05,1746673384285,2.77,2,17d4ce1e68247e20b48538fc3d6e70f9-~1746673384285-~233762542,app-ios,46.1,0,待定,2025/5/9 10:05,2025/5/9 23:55,1,2025/5/9 10:22,NULL
497338,25050995874619,231576604,1,已付款,2025/5/9 10:04,1746589264156,1.77,1,dd391ccef6b13960d42d394c8934fc97-~1746589264156-~231576604,app-android,59,0,待定,2025/5/9 10:08,2025/5/9 23:55,1,2025/5/9 10:21,NULL
497384,25050977038169,233502003,1,已付款,2025/5/9 10:08,1746717087374,1.68,2,17d4ce1e68247e20b48538fc3d6e70f9-~1746717087374-~233502003,app-ios,56,0,待定,2025/5/9 10:08,2025/5/9 23:55,1,2025/5/9 10:25,NULL
497394,25050977041169,233762542,1,已付款,2025/5/9 10:08,1746709691347,7.77,2,17d4ce1e68247e20b48538fc3d6e70f9-~1746709691347-~233762542,app-ios,259,0,待定,2025/5/9 10:08,2025/5/9 23:55,1,2025/5/9 10:25,NULL
497449,25050977055469,233498046,1,已付款,2025/5/9 10:09,1746686292742,1.28,2,17d4ce1e68247e20b48538fc3d6e70f9-~1746686292742-~233498046,app-ios,42.78,0,待定,2025/5/9 10:09,2025/5/9 23:55,1,2025/5/9 10:25,NULL
497472,25050941861979,231561881,1,已付款,2025/5/9 10:09,1746691351985,1.11,2,17d4ce1e68247e20b48538fc3d6e70f9-~1746691351985-~231561881,app-ios,37,0,待定,2025/5/9 10:09,2025/5/9 23:55,1,2025/5/9 10:26,NULL
497505,25050994847719,231576604,1,已付款,2025/5/9 10:09,1746702536134,1.17,2,dd391ccef6b13960d42d394c8934fc97-~1746702536134-~231576604,app-android,117.03,0,待定,2025/5/9 10:09,2025/5/9 23:55,1,2025/5/9 10:26,NULL
497779,25050911519704,231561881,1,已付款,2025/5/9 10:10,1746756455402,1.89,2,17d4ce1e68247e20b48538fc3d6e70f9-~1746756455402-~231561881,app-ios,68,0,待定,2025/5/9 10:11,2025/5/9 23:55,1,2025/5/9 10:27,NULL
497853,25050956333829,233502003,1,已付款,2025/5/9 10:11,1746717876560,16.76,2,17d4ce1e68247e20b48538fc3d6e70f9-~1746717876560-~233502003,app-ios,296.94,0,待定,2025/5/9 10:11,2025/5/9 23:55,1,2025/5/9 10:28,NULL
497875,25050914817685,233476754,1,已付款,2025/5/9 10:12,1746708317376,0,2,17d4ce1e68247e20b48538fc3d6e70f9-~1746708317376-~233476754,app-ios,1,0,待定,2025/5/9 10:12,2025/5/9 23:55,0,NULL,NULL
497876,25050914824085,233762542,0,已失效,2025/5/9 10:12,1746692907171,4.44,2,17d4ce1e68247e20b48538fc3d6e70f9-~1746692907171-~233762542,app-ios,148,0,待定,2025/5/9 10:12,2025/5/9 23:55,1,2025/5/9 10:29,NULL
498079,25050911447504,233498054,1,已付款,2025/5/9 10:14,1746742672577,2.94,2,dd391ccef6b13960d42d394c8934fc97-~1746742672577-~233498054,app-android,47.05,0,待定,2025/5/9 10:14,2025/5/9 23:55,1,2025/5/9 10:31,NULL
498318,25050956181629,231561881,1,已付款,2025/5/9 10:15,1746750635670,0,2,17d4ce1e68247e20b48538fc3d6e70f9-~1746750635670-~231561881,app-ios,1,1,/,2025/5/9 10:15,2025/5/9 23:55,0,NULL,NULL
498360,25050940860579,231561881,1,已付款,2025/5/9 10:15,1746719222649,3.96,2,17d4ce1e68247e20b48538fc3d6e70f9-~1746719222649-~231561881,app-ios,132,0,待定,2025/5/9 10:15,2025/5/9 23:55,1,2025/5/9 10:32,NULL
498386,25050975913969,233498054,1,已付款,2025/5/9 10:15,1746679385280,27.73,2,dd391ccef6b13960d42d394c8934fc97-~1746679385280-~233498054,app-android,366,0,待定,2025/5/9 10:16,2025/5/9 23:55,1,2025/5/9 10:32,NULL
498470,25050914617885,233502003,1,已付款,2025/5/9 10:16,1746704095679,0.72,2,17d4ce1e68247e20b48538fc3d6e70f9-~1746704095679-~233502003,app-ios,23.93,0,待定,2025/5/9 10:17,2025/5/9 23:55,1,2025/5/9 10:33,NULL
498620,25050959663456,233762582,1,已付款,2025/5/9 10:17,1746716264552,4.71,2,dd391ccef6b13960d42d394c8934fc97-~1746716264552-~233762582,app-android,157,0,待定,2025/5/9 10:18,2025/5/9 23:55,1,2025/5/9 10:34,NULL
498637,25050915389685,231561881,1,已付款,2025/5/9 10:18,1746756455402,7.52,2,17d4ce1e68247e20b48538fc3d6e70f9-~1746756455402-~231561881,app-ios,94,0,待定,2025/5/9 10:18,2025/5/9 23:55,1,2025/5/9 10:35,NULL
498658,25050934950249,231561881,1,已付款,2025/5/9 10:18,1746757063628,0.61,2,17d4ce1e68247e20b48538fc3d6e70f9-~1746757063628-~231561881,app-ios,7.61,0,待定,2025/5/9 10:18,2025/5/9 23:55,1,2025/5/9 10:35,NULL
498752,25050956842929,233502003,1,已付款,2025/5/9 10:19,1746690055296,1,2,17d4ce1e68247e20b48538fc3d6e70f9-~1746690055296-~233502003,app-ios,33.19,0,待定,2025/5/9 10:19,2025/5/9 23:55,1,2025/5/9 10:36,NULL
499059,25050948115139,231576604,1,已付款,2025/5/9 10:20,1746753153293,0.22,2,dd391ccef6b13960d42d394c8934fc97-~1746753153293-~231576604,app-android,22.3,0,待定,2025/5/9 10:20,2025/5/9 23:55,1,2025/5/9 10:36,NULL
499177,25050995139519,231561881,1,已付款,2025/5/9 10:21,1746749354107,13.88,2,17d4ce1e68247e20b48538fc3d6e70f9-~1746749354107-~231561881,app-ios,278.01,0,待定,2025/5/9 10:22,2025/5/9 23:55,1,2025/5/9 10:38,NULL
499317,25050911986704,231576604,1,已付款,2025/5/9 10:20,1746623393377,0,2,dd391ccef6b13960d42d394c8934fc97-~1746623393377-~231576604,app-android,41.8,1,/,2025/5/9 10:23,2025/5/9 23:55,0,NULL,NULL
499800,25050995077219,231576604,1,已付款,2025/5/9 10:25,1746686477474,0,2,dd391ccef6b13960d42d394c8934fc97-~1746686477474-~231576604,app-android,167,1,/,2025/5/9 10:25,2025/5/9 23:55,0,NULL,NULL
499934,25050935393849,233502029,1,已付款,2025/5/9 10:27,1746698204787,3.78,2,dd391ccef6b13960d42d394c8934fc97-~1746698204787-~233502029,app-android,126.14,0,待定,2025/5/9 10:27,2025/5/9 23:55,1,2025/5/9 10:44,NULL
499938,25050910938104,233762582,1,已付款,2025/5/9 10:27,1746714835116,0,2,dd391ccef6b13960d42d394c8934fc97-~1746714835116-~233762582,app-android,10.8,1,/,2025/5/9 10:27,2025/5/9 23:55,0,NULL,NULL
500178,25050941105879,233502003,1,已付款,2025/5/9 10:29,1746711181036,0.06,2,17d4ce1e68247e20b48538fc3d6e70f9-~1746711181036-~233502003,app-ios,11.01,0,待定,2025/5/9 10:29,2025/5/9 23:55,1,2025/5/9 10:46,NULL
500510,25050975370469,233498054,1,已付款,2025/5/9 10:30,1746753447999,0.66,5,dd391ccef6b13960d42d394c8934fc97-~1746753447999-~233498054,app-android,27.1,0,待定,2025/5/9 10:30,2025/5/9 23:55,1,2025/5/9 10:47,NULL
500563,25050935296649,231576604,1,已付款,2025/5/9 10:30,1746757562691,9,2,dd391ccef6b13960d42d394c8934fc97-~1746757562691-~231576604,app-android,180,0,待定,2025/5/9 10:31,2025/5/9 23:55,1,2025/5/9 11:45,NULL
500616,25050948521039,233476754,1,已付款,2025/5/9 10:31,1746751392750,1.86,2,17d4ce1e68247e20b48538fc3d6e70f9-~1746751392750-~233476754,app-ios,26.6,0,待定,2025/5/9 10:31,2025/5/9 23:55,1,2025/5/9 10:48,NULL
500789,25050993912019,231561881,1,已付款,2025/5/9 10:32,1746755000138,5.4,2,17d4ce1e68247e20b48538fc3d6e70f9-~1746755000138-~231561881,app-ios,90,0,待定,2025/5/9 10:33,2025/5/9 23:55,1,2025/5/9 10:49,NULL
500808,25050927084585,233762542,1,已付款,2025/5/9 10:32,1746756690959,2.22,2,17d4ce1e68247e20b48538fc3d6e70f9-~1746756690959-~233762542,app-ios,74,0,待定,2025/5/9 10:33,2025/5/9 23:55,1,2025/5/9 10:49,NULL
501106,25050979394979,233762542,1,已付款,2025/5/9 10:34,1746686357577,0.08,2,17d4ce1e68247e20b48538fc3d6e70f9-~1746686357577-~233762542,app-ios,1,0,待定,2025/5/9 10:35,2025/5/9 23:55,1,2025/5/9 10:51,NULL
502284,25050955975029,233498046,1,已付款,2025/5/9 10:42,1746758465929,4,2,17d4ce1e68247e20b48538fc3d6e70f9-~1746758465929-~233498046,app-ios,133.32,0,待定,2025/5/9 10:42,2025/5/9 23:55,1,2025/5/9 10:59,NULL
502309,25050956065929,231561881,1,已付款,2025/5/9 10:41,1746748511226,0.41,2,17d4ce1e68247e20b48538fc3d6e70f9-~1746748511226-~231561881,app-ios,40.65,0,待定,2025/5/9 10:42,2025/5/9 23:55,1,2025/5/9 10:58,NULL
502440,25050911111304,231561881,1,已付款,2025/5/9 10:43,1746756121037,14.02,2,17d4ce1e68247e20b48538fc3d6e70f9-~1746756121037-~231561881,app-ios,199,0,待定,2025/5/9 10:43,2025/5/9 23:55,1,2025/5/9 11:00,NULL
502623,25050934805349,231561881,1,已付款,2025/5/9 10:44,1746718752245,1.86,2,17d4ce1e68247e20b48538fc3d6e70f9-~1746718752245-~231561881,app-ios,61.9,0,待定,2025/5/9 10:45,2025/5/9 23:55,1,2025/5/9 11:01,NULL
503216,25050947909039,231561881,1,已付款,2025/5/9 10:48,1746740669817,25.69,5,17d4ce1e68247e20b48538fc3d6e70f9-~1746740669817-~231561881,app-ios,367,0,待定,2025/5/9 10:48,2025/5/9 23:55,1,2025/5/9 11:05,NULL
503623,25050959168156,231561881,1,已付款,2025/5/9 10:50,1746710234430,0,2,17d4ce1e68247e20b48538fc3d6e70f9-~1746710234430-~231561881,app-ios,45.96,1,/,2025/5/9 10:50,2025/5/9 23:55,0,NULL,NULL
503677,25050934581249,233476754,1,已付款,2025/5/9 10:50,1746746400261,0,2,17d4ce1e68247e20b48538fc3d6e70f9-~1746746400261-~233476754,app-ios,131.69,1,/,2025/5/9 10:50,2025/5/9 23:55,0,NULL,NULL
503867,25050909997404,231561881,1,已付款,2025/5/9 10:52,1746754953439,0,2,17d4ce1e68247e20b48538fc3d6e70f9-~1746754953439-~231561881,app-ios,63,1,/,2025/5/9 10:52,2025/5/9 23:55,0,NULL,NULL
503928,25050993231419,231576604,1,已付款,2025/5/9 10:53,1746743401022,0.87,5,dd391ccef6b13960d42d394c8934fc97-~1746743401022-~231576604,app-android,34,0,待定,2025/5/9 10:53,2025/5/9 23:55,1,2025/5/9 12:05,NULL
504498,25050993045419,233762542,1,已付款,2025/5/9 10:56,1746711662730,0,2,17d4ce1e68247e20b48538fc3d6e70f9-~1746711662730-~233762542,app-ios,145,1,/,2025/5/9 10:56,2025/5/9 23:55,0,NULL,NULL
504544,25050946675249,233762542,1,已付款,2025/5/9 10:56,1746711662730,0,2,17d4ce1e68247e20b48538fc3d6e70f9-~1746711662730-~233762542,app-ios,145,1,/,2025/5/9 10:56,2025/5/9 23:55,0,NULL,NULL
504725,25050909797904,233762582,0,已失效,2025/5/9 10:58,1746716264552,6.81,2,dd391ccef6b13960d42d394c8934fc97-~1746716264552-~233762582,app-android,227,0,待定,2025/5/9 10:58,2025/5/9 23:55,1,2025/5/9 11:15,NULL
504730,25050946627949,233762542,1,已付款,2025/5/9 10:58,1746711662730,0,2,17d4ce1e68247e20b48538fc3d6e70f9-~1746711662730-~233762542,app-ios,145,1,/,2025/5/9 10:58,2025/5/9 23:55,0,NULL,NULL
504796,25050974335369,231576604,1,已付款,2025/5/9 10:58,1746719799966,0,2,dd391ccef6b13960d42d394c8934fc97-~1746719799966-~231576604,app-android,70,1,/,2025/5/9 10:58,2025/5/9 23:55,0,NULL,NULL
504918,25050909745004,233762542,1,已付款,2025/5/9 10:59,1746681846348,0.19,2,17d4ce1e68247e20b48538fc3d6e70f9-~1746681846348-~233762542,app-ios,37.2,0,待定,2025/5/9 11:00,2025/5/9 23:55,1,2025/5/9 11:16,NULL
505269,25050926089085,231576604,1,已付款,2025/5/9 11:01,1746754980173,0.32,2,dd391ccef6b13960d42d394c8934fc97-~1746754980173-~231576604,app-android,6.31,0,待定,2025/5/9 11:01,2025/5/9 23:55,1,2025/5/9 11:18,NULL
505327,25050993742719,233460954,1,已付款,2025/5/9 11:01,1746759139446,2.48,2,dd391ccef6b13960d42d394c8934fc97-~1746759139446-~233460954,app-android,36,0,待定,2025/5/9 11:02,2025/5/9 23:55,1,2025/5/9 11:18,NULL
505464,25050978442679,231576604,1,已付款,2025/5/9 11:02,1746719799966,0,2,dd391ccef6b13960d42d394c8934fc97-~1746719799966-~231576604,app-android,22.1,1,/,2025/5/9 11:03,2025/5/9 23:55,0,NULL,NULL
505969,25050946374449,233476754,1,已付款,2025/5/9 11:05,1746678545719,0,2,17d4ce1e68247e20b48538fc3d6e70f9-~1746678545719-~233476754,app-ios,32,1,/,2025/5/9 11:05,2025/5/9 23:55,0,NULL,NULL
506047,25050946302149,231561881,1,已付款,2025/5/9 11:06,1746756244268,18.73,2,17d4ce1e68247e20b48538fc3d6e70f9-~1746756244268-~231561881,app-ios,267.62,0,待定,2025/5/9 11:06,2025/5/9 23:55,1,2025/5/9 11:23,NULL
506383,25050947103749,231576604,0,已失效,2025/5/9 11:09,1746740995401,13.18,2,dd391ccef6b13960d42d394c8934fc97-~1746740995401-~231576604,app-android,291.7,0,待定,2025/5/9 11:09,2025/5/9 23:55,1,2025/5/9 11:26,NULL
506590,25050926589385,231576604,1,已付款,2025/5/9 11:09,1746740995401,0,2,dd391ccef6b13960d42d394c8934fc97-~1746740995401-~231576604,app-android,0,0,待定,2025/5/9 11:10,2025/5/9 23:55,0,NULL,NULL
506597,25050926589285,231576604,1,已付款,2025/5/9 11:09,1746740995401,8.63,2,dd391ccef6b13960d42d394c8934fc97-~1746740995401-~231576604,app-android,215.79,0,待定,2025/5/9 11:10,2025/5/9 23:55,1,2025/5/9 11:26,NULL
506608,25050974803969,231576604,1,已付款,2025/5/9 11:09,1746740995401,4.55,2,dd391ccef6b13960d42d394c8934fc97-~1746740995401-~231576604,app-android,75.91,0,待定,2025/5/9 11:10,2025/5/9 23:55,1,2025/5/9 11:26,NULL
506759,25050993421319,231576604,1,已付款,2025/5/9 11:10,1746743136960,3,2,dd391ccef6b13960d42d394c8934fc97-~1746743136960-~231576604,app-android,37.48,0,待定,2025/5/9 11:10,2025/5/9 23:55,1,2025/5/9 11:27,NULL
506816,25050946971749,231561881,1,已付款,2025/5/9 11:11,1746719647209,0,2,17d4ce1e68247e20b48538fc3d6e70f9-~1746719647209-~231561881,app-ios,788,1,/,2025/5/9 11:11,2025/5/9 23:55,0,NULL,NULL
507529,25050978781079,233762582,1,已付款,2025/5/9 11:16,1746758996350,0,2,dd391ccef6b13960d42d394c8934fc97-~1746758996350-~233762582,app-android,1,1,/,2025/5/9 11:16,2025/5/9 23:55,0,NULL,NULL
507670,25050925522685,233498046,1,已付款,2025/5/9 11:18,1746760622330,1.04,2,17d4ce1e68247e20b48538fc3d6e70f9-~1746760622330-~233498046,app-ios,6.91,0,待定,2025/5/9 11:18,2025/5/9 23:55,1,2025/5/9 11:34,NULL
507745,25050973634569,233762542,1,已付款,2025/5/9 11:18,1746760512075,12.39,2,17d4ce1e68247e20b48538fc3d6e70f9-~1746760512075-~233762542,app-ios,309.7,0,待定,2025/5/9 11:18,2025/5/9 23:55,1,2025/5/9 11:35,NULL
508367,25050925361185,231561881,1,已付款,2025/5/9 11:22,1746759863099,29.67,2,17d4ce1e68247e20b48538fc3d6e70f9-~1746759863099-~231561881,app-ios,471,0,待定,2025/5/9 11:22,2025/5/9 23:55,1,2025/5/9 11:39,NULL
508431,25050945732949,231561881,1,已付款,2025/5/9 11:23,1746748079414,7.43,2,17d4ce1e68247e20b48538fc3d6e70f9-~1746748079414-~231561881,app-ios,37.17,0,待定,2025/5/9 11:23,2025/5/9 23:55,1,2025/5/9 11:40,NULL
508440,25050932256910,231561881,0,已失效,2025/5/9 11:23,1746748079414,18.49,2,17d4ce1e68247e20b48538fc3d6e70f9-~1746748079414-~231561881,app-ios,195.17,0,待定,2025/5/9 11:23,2025/5/9 23:55,1,2025/5/9 11:40,NULL
508441,25050953794829,231561881,1,已付款,2025/5/9 11:23,1746748079414,11.06,2,17d4ce1e68247e20b48538fc3d6e70f9-~1746748079414-~231561881,app-ios,158,0,待定,2025/5/9 11:23,2025/5/9 23:55,1,2025/5/9 11:40,NULL
508512,25050958979939,231561881,1,已付款,2025/5/9 11:24,1746684844470,0.17,2,17d4ce1e68247e20b48538fc3d6e70f9-~1746684844470-~231561881,app-ios,3.37,0,待定,2025/5/9 11:24,2025/5/9 23:55,1,2025/5/9 11:41,NULL
508515,25050945754049,233476754,1,已付款,2025/5/9 11:24,1746691374612,4.36,2,17d4ce1e68247e20b48538fc3d6e70f9-~1746691374612-~233476754,app-ios,125.6,0,待定,2025/5/9 11:24,2025/5/9 23:55,1,2025/5/9 11:41,NULL
508969,25050932161810,233762542,1,已付款,2025/5/9 11:26,1746754833267,22.31,2,17d4ce1e68247e20b48538fc3d6e70f9-~1746754833267-~233762542,app-ios,235.7,0,待定,2025/5/9 11:26,2025/5/9 23:55,1,2025/5/9 11:43,NULL
509053,25050958876639,233460954,1,已付款,2025/5/9 11:27,1746754468510,1.4,2,dd391ccef6b13960d42d394c8934fc97-~1746754468510-~233460954,app-android,140,0,待定,2025/5/9 11:27,2025/5/9 23:55,1,2025/5/9 11:44,NULL
509075,25050973343469,233476754,1,已付款,2025/5/9 11:27,1746710953747,6.78,2,17d4ce1e68247e20b48538fc3d6e70f9-~1746710953747-~233476754,app-ios,135.51,0,待定,2025/5/9 11:27,2025/5/9 23:55,1,2025/5/9 11:44,NULL
509183,25050925973385,231576604,1,已付款,2025/5/9 11:28,1746697532508,0,2,dd391ccef6b13960d42d394c8934fc97-~1746697532508-~231576604,app-android,44.96,1,/,2025/5/9 11:28,2025/5/9 23:55,0,NULL,NULL
509308,25050971017056,231561881,1,已付款,2025/5/9 11:29,1746678980976,25.48,2,17d4ce1e68247e20b48538fc3d6e70f9-~1746678980976-~231561881,app-ios,195.98,0,待定,2025/5/9 11:30,2025/5/9 23:55,1,2025/5/9 11:46,NULL
509592,25050958775039,233498054,1,已付款,2025/5/9 11:30,1746737125519,3.01,2,dd391ccef6b13960d42d394c8934fc97-~1746737125519-~233498054,app-android,16.7,0,待定,2025/5/9 11:31,2025/5/9 23:55,1,2025/5/9 11:47,NULL
509726,25050974101669,233762542,1,已付款,2025/5/9 11:28,1746708015884,7.98,2,17d4ce1e68247e20b48538fc3d6e70f9-~1746708015884-~233762542,app-ios,99.7,0,待定,2025/5/9 11:32,2025/5/9 23:55,1,2025/5/9 11:45,NULL
509852,25050970925556,231561881,1,已付款,2025/5/9 11:33,1746758372593,6.75,2,17d4ce1e68247e20b48538fc3d6e70f9-~1746758372593-~231561881,app-ios,135,0,待定,2025/5/9 11:33,2025/5/9 23:55,1,2025/5/9 11:50,NULL
509908,25050946268749,231561881,0,已失效,2025/5/9 11:34,1746761520429,6.58,2,17d4ce1e68247e20b48538fc3d6e70f9-~1746761520429-~231561881,app-ios,93.95,0,待定,2025/5/9 11:34,2025/5/9 23:55,1,2025/5/9 11:50,NULL
510448,25050973938569,231561881,1,已付款,2025/5/9 11:36,1746740947681,0,2,17d4ce1e68247e20b48538fc3d6e70f9-~1746740947681-~231561881,app-ios,196,1,/,2025/5/9 11:37,2025/5/9 23:55,0,NULL,NULL
510479,25050954218329,231561881,1,已付款,2025/5/9 11:37,1746761557843,3,2,17d4ce1e68247e20b48538fc3d6e70f9-~1746761557843-~231561881,app-ios,59.9,0,待定,2025/5/9 11:37,2025/5/9 23:55,1,2025/5/9 11:54,NULL
510483,25050946172949,231561881,1,已付款,2025/5/9 11:37,1746740947681,0,2,17d4ce1e68247e20b48538fc3d6e70f9-~1746740947681-~231561881,app-ios,272,1,/,2025/5/9 11:37,2025/5/9 23:55,0,NULL,NULL
511156,25050946078349,231576604,1,已付款,2025/5/9 11:41,1746717855887,1.12,2,dd391ccef6b13960d42d394c8934fc97-~1746717855887-~231576604,app-android,37.2,0,待定,2025/5/9 11:41,2025/5/9 23:55,1,2025/5/9 11:58,NULL
511799,25050930781210,231561881,0,已失效,2025/5/9 11:45,1746721011230,20.51,2,17d4ce1e68247e20b48538fc3d6e70f9-~1746721011230-~231561881,app-ios,293,0,待定,2025/5/9 11:46,2025/5/9 23:55,1,2025/5/9 12:02,NULL
512551,25050939858429,233762542,1,已付款,2025/5/9 11:50,1746676780849,6.75,2,17d4ce1e68247e20b48538fc3d6e70f9-~1746676780849-~233762542,app-ios,134.99,0,待定,2025/5/9 11:51,2025/5/9 23:55,1,2025/5/9 12:07,NULL
512561,25050924488085,231561881,1,已付款,2025/5/9 11:50,1746740947681,0,2,17d4ce1e68247e20b48538fc3d6e70f9-~1746740947681-~231561881,app-ios,43.99,1,/,2025/5/9 11:51,2025/5/9 23:55,0,NULL,NULL
514122,25050977384679,233476754,1,已付款,2025/5/9 12:02,1746679720997,0.99,2,17d4ce1e68247e20b48538fc3d6e70f9-~1746679720997-~233476754,app-ios,39.7,0,待定,2025/5/9 12:02,2025/5/9 23:55,1,2025/5/9 12:19,NULL
514299,25050977323779,231576604,1,已付款,2025/5/9 12:04,1746678987982,0,2,dd391ccef6b13960d42d394c8934fc97-~1746678987982-~231576604,app-android,19.12,1,/,2025/5/9 12:04,2025/5/9 23:55,0,NULL,NULL
514961,25050945291049,231561881,0,已失效,2025/5/9 12:09,1746761238203,1.33,2,17d4ce1e68247e20b48538fc3d6e70f9-~1746761238203-~231561881,app-ios,49.17,0,待定,2025/5/9 12:09,2025/5/9 23:55,1,2025/5/9 12:26,NULL
514973,25050920744804,233498054,1,已付款,2025/5/9 12:09,1746743935107,18.34,2,dd391ccef6b13960d42d394c8934fc97-~1746743935107-~233498054,app-android,262,0,待定,2025/5/9 12:09,2025/5/9 23:55,1,2025/5/9 12:26,NULL
515391,25050958385439,231561881,1,已付款,2025/5/9 12:12,1746761238203,1.33,2,17d4ce1e68247e20b48538fc3d6e70f9-~1746761238203-~231561881,app-ios,49.17,0,待定,2025/5/9 12:12,2025/5/9 23:55,1,2025/5/9 12:29,NULL
515440,25050958397239,231576604,0,已失效,2025/5/9 12:12,1746763725387,0.24,2,dd391ccef6b13960d42d394c8934fc97-~1746763725387-~231576604,app-android,47.8,0,待定,2025/5/9 12:12,2025/5/9 23:55,1,2025/5/9 12:29,NULL
515602,25050939239829,231576604,1,已付款,2025/5/9 12:14,1746714644279,4.54,2,dd391ccef6b13960d42d394c8934fc97-~1746714644279-~231576604,app-android,90.76,0,待定,2025/5/9 12:14,2025/5/9 23:55,1,2025/5/9 12:30,NULL
515949,25050985111469,233762582,0,已失效,2025/5/9 12:15,1746716264552,17.22,2,dd391ccef6b13960d42d394c8934fc97-~1746716264552-~233762582,app-android,574,0,待定,2025/5/9 12:16,2025/5/9 23:55,1,2025/5/9 12:32,NULL
516085,25050945074949,231576604,1,已付款,2025/5/9 12:17,1746759030589,2.88,2,dd391ccef6b13960d42d394c8934fc97-~1746759030589-~231576604,app-android,96,0,待定,2025/5/9 12:17,2025/5/9 23:55,1,2025/5/9 12:34,NULL
516126,25050930047910,231576604,1,已付款,2025/5/9 12:17,1746700012350,3.67,2,dd391ccef6b13960d42d394c8934fc97-~1746700012350-~231576604,app-android,52.37,0,待定,2025/5/9 12:18,2025/5/9 23:55,1,2025/5/9 12:34,NULL
516152,25050976150579,233502003,1,已付款,2025/5/9 12:18,1746708948648,10.64,2,17d4ce1e68247e20b48538fc3d6e70f9-~1746708948648-~233502003,app-ios,152,0,待定,2025/5/9 12:18,2025/5/9 23:55,1,2025/5/9 12:35,NULL
516194,25050929980210,233498054,1,已付款,2025/5/9 12:18,1746744693149,3.21,2,dd391ccef6b13960d42d394c8934fc97-~1746744693149-~233498054,app-android,107,0,待定,2025/5/9 12:19,2025/5/9 23:55,1,2025/5/9 12:35,NULL
516609,25050968757656,231561881,1,已付款,2025/5/9 12:21,1746763322278,0.47,2,17d4ce1e68247e20b48538fc3d6e70f9-~1746763322278-~231561881,app-ios,52.09,0,待定,2025/5/9 12:21,2025/5/9 23:55,1,2025/5/9 12:37,NULL
516742,25050920464304,231561881,1,已付款,2025/5/9 12:22,1746740830388,0.67,2,17d4ce1e68247e20b48538fc3d6e70f9-~1746740830388-~231561881,app-ios,9.58,0,待定,2025/5/9 12:22,2025/5/9 23:55,1,2025/5/9 12:39,NULL
516840,25050929891810,231561881,1,已付款,2025/5/9 12:23,1746740830388,0.7,2,17d4ce1e68247e20b48538fc3d6e70f9-~1746740830388-~231561881,app-ios,10,0,待定,2025/5/9 12:23,2025/5/9 23:55,1,2025/5/9 12:40,NULL
517816,25050957120839,233762542,1,已付款,2025/5/9 12:30,1746729224306,2.67,2,17d4ce1e68247e20b48538fc3d6e70f9-~1746729224306-~233762542,app-ios,89,0,待定,2025/5/9 12:30,2025/5/9 23:55,1,2025/5/9 12:47,NULL
517876,25050969328556,233762542,0,已失效,2025/5/9 12:31,1746684880436,0,2,17d4ce1e68247e20b48538fc3d6e70f9-~1746684880436-~233762542,app-ios,101.8,1,/,2025/5/9 12:31,2025/5/9 23:55,0,NULL,NULL
517947,25050943836549,231576604,1,已付款,2025/5/9 12:32,1746747709519,0,2,dd391ccef6b13960d42d394c8934fc97-~1746747709519-~231576604,app-android,63.9,1,/,2025/5/9 12:32,2025/5/9 23:55,0,NULL,NULL
518049,25050920888704,231576604,1,已付款,2025/5/9 12:34,1746702172331,0.83,2,dd391ccef6b13960d42d394c8934fc97-~1746702172331-~231576604,app-android,82.64,0,待定,2025/5/9 12:34,2025/5/9 23:55,1,2025/5/9 12:49,NULL
518119,25050930410910,231561881,1,已付款,2025/5/9 12:34,1746679385331,0.81,2,17d4ce1e68247e20b48538fc3d6e70f9-~1746679385331-~231561881,app-ios,23.23,0,待定,2025/5/9 12:35,2025/5/9 23:55,1,2025/5/9 12:51,NULL
518421,25050985442269,231561881,1,已付款,2025/5/9 12:35,1746757658029,4.56,2,17d4ce1e68247e20b48538fc3d6e70f9-~1746757658029-~231561881,app-ios,57,0,待定,2025/5/9 12:36,2025/5/9 23:55,1,2025/5/9 12:52,NULL
518427,25050976502679,231561881,1,已付款,2025/5/9 12:35,1746707900963,1.74,2,17d4ce1e68247e20b48538fc3d6e70f9-~1746707900963-~231561881,app-ios,58,0,待定,2025/5/9 12:36,2025/5/9 23:55,1,2025/5/9 12:52,NULL
518440,25050944643849,231576604,1,已付款,2025/5/9 12:35,1746702172331,2.75,2,dd391ccef6b13960d42d394c8934fc97-~1746702172331-~231576604,app-android,55,0,待定,2025/5/9 12:36,2025/5/9 23:55,1,2025/5/9 12:52,NULL
518506,25050924074385,231576604,1,已付款,2025/5/9 12:36,1746702172331,3.71,2,dd391ccef6b13960d42d394c8934fc97-~1746702172331-~231576604,app-android,57,0,待定,2025/5/9 12:37,2025/5/9 23:55,1,2025/5/9 12:53,NULL
518555,25050969119556,231561881,1,已付款,2025/5/9 12:37,1746756278777,0,2,17d4ce1e68247e20b48538fc3d6e70f9-~1746756278777-~231561881,app-ios,47.7,1,/,2025/5/9 12:37,2025/5/9 23:55,0,NULL,NULL
518671,25050985339069,231576604,1,已付款,2025/5/9 12:39,1746702172331,1.03,2,dd391ccef6b13960d42d394c8934fc97-~1746702172331-~231576604,app-android,34.3,0,待定,2025/5/9 12:39,2025/5/9 23:55,1,2025/5/9 12:56,NULL
518838,25050957697639,233762542,1,已付款,2025/5/9 12:40,1746682866153,17.04,2,17d4ce1e68247e20b48538fc3d6e70f9-~1746682866153-~233762542,app-ios,234,0,待定,2025/5/9 12:40,2025/5/9 23:55,1,2025/5/9 12:57,NULL
519113,25050944400849,231576604,1,已付款,2025/5/9 12:41,1746690518621,7.08,2,dd391ccef6b13960d42d394c8934fc97-~1746690518621-~231576604,app-android,184.61,0,待定,2025/5/9 12:41,2025/5/9 23:55,1,2025/5/9 12:57,NULL
519120,25050923109385,233498054,1,已付款,2025/5/9 12:41,1746693573612,0.56,2,dd391ccef6b13960d42d394c8934fc97-~1746693573612-~233498054,app-android,6.99,0,待定,2025/5/9 12:41,2025/5/9 23:55,1,2025/5/9 12:58,NULL
519329,25050944383649,231561881,1,已付款,2025/5/9 12:43,1746718533008,0,2,17d4ce1e68247e20b48538fc3d6e70f9-~1746718533008-~231561881,app-ios,371.05,1,/,2025/5/9 12:44,2025/5/9 23:55,0,NULL,NULL
519735,25050938390329,233762582,1,已付款,2025/5/9 12:46,1746764772526,0,2,dd391ccef6b13960d42d394c8934fc97-~1746764772526-~233762582,app-android,26,1,/,2025/5/9 12:46,2025/5/9 23:55,0,NULL,NULL
520502,25050943297349,231561881,0,已失效,2025/5/9 12:52,1746763537132,0,2,17d4ce1e68247e20b48538fc3d6e70f9-~1746763537132-~231561881,app-ios,929,0,待定,2025/5/9 12:52,2025/5/9 23:55,0,NULL,NULL
520529,25050920337104,233502003,0,已失效,2025/5/9 12:53,1746744645860,15.99,2,17d4ce1e68247e20b48538fc3d6e70f9-~1746744645860-~233502003,app-ios,474.3,0,待定,2025/5/9 12:53,2025/5/9 23:55,1,2025/5/9 13:10,NULL
520602,25050956388339,233502003,1,已付款,2025/5/9 12:53,1746744645860,15.1,2,17d4ce1e68247e20b48538fc3d6e70f9-~1746744645860-~233502003,app-ios,385.3,0,待定,2025/5/9 12:54,2025/5/9 23:55,1,2025/5/9 13:10,NULL
520610,25050956388239,233502003,1,已付款,2025/5/9 12:53,1746744645860,0.89,2,17d4ce1e68247e20b48538fc3d6e70f9-~1746744645860-~233502003,app-ios,89,0,待定,2025/5/9 12:54,2025/5/9 23:55,1,2025/5/9 13:10,NULL
521007,25050923515385,233762582,0,已失效,2025/5/9 12:55,1746711895844,0,2,dd391ccef6b13960d42d394c8934fc97-~1746711895844-~233762582,app-android,601.99,1,/,2025/5/9 12:55,2025/5/9 23:55,0,NULL,NULL
521149,25050929736110,233476754,1,已付款,2025/5/9 12:57,1746701501145,2.87,2,17d4ce1e68247e20b48538fc3d6e70f9-~1746701501145-~233476754,app-ios,46,0,待定,2025/5/9 12:57,2025/5/9 23:55,1,2025/5/9 13:14,NULL
521796,25050968397856,233762582,1,已付款,2025/5/9 13:01,1746764772526,0,2,dd391ccef6b13960d42d394c8934fc97-~1746764772526-~233762582,app-android,20.59,1,/,2025/5/9 13:01,2025/5/9 23:55,0,NULL,NULL
521826,25050956218439,231561881,1,已付款,2025/5/9 13:01,1746693755238,0.01,2,17d4ce1e68247e20b48538fc3d6e70f9-~1746693755238-~231561881,app-ios,1,0,待定,2025/5/9 13:02,2025/5/9 23:55,1,2025/5/9 13:18,NULL
522020,25050984562269,231576604,1,已付款,2025/5/9 13:04,1746742391252,3.72,2,dd391ccef6b13960d42d394c8934fc97-~1746742391252-~231576604,app-android,62,0,待定,2025/5/9 13:04,2025/5/9 23:55,1,2025/5/9 13:21,NULL
522631,25050938557229,233502003,1,已付款,2025/5/9 13:08,1746767021345,6.67,2,17d4ce1e68247e20b48538fc3d6e70f9-~1746767021345-~233502003,app-ios,66,0,待定,2025/5/9 13:08,2025/5/9 23:55,1,2025/5/9 13:24,NULL
522632,25050984467469,233502003,0,已失效,2025/5/9 13:07,1746767021345,12.19,2,17d4ce1e68247e20b48538fc3d6e70f9-~1746767021345-~233502003,app-ios,135,0,待定,2025/5/9 13:08,2025/5/9 23:55,1,2025/5/9 13:24,NULL
522649,25050975541379,233502003,1,已付款,2025/5/9 13:08,1746767021345,5.52,2,17d4ce1e68247e20b48538fc3d6e70f9-~1746767021345-~233502003,app-ios,69,0,待定,2025/5/9 13:08,2025/5/9 23:55,1,2025/5/9 13:24,NULL
522919,25050967317356,231561881,1,已付款,2025/5/9 13:09,1746752198559,28.88,2,17d4ce1e68247e20b48538fc3d6e70f9-~1746752198559-~231561881,app-ios,962.8,0,待定,2025/5/9 13:10,2025/5/9 23:55,1,2025/5/9 13:26,NULL
523179,25050928421210,231561881,1,已付款,2025/5/9 13:10,1746748826673,0.33,2,17d4ce1e68247e20b48538fc3d6e70f9-~1746748826673-~231561881,app-ios,4.08,0,待定,2025/5/9 13:11,2025/5/9 23:55,1,2025/5/9 13:27,NULL
523305,25050918977504,233498054,1,已付款,2025/5/9 13:12,1746748264884,0,2,dd391ccef6b13960d42d394c8934fc97-~1746748264884-~233498054,app-android,0,0,待定,2025/5/9 13:12,2025/5/9 23:55,0,NULL,NULL
523417,25050975411279,233762542,1,已付款,2025/5/9 13:13,1746684880436,0,2,17d4ce1e68247e20b48538fc3d6e70f9-~1746684880436-~233762542,app-ios,126.8,1,/,2025/5/9 13:13,2025/5/9 23:55,0,NULL,NULL
523420,25050922132685,231576604,1,已付款,2025/5/9 13:13,1746745945506,8.61,2,dd391ccef6b13960d42d394c8934fc97-~1746745945506-~231576604,app-android,123,0,待定,2025/5/9 13:13,2025/5/9 23:55,1,2025/5/9 13:30,NULL
523437,25050967217956,231561881,1,已付款,2025/5/9 13:13,1746767491192,7.85,2,17d4ce1e68247e20b48538fc3d6e70f9-~1746767491192-~231561881,app-ios,156.9,0,待定,2025/5/9 13:13,2025/5/9 23:55,1,2025/5/9 13:30,NULL
523495,25050922049885,231561881,0,已失效,2025/5/9 13:14,1746754819130,31.74,2,17d4ce1e68247e20b48538fc3d6e70f9-~1746754819130-~231561881,app-ios,443.87,0,待定,2025/5/9 13:14,2025/5/9 23:55,1,2025/5/9 13:31,NULL
523805,25050928359510,231561881,1,已付款,2025/5/9 13:15,1746754819130,11.51,2,17d4ce1e68247e20b48538fc3d6e70f9-~1746754819130-~231561881,app-ios,154.85,0,待定,2025/5/9 13:15,2025/5/9 23:55,1,2025/5/9 13:32,NULL
523841,25050942574849,231561881,1,已付款,2025/5/9 13:15,1746754819130,20.23,2,17d4ce1e68247e20b48538fc3d6e70f9-~1746754819130-~231561881,app-ios,289.02,0,待定,2025/5/9 13:15,2025/5/9 23:55,1,2025/5/9 13:32,NULL
523958,25050928265310,233762542,0,已失效,2025/5/9 13:16,1746689442831,1.78,2,17d4ce1e68247e20b48538fc3d6e70f9-~1746689442831-~233762542,app-ios,17.8,0,待定,2025/5/9 13:16,2025/5/9 23:55,1,2025/5/9 13:32,NULL
525776,25050967561856,233498054,1,已付款,2025/5/9 13:28,1746720221402,1.89,2,dd391ccef6b13960d42d394c8934fc97-~1746720221402-~233498054,app-android,97.06,0,待定,2025/5/9 13:28,2025/5/9 23:55,1,2025/5/9 13:45,NULL
525837,25050919283704,233498046,0,已失效,2025/5/9 13:29,1746760017537,4.18,2,17d4ce1e68247e20b48538fc3d6e70f9-~1746760017537-~233498046,app-ios,81.6,0,待定,2025/5/9 13:29,2025/5/9 23:55,1,2025/5/9 13:46,NULL
526130,25050974872379,233498046,1,已付款,2025/5/9 13:30,1746760017537,1.4,2,17d4ce1e68247e20b48538fc3d6e70f9-~1746760017537-~233498046,app-ios,46.83,0,待定,2025/5/9 13:30,2025/5/9 23:55,1,2025/5/9 13:47,NULL
526151,25050937878729,233498046,1,已付款,2025/5/9 13:30,1746760017537,2.78,2,17d4ce1e68247e20b48538fc3d6e70f9-~1746760017537-~233498046,app-ios,34.77,0,待定,2025/5/9 13:30,2025/5/9 23:55,1,2025/5/9 13:47,NULL
526347,25050974900279,231561881,1,已付款,2025/5/9 13:31,1746750813935,5.05,2,17d4ce1e68247e20b48538fc3d6e70f9-~1746750813935-~231561881,app-ios,101,0,待定,2025/5/9 13:32,2025/5/9 23:55,1,2025/5/9 13:48,NULL
527015,25050974789479,231561881,1,已付款,2025/5/9 13:35,1746748079414,3.39,2,17d4ce1e68247e20b48538fc3d6e70f9-~1746748079414-~231561881,app-ios,42.4,0,待定,2025/5/9 13:35,2025/5/9 23:55,1,2025/5/9 13:52,NULL
527097,25050967495756,231561881,1,已下单,2025/5/9 13:33,1746752760757,7.63,2,17d4ce1e68247e20b48538fc3d6e70f9-~1746752760757-~231561881,app-ios,109,0,待定,2025/5/9 13:36,2025/5/9 23:55,1,2025/5/9 13:50,NULL
527287,25050918307904,231561881,1,已付款,2025/5/9 13:35,1746752760757,5.05,2,17d4ce1e68247e20b48538fc3d6e70f9-~1746752760757-~231561881,app-ios,33.69,0,待定,2025/5/9 13:38,2025/5/9 23:55,1,2025/5/9 13:52,NULL
527460,25050921340285,231561881,1,已付款,2025/5/9 13:39,1746711008580,24.21,2,17d4ce1e68247e20b48538fc3d6e70f9-~1746711008580-~231561881,app-ios,345.84,0,待定,2025/5/9 13:40,2025/5/9 23:55,1,2025/5/9 13:56,NULL
527797,25050966488556,231576604,1,已付款,2025/5/9 13:37,1746585858791,0,2,dd391ccef6b13960d42d394c8934fc97-~1746585858791-~231576604,app-android,17.14,1,/,2025/5/9 13:41,2025/5/9 23:55,0,NULL,NULL
527852,25050936729729,233762582,1,已付款,2025/5/9 13:41,1746710925660,0,2,dd391ccef6b13960d42d394c8934fc97-~1746710925660-~233762582,app-android,162,1,/,2025/5/9 13:41,2025/5/9 23:55,0,NULL,NULL
527905,25050918079004,233498054,1,已付款,2025/5/9 13:42,1746748264884,0.1,2,dd391ccef6b13960d42d394c8934fc97-~1746748264884-~233498054,app-android,1,0,待定,2025/5/9 13:42,2025/5/9 23:55,1,2025/5/9 13:59,NULL
528072,25050955796539,231576604,1,已付款,2025/5/9 13:44,1746714644279,9.44,2,dd391ccef6b13960d42d394c8934fc97-~1746714644279-~231576604,app-android,67.42,0,待定,2025/5/9 13:44,2025/5/9 23:55,1,2025/5/9 14:01,NULL
528365,25050982639769,233460954,1,已付款,2025/5/9 13:45,1746757307877,46.38,2,dd391ccef6b13960d42d394c8934fc97-~1746757307877-~233460954,app-android,579.7,0,待定,2025/5/9 13:45,2025/5/9 23:55,1,2025/5/9 14:02,NULL
528734,25050954870139,233762542,1,已付款,2025/5/9 13:48,1746768396115,7.11,2,17d4ce1e68247e20b48538fc3d6e70f9-~1746768396115-~233762542,app-ios,237,0,待定,2025/5/9 13:49,2025/5/9 23:55,1,2025/5/9 14:05,NULL
529195,25050918703704,233502029,1,已付款,2025/5/9 13:50,1746760181052,24.06,2,dd391ccef6b13960d42d394c8934fc97-~1746760181052-~233502029,app-android,300.7,0,待定,2025/5/9 13:50,2025/5/9 23:55,1,2025/5/9 14:07,NULL
529201,25050973556079,231576604,1,已付款,2025/5/9 13:50,1746711990313,0,2,dd391ccef6b13960d42d394c8934fc97-~1746711990313-~231576604,app-android,55.9,1,/,2025/5/9 13:50,2025/5/9 23:55,0,NULL,NULL
529420,25050928137810,233502029,1,已付款,2025/5/9 13:53,1746719651909,6.2,2,dd391ccef6b13960d42d394c8934fc97-~1746719651909-~233502029,app-android,124,0,待定,2025/5/9 13:53,2025/5/9 23:55,1,2025/5/9 14:10,NULL
529428,25050918671404,231576604,0,已失效,2025/5/9 13:52,1746713144153,33.67,2,dd391ccef6b13960d42d394c8934fc97-~1746713144153-~231576604,app-android,569,0,待定,2025/5/9 13:53,2025/5/9 23:55,1,2025/5/9 14:09,NULL
529528,25050937256129,231561881,1,已付款,2025/5/9 13:53,1746759232421,0.63,2,17d4ce1e68247e20b48538fc3d6e70f9-~1746759232421-~231561881,app-ios,126,0,待定,2025/5/9 13:54,2025/5/9 23:55,1,2025/5/9 14:10,NULL
529668,25050954735739,233762542,1,已付款,2025/5/9 13:54,1746754755187,0,2,17d4ce1e68247e20b48538fc3d6e70f9-~1746754755187-~233762542,app-ios,1,0,待定,2025/5/9 13:55,2025/5/9 23:55,0,NULL,NULL
530193,25050983067369,233502003,1,已付款,2025/5/9 13:58,1746758669239,2.19,2,17d4ce1e68247e20b48538fc3d6e70f9-~1746758669239-~233502003,app-ios,27.4,0,待定,2025/5/9 13:58,2025/5/9 23:55,1,2025/5/9 14:15,NULL
530228,25050921729485,233476754,1,已付款,2025/5/9 13:58,1746700863131,0,2,17d4ce1e68247e20b48538fc3d6e70f9-~1746700863131-~233476754,app-ios,120,1,/,2025/5/9 13:58,2025/5/9 23:55,0,NULL,NULL
530768,25050918460604,231561881,1,已付款,2025/5/9 14:01,1746708960797,8.33,2,17d4ce1e68247e20b48538fc3d6e70f9-~1746708960797-~231561881,app-ios,119,0,待定,2025/5/9 14:01,2025/5/9 23:55,1,2025/5/9 14:18,NULL
530978,25050921550685,231576604,0,已失效,2025/5/9 14:04,1746770186205,0,2,dd391ccef6b13960d42d394c8934fc97-~1746770186205-~231576604,app-android,705,1,/,2025/5/9 14:04,2025/5/9 23:55,0,NULL,NULL
531624,25050982801269,231576604,1,已付款,2025/5/9 14:07,1746713144153,1.56,2,dd391ccef6b13960d42d394c8934fc97-~1746713144153-~231576604,app-android,52,0,待定,2025/5/9 14:07,2025/5/9 23:55,1,2025/5/9 14:24,NULL
531628,25050942019949,231576604,1,已付款,2025/5/9 14:07,1746713144153,5.55,2,dd391ccef6b13960d42d394c8934fc97-~1746713144153-~231576604,app-android,185,0,待定,2025/5/9 14:07,2025/5/9 23:55,1,2025/5/9 14:24,NULL
531629,25050982801069,231576604,1,已付款,2025/5/9 14:07,1746713144153,26.56,2,dd391ccef6b13960d42d394c8934fc97-~1746713144153-~231576604,app-android,332,0,待定,2025/5/9 14:07,2025/5/9 23:55,1,2025/5/9 14:24,NULL
532453,25050927589010,231576604,1,已付款,2025/5/9 14:13,1746525274186,0,2,dd391ccef6b13960d42d394c8934fc97-~1746525274186-~231576604,app-android,57,1,/,2025/5/9 14:13,2025/5/9 23:55,0,NULL,NULL
532533,25050981780969,231561881,1,已付款,2025/5/9 14:14,1746718124324,2.9,2,17d4ce1e68247e20b48538fc3d6e70f9-~1746718124324-~231561881,app-ios,96.62,0,待定,2025/5/9 14:14,2025/5/9 23:55,1,2025/5/9 14:30,NULL
532803,25050941822549,233502003,1,已付款,2025/5/9 14:15,1746717847019,4.84,2,17d4ce1e68247e20b48538fc3d6e70f9-~1746717847019-~233502003,app-ios,60.5,0,待定,2025/5/9 14:15,2025/5/9 23:55,1,2025/5/9 14:32,NULL
533085,25050959710485,233476754,1,已付款,2025/5/9 14:18,1746749442054,2.97,2,17d4ce1e68247e20b48538fc3d6e70f9-~1746749442054-~233476754,app-ios,37.1,0,待定,2025/5/9 14:18,2025/5/9 23:55,1,2025/5/9 14:35,NULL
533092,25050940888749,231576604,1,已付款,2025/5/9 14:18,1746764007900,15.6,2,dd391ccef6b13960d42d394c8934fc97-~1746764007900-~231576604,app-android,195,0,待定,2025/5/9 14:18,2025/5/9 23:55,1,2025/5/9 14:35,NULL
533115,25050959636185,233498046,1,已付款,2025/5/9 14:18,1746768181041,9.24,2,17d4ce1e68247e20b48538fc3d6e70f9-~1746768181041-~233498046,app-ios,132,0,待定,2025/5/9 14:19,2025/5/9 23:55,1,2025/5/9 14:35,NULL
533173,25050926581510,231576604,1,已付款,2025/5/9 14:19,1746756719399,5.18,2,dd391ccef6b13960d42d394c8934fc97-~1746756719399-~231576604,app-android,64.7,0,待定,2025/5/9 14:19,2025/5/9 23:55,1,2025/5/9 14:36,NULL
533624,25050926612010,233498046,1,已付款,2025/5/9 14:21,1746768181041,7.35,2,17d4ce1e68247e20b48538fc3d6e70f9-~1746768181041-~233498046,app-ios,105,0,待定,2025/5/9 14:21,2025/5/9 23:55,1,2025/5/9 14:38,NULL
533778,25050954015139,233762582,1,已付款,2025/5/9 14:23,1746672805774,6.27,2,dd391ccef6b13960d42d394c8934fc97-~1746672805774-~233762582,app-android,144.1,0,待定,2025/5/9 14:23,2025/5/9 23:55,1,2025/5/9 14:39,NULL
533821,25050935688029,231561881,1,已付款,2025/5/9 14:23,1746768125699,36.72,2,17d4ce1e68247e20b48538fc3d6e70f9-~1746768125699-~231561881,app-ios,183.58,0,待定,2025/5/9 14:24,2025/5/9 23:55,1,2025/5/9 14:40,NULL
534387,25050940693549,231561881,1,已付款,2025/5/9 14:26,1746770070724,1.26,5,17d4ce1e68247e20b48538fc3d6e70f9-~1746770070724-~231561881,app-ios,47,0,待定,2025/5/9 14:26,2025/5/9 23:55,1,2025/5/9 14:43,NULL
534564,25050940646149,233502003,1,已付款,2025/5/9 14:28,1746771207768,5.66,2,17d4ce1e68247e20b48538fc3d6e70f9-~1746771207768-~233502003,app-ios,113.51,0,待定,2025/5/9 14:28,2025/5/9 23:55,1,2025/5/9 14:45,NULL
534567,25050982248769,231576604,1,已付款,2025/5/9 14:28,1746768449645,0,2,dd391ccef6b13960d42d394c8934fc97-~1746768449645-~231576604,app-android,62.7,1,/,2025/5/9 14:28,2025/5/9 23:55,0,NULL,NULL
535918,25050982077669,231576604,0,已失效,2025/5/9 14:37,1746746004760,28,2,dd391ccef6b13960d42d394c8934fc97-~1746746004760-~231576604,app-android,326,0,待定,2025/5/9 14:37,2025/5/9 23:55,1,2025/5/9 14:54,NULL
536631,25050935157629,233762542,1,已付款,2025/5/9 14:42,1746772735113,2.07,1,17d4ce1e68247e20b48538fc3d6e70f9-~1746772735113-~233762542,app-ios,69,0,待定,2025/5/9 14:43,2025/5/9 23:55,1,2025/5/9 14:59,NULL
536655,25050986023179,233476754,1,已付款,2025/5/9 14:43,1746705988794,21.54,2,17d4ce1e68247e20b48538fc3d6e70f9-~1746705988794-~233476754,app-ios,126.7,0,待定,2025/5/9 14:43,2025/5/9 23:55,1,2025/5/9 15:00,NULL
537386,25050979459749,233498046,1,已付款,2025/5/9 14:49,1746751128749,0,2,17d4ce1e68247e20b48538fc3d6e70f9-~1746751128749-~233498046,app-ios,315.28,1,/,2025/5/9 14:49,2025/5/9 23:55,0,NULL,NULL
537426,25050935016129,231576604,0,已失效,2025/5/9 14:49,1746764091558,0,2,dd391ccef6b13960d42d394c8934fc97-~1746764091558-~231576604,app-android,108.15,1,/,2025/5/9 14:49,2025/5/9 23:55,0,NULL,NULL
538541,25050916936304,231561881,1,已付款,2025/5/9 14:55,1746772925250,256.34,2,17d4ce1e68247e20b48538fc3d6e70f9-~1746772925250-~231561881,app-ios,3662,0,待定,2025/5/9 14:56,2025/5/9 23:55,1,2025/5/9 15:12,NULL
538573,25050980735469,233762542,1,已付款,2025/5/9 14:56,1746772973592,14.55,2,17d4ce1e68247e20b48538fc3d6e70f9-~1746772973592-~233762542,app-ios,207.83,0,待定,2025/5/9 14:56,2025/5/9 23:55,1,2025/5/9 15:13,NULL
538689,25050926379610,231576604,1,已付款,2025/5/9 14:58,1746752629070,0,2,dd391ccef6b13960d42d394c8934fc97-~1746752629070-~231576604,app-android,95.7,1,/,2025/5/9 14:58,2025/5/9 23:55,0,NULL,NULL
538702,25050939916139,231576604,1,已付款,2025/5/9 14:58,1746752629070,0,2,dd391ccef6b13960d42d394c8934fc97-~1746752629070-~231576604,app-android,9.9,1,/,2025/5/9 14:58,2025/5/9 23:55,0,NULL,NULL
539359,25050935408629,231576604,1,已付款,2025/5/9 15:03,1746751164282,3.05,2,dd391ccef6b13960d42d394c8934fc97-~1746751164282-~231576604,app-android,61,0,待定,2025/5/9 15:04,2025/5/9 23:55,1,2025/5/9 15:20,NULL
539983,25050985458279,231561881,1,已付款,2025/5/9 15:08,1746750761243,6.27,2,17d4ce1e68247e20b48538fc3d6e70f9-~1746750761243-~231561881,app-ios,209,0,待定,2025/5/9 15:08,2025/5/9 23:55,1,2025/5/9 15:25,NULL
540169,25050958312985,231561881,1,已付款,2025/5/9 15:10,1746774368764,5.12,2,17d4ce1e68247e20b48538fc3d6e70f9-~1746774368764-~231561881,app-ios,69,0,待定,2025/5/9 15:10,2025/5/9 23:55,1,2025/5/9 15:26,NULL
540519,25050950919856,231576604,0,已失效,2025/5/9 15:11,1746774262871,4.17,2,dd391ccef6b13960d42d394c8934fc97-~1746774262871-~231576604,app-android,379,0,待定,2025/5/9 15:11,2025/5/9 23:55,1,2025/5/9 15:28,NULL
540541,25050950922556,233498054,0,已失效,2025/5/9 15:11,1746712153443,0,2,dd391ccef6b13960d42d394c8934fc97-~1746712153443-~233498054,app-android,110.25,1,/,2025/5/9 15:11,2025/5/9 23:55,0,NULL,NULL
540569,25050958251585,233498054,1,已付款,2025/5/9 15:11,1746712153443,0,2,dd391ccef6b13960d42d394c8934fc97-~1746712153443-~233498054,app-android,30.41,1,/,2025/5/9 15:11,2025/5/9 23:55,0,NULL,NULL
540572,25050950931456,233498054,1,已付款,2025/5/9 15:11,1746712153443,0,2,dd391ccef6b13960d42d394c8934fc97-~1746712153443-~233498054,app-android,79.84,1,/,2025/5/9 15:11,2025/5/9 23:55,0,NULL,NULL
540631,25050934396229,231561881,0,已失效,2025/5/9 15:12,1746773607128,1.84,2,17d4ce1e68247e20b48538fc3d6e70f9-~1746773607128-~231561881,app-ios,124,0,待定,2025/5/9 15:12,2025/5/9 23:55,1,2025/5/9 15:29,NULL
541292,25050940218639,231561881,1,已付款,2025/5/9 15:17,1746765334326,25.2,2,17d4ce1e68247e20b48538fc3d6e70f9-~1746765334326-~231561881,app-ios,360,0,待定,2025/5/9 15:17,2025/5/9 23:55,1,2025/5/9 15:34,NULL
541392,25050980189669,233762542,1,已付款,2025/5/9 15:15,1746720438092,15.51,2,17d4ce1e68247e20b48538fc3d6e70f9-~1746720438092-~233762542,app-ios,222,0,待定,2025/5/9 15:19,2025/5/9 23:55,1,2025/5/9 15:32,NULL
541874,25050950795256,233762542,1,已付款,2025/5/9 15:17,1746720438092,7.26,2,17d4ce1e68247e20b48538fc3d6e70f9-~1746720438092-~233762542,app-ios,242,0,待定,2025/5/9 15:21,2025/5/9 23:55,1,2025/5/9 15:34,NULL
541941,25050950733256,233762542,1,已付款,2025/5/9 15:18,1746720438092,4.08,2,17d4ce1e68247e20b48538fc3d6e70f9-~1746720438092-~233762542,app-ios,136,0,待定,2025/5/9 15:22,2025/5/9 23:55,1,2025/5/9 15:35,NULL
541981,25050934131329,231576604,1,已付款,2025/5/9 15:22,1746769132291,15.27,2,dd391ccef6b13960d42d394c8934fc97-~1746769132291-~231576604,app-android,509,0,待定,2025/5/9 15:22,2025/5/9 23:55,1,2025/5/9 15:38,NULL
542016,25050938089310,231561881,1,已付款,2025/5/9 15:23,1746773607128,0.94,2,17d4ce1e68247e20b48538fc3d6e70f9-~1746773607128-~231561881,app-ios,94,0,待定,2025/5/9 15:23,2025/5/9 23:55,1,2025/5/9 15:40,NULL
542025,25050984214679,231561881,1,已付款,2025/5/9 15:23,1746773607128,0.9,2,17d4ce1e68247e20b48538fc3d6e70f9-~1746773607128-~231561881,app-ios,30,0,待定,2025/5/9 15:23,2025/5/9 23:55,1,2025/5/9 15:40,NULL
542029,25050984252879,233762542,1,已付款,2025/5/9 15:20,1746720438092,5.37,2,17d4ce1e68247e20b48538fc3d6e70f9-~1746720438092-~233762542,app-ios,179,0,待定,2025/5/9 15:23,2025/5/9 23:55,1,2025/5/9 15:37,NULL
542090,25050938825910,231576604,1,已付款,2025/5/9 15:24,1746774563701,0,2,dd391ccef6b13960d42d394c8934fc97-~1746774563701-~231576604,app-android,1,1,/,2025/5/9 15:24,2025/5/9 23:55,0,NULL,NULL
542716,25050978462049,233762542,1,已付款,2025/5/9 15:25,1746720438092,7.7,2,17d4ce1e68247e20b48538fc3d6e70f9-~1746720438092-~233762542,app-ios,110,0,待定,2025/5/9 15:28,2025/5/9 23:55,1,2025/5/9 15:42,NULL
543256,25050955358404,233762542,0,已失效,2025/5/9 15:30,1746759509917,1.51,2,17d4ce1e68247e20b48538fc3d6e70f9-~1746759509917-~233762542,app-ios,116.05,0,待定,2025/5/9 15:30,2025/5/9 23:55,1,2025/5/9 15:47,NULL
543280,25050938611210,233762542,1,已付款,2025/5/9 15:31,1746759509917,1.11,2,17d4ce1e68247e20b48538fc3d6e70f9-~1746759509917-~233762542,app-ios,37.05,0,待定,2025/5/9 15:31,2025/5/9 23:55,1,2025/5/9 15:48,NULL
543283,25050980596069,233762542,1,已付款,2025/5/9 15:31,1746759509917,0.4,2,17d4ce1e68247e20b48538fc3d6e70f9-~1746759509917-~233762542,app-ios,79,0,待定,2025/5/9 15:31,2025/5/9 23:55,1,2025/5/9 15:48,NULL
543451,25050934649929,234061612,1,已付款,2025/5/9 15:33,1746770830395,0,2,17d4ce1e68247e20b48538fc3d6e70f9-~1746770830395-~234061612,app-ios,145,1,/,2025/5/9 15:34,2025/5/9 23:55,0,NULL,NULL
543535,25050938600410,231561881,1,已付款,2025/5/9 15:34,1746758624063,0,2,17d4ce1e68247e20b48538fc3d6e70f9-~1746758624063-~231561881,app-ios,85,1,/,2025/5/9 15:35,2025/5/9 23:55,0,NULL,NULL
543539,25050951154456,231561881,0,已失效,2025/5/9 15:34,1746758624063,0,2,17d4ce1e68247e20b48538fc3d6e70f9-~1746758624063-~231561881,app-ios,228,1,/,2025/5/9 15:35,2025/5/9 23:55,0,NULL,NULL
543563,25050938922339,231561881,1,已付款,2025/5/9 15:34,1746758624063,0,2,17d4ce1e68247e20b48538fc3d6e70f9-~1746758624063-~231561881,app-ios,143,1,/,2025/5/9 15:35,2025/5/9 23:55,0,NULL,NULL
544080,25050955210204,231561881,1,已下单,2025/5/9 15:37,1746750831897,8.45,2,17d4ce1e68247e20b48538fc3d6e70f9-~1746750831897-~231561881,app-ios,169,0,待定,2025/5/9 15:37,2025/5/9 23:55,1,2025/5/9 15:54,NULL
544091,25050979001649,231561881,1,已付款,2025/5/9 15:37,1746758624063,0,2,17d4ce1e68247e20b48538fc3d6e70f9-~1746758624063-~231561881,app-ios,139,1,/,2025/5/9 15:37,2025/5/9 23:55,0,NULL,NULL
544711,25050937627510,231561881,1,已付款,2025/5/9 15:40,1746705780766,16.18,2,17d4ce1e68247e20b48538fc3d6e70f9-~1746705780766-~231561881,app-ios,174,0,待定,2025/5/9 15:40,2025/5/9 23:55,1,2025/5/9 15:57,NULL
544830,25050978813749,231561881,1,已付款,2025/5/9 15:42,1746694672858,1.06,2,17d4ce1e68247e20b48538fc3d6e70f9-~1746694672858-~231561881,app-ios,15.2,0,待定,2025/5/9 15:42,2025/5/9 23:55,1,2025/5/9 15:58,NULL
544862,25050978808249,231561881,1,已付款,2025/5/9 15:42,1746717236635,0,2,17d4ce1e68247e20b48538fc3d6e70f9-~1746717236635-~231561881,app-ios,127.04,1,/,2025/5/9 15:42,2025/5/9 23:55,0,NULL,NULL
544891,25050984522179,233460954,0,已失效,2025/5/9 15:42,1746761503941,11.83,2,dd391ccef6b13960d42d394c8934fc97-~1746761503941-~233460954,app-android,169,0,待定,2025/5/9 15:42,2025/5/9 23:55,1,2025/5/9 15:59,NULL
544965,25050957462185,231576604,1,已付款,2025/5/9 15:43,1746697532508,0,2,dd391ccef6b13960d42d394c8934fc97-~1746697532508-~231576604,app-android,18.3,1,/,2025/5/9 15:43,2025/5/9 23:55,0,NULL,NULL
544966,25050946664329,231576604,1,已付款,2025/5/9 15:43,1746697532508,0,2,dd391ccef6b13960d42d394c8934fc97-~1746697532508-~231576604,app-android,174.66,1,/,2025/5/9 15:43,2025/5/9 23:55,0,NULL,NULL
544967,25050957444585,231576604,0,已失效,2025/5/9 15:43,1746697532508,0,2,dd391ccef6b13960d42d394c8934fc97-~1746697532508-~231576604,app-android,192.96,1,/,2025/5/9 15:43,2025/5/9 23:55,0,NULL,NULL
544977,25050950061956,233762542,1,已付款,2025/5/9 15:43,1746776130603,0,2,17d4ce1e68247e20b48538fc3d6e70f9-~1746776130603-~233762542,app-ios,97,1,/,2025/5/9 15:43,2025/5/9 23:55,0,NULL,NULL
545012,25050946681129,233762542,1,已付款,2025/5/9 15:44,1746776049475,0,2,17d4ce1e68247e20b48538fc3d6e70f9-~1746776049475-~233762542,app-ios,87,1,/,2025/5/9 15:44,2025/5/9 23:55,0,NULL,NULL
545589,25050939431739,231576604,0,已失效,2025/5/9 15:46,1746741639522,12.07,2,dd391ccef6b13960d42d394c8934fc97-~1746741639522-~231576604,app-android,149,0,待定,2025/5/9 15:46,2025/5/9 23:55,1,2025/5/9 16:02,NULL
545595,25050954128504,231576604,1,已付款,2025/5/9 15:46,1746752541204,0,2,dd391ccef6b13960d42d394c8934fc97-~1746752541204-~231576604,app-android,23.1,1,/,2025/5/9 15:46,2025/5/9 23:55,0,NULL,NULL
545784,25050946596829,231561881,1,已付款,2025/5/9 15:48,1746774623882,20.3,2,17d4ce1e68247e20b48538fc3d6e70f9-~1746774623882-~231561881,app-ios,203,0,待定,2025/5/9 15:48,2025/5/9 23:55,1,2025/5/9 16:05,NULL
549000,25050957715185,231561881,1,已付款,2025/5/9 16:05,1746776590178,8.05,2,17d4ce1e68247e20b48538fc3d6e70f9-~1746776590178-~231561881,app-ios,100.63,0,待定,2025/5/9 16:06,2025/5/9 23:55,1,2025/5/9 16:22,NULL
549018,25050954432804,231576604,1,已付款,2025/5/9 16:05,1746771117706,1.04,2,dd391ccef6b13960d42d394c8934fc97-~1746771117706-~231576604,app-android,11.6,0,待定,2025/5/9 16:06,2025/5/9 23:55,1,2025/5/9 16:22,NULL
549138,25050957657485,233502003,1,已付款,2025/5/9 16:07,1746719597982,0,2,17d4ce1e68247e20b48538fc3d6e70f9-~1746719597982-~233502003,app-ios,250.2,0,待定,2025/5/9 16:07,2025/5/9 23:55,0,NULL,NULL
549450,25050950978856,231561881,1,已付款,2025/5/9 16:09,1746521443996,0,2,17d4ce1e68247e20b48538fc3d6e70f9-~1746521443996-~231561881,app-ios,62,1,/,2025/5/9 16:10,2025/5/9 23:55,0,NULL,NULL
550019,25050966421969,231576604,1,已付款,2025/5/9 16:13,1746754184838,0.77,2,dd391ccef6b13960d42d394c8934fc97-~1746754184838-~231576604,app-android,77,0,待定,2025/5/9 16:13,2025/5/9 23:55,1,2025/5/9 16:30,NULL
550169,25050953414304,233502003,1,已付款,2025/5/9 16:14,1746777444802,18.4,2,17d4ce1e68247e20b48538fc3d6e70f9-~1746777444802-~233502003,app-ios,368,0,待定,2025/5/9 16:14,2025/5/9 23:55,1,2025/5/9 16:31,NULL
551687,25050953230904,233498054,1,已付款,2025/5/9 16:23,1746763800550,0,2,dd391ccef6b13960d42d394c8934fc97-~1746763800550-~233498054,app-android,5.67,1,/,2025/5/9 16:24,2025/5/9 23:55,0,NULL,NULL
552468,25050965252269,231576604,1,已付款,2025/5/9 16:28,1746778875217,1.75,2,dd391ccef6b13960d42d394c8934fc97-~1746778875217-~231576604,app-android,35,0,待定,2025/5/9 16:29,2025/5/9 23:55,1,2025/5/9 16:45,NULL
553106,25050965141469,233762542,1,已付款,2025/5/9 16:32,1746772893028,13.93,2,17d4ce1e68247e20b48538fc3d6e70f9-~1746772893028-~233762542,app-ios,199,0,待定,2025/5/9 16:33,2025/5/9 23:55,1,2025/5/9 16:49,NULL
553211,25050946194329,231561881,1,已付款,2025/5/9 16:34,1746745574432,0.08,2,17d4ce1e68247e20b48538fc3d6e70f9-~1746745574432-~231561881,app-ios,15.9,0,待定,2025/5/9 16:34,2025/5/9 23:55,1,2025/5/9 16:51,NULL
553762,25050937409939,233502003,0,已失效,2025/5/9 16:36,1746743044480,2.91,2,17d4ce1e68247e20b48538fc3d6e70f9-~1746743044480-~233502003,app-ios,97,0,待定,2025/5/9 16:36,2025/5/9 23:55,1,2025/5/9 16:53,NULL
553791,25050983120279,233502003,1,已付款,2025/5/9 16:36,1746743044480,1.31,2,17d4ce1e68247e20b48538fc3d6e70f9-~1746743044480-~233502003,app-ios,43.52,0,待定,2025/5/9 16:37,2025/5/9 23:55,1,2025/5/9 16:53,NULL
553810,25050937433539,233502003,1,已付款,2025/5/9 16:36,1746743044480,1.6,2,17d4ce1e68247e20b48538fc3d6e70f9-~1746743044480-~233502003,app-ios,53.49,0,待定,2025/5/9 16:37,2025/5/9 23:55,1,2025/5/9 16:53,NULL
553950,25050983108979,231576604,1,已付款,2025/5/9 16:36,1746757165141,113.46,2,dd391ccef6b13960d42d394c8934fc97-~1746757165141-~231576604,app-ios,1512,0,待定,2025/5/9 16:39,2025/5/9 23:55,1,2025/5/9 16:53,NULL
554054,25050937313439,231576604,1,已付款,2025/5/9 16:40,1746750583483,0,2,dd391ccef6b13960d42d394c8934fc97-~1746750583483-~231576604,app-android,34.43,1,/,2025/5/9 16:40,2025/5/9 23:55,0,NULL,NULL
554507,25050946064529,233762542,0,已失效,2025/5/9 16:41,1746749804825,6.84,2,17d4ce1e68247e20b48538fc3d6e70f9-~1746749804825-~233762542,app-ios,97.74,0,待定,2025/5/9 16:41,2025/5/9 23:55,1,2025/5/9 16:58,NULL
554511,25050936920910,233498054,0,已失效,2025/5/9 16:38,1746720514071,0,2,dd391ccef6b13960d42d394c8934fc97-~1746720514071-~233498054,app-ios,1336.5,1,/,2025/5/9 16:41,2025/5/9 23:55,0,NULL,NULL
554520,25050949476356,233762542,1,已付款,2025/5/9 16:41,1746749804825,2.16,2,17d4ce1e68247e20b48538fc3d6e70f9-~1746749804825-~233762542,app-ios,30.91,0,待定,2025/5/9 16:41,2025/5/9 23:55,1,2025/5/9 16:58,NULL
554526,25050936911810,233762542,1,已付款,2025/5/9 16:41,1746749804825,4.68,2,17d4ce1e68247e20b48538fc3d6e70f9-~1746749804825-~233762542,app-ios,66.83,0,待定,2025/5/9 16:41,2025/5/9 23:55,1,2025/5/9 16:58,NULL
554616,25050949442156,233498054,1,已付款,2025/5/9 16:39,1746720514071,0,2,dd391ccef6b13960d42d394c8934fc97-~1746720514071-~233498054,app-ios,1200.5,1,/,2025/5/9 16:43,2025/5/9 23:55,0,NULL,NULL
554685,25050938030939,233762582,1,已付款,2025/5/9 16:44,1746774980815,0.19,2,dd391ccef6b13960d42d394c8934fc97-~1746774980815-~233762582,app-android,37.81,0,待定,2025/5/9 16:44,2025/5/9 23:55,1,2025/5/9 17:01,NULL
555247,25050965676669,231576604,1,已付款,2025/5/9 16:47,1746777245757,13.97,2,dd391ccef6b13960d42d394c8934fc97-~1746777245757-~231576604,app-android,127,0,待定,2025/5/9 16:47,2025/5/9 23:55,1,2025/5/9 17:04,NULL
555315,25050948421356,233502029,1,已付款,2025/5/9 16:48,1746709967141,37.15,2,dd391ccef6b13960d42d394c8934fc97-~1746709967141-~233502029,app-android,397,0,待定,2025/5/9 16:48,2025/5/9 23:55,1,2025/5/9 17:05,NULL
555332,25050977195349,233762542,1,已付款,2025/5/9 16:48,1746696905765,3.62,2,17d4ce1e68247e20b48538fc3d6e70f9-~1746696905765-~233762542,app-ios,120.6,0,待定,2025/5/9 16:49,2025/5/9 23:55,1,2025/5/9 17:05,NULL
555339,25050945015629,233502029,1,已付款,2025/5/9 16:48,1746709967141,17.29,2,dd391ccef6b13960d42d394c8934fc97-~1746709967141-~233502029,app-android,247,0,待定,2025/5/9 16:49,2025/5/9 23:55,1,2025/5/9 17:05,NULL
555960,25050937796539,233502029,1,已付款,2025/5/9 16:52,1746709967141,26.46,2,dd391ccef6b13960d42d394c8934fc97-~1746709967141-~233502029,app-android,378,0,待定,2025/5/9 16:52,2025/5/9 23:55,1,2025/5/9 17:09,NULL
556095,25050955701385,231576604,0,已失效,2025/5/9 16:54,1746746004760,20.9,2,dd391ccef6b13960d42d394c8934fc97-~1746746004760-~231576604,app-android,418,0,待定,2025/5/9 16:54,2025/5/9 23:55,1,2025/5/9 17:11,NULL
556596,25050937772039,231561881,1,已付款,2025/5/9 16:55,1746722246210,41.54,2,17d4ce1e68247e20b48538fc3d6e70f9-~1746722246210-~231561881,app-ios,624,0,待定,2025/5/9 16:55,2025/5/9 23:55,1,2025/5/9 17:12,NULL
556619,25050977055949,231561881,0,已失效,2025/5/9 16:56,1746760438292,0,2,17d4ce1e68247e20b48538fc3d6e70f9-~1746760438292-~231561881,app-ios,552,1,/,2025/5/9 16:56,2025/5/9 23:55,0,NULL,NULL
556634,25050976148449,233502029,1,已付款,2025/5/9 16:56,1746701553896,0,2,dd391ccef6b13960d42d394c8934fc97-~1746701553896-~233502029,app-android,18.8,1,/,2025/5/9 16:56,2025/5/9 23:55,0,NULL,NULL
556657,25050952377004,231561881,1,已付款,2025/5/9 16:56,1746760438292,0,2,17d4ce1e68247e20b48538fc3d6e70f9-~1746760438292-~231561881,app-ios,96,1,/,2025/5/9 16:56,2025/5/9 23:55,0,NULL,NULL
556663,25050935716710,231561881,1,已付款,2025/5/9 16:56,1746760438292,0,2,17d4ce1e68247e20b48538fc3d6e70f9-~1746760438292-~231561881,app-ios,456,1,/,2025/5/9 16:56,2025/5/9 23:55,0,NULL,NULL
557505,25050936367610,233502003,0,已失效,2025/5/9 17:02,1746780786588,8.32,2,17d4ce1e68247e20b48538fc3d6e70f9-~1746780786588-~233502003,app-ios,118.88,0,待定,2025/5/9 17:03,2025/5/9 23:55,1,2025/5/9 17:19,NULL
557591,25050964436269,233762542,0,已失效,2025/5/9 17:03,1746709711906,4.22,2,17d4ce1e68247e20b48538fc3d6e70f9-~1746709711906-~233762542,app-ios,127,0,待定,2025/5/9 17:04,2025/5/9 23:55,1,2025/5/9 17:20,NULL
558178,25050956271385,231576604,1,已下单,2025/5/9 17:05,1746749217205,1.15,2,dd391ccef6b13960d42d394c8934fc97-~1746749217205-~231576604,app-android,38.2,0,待定,2025/5/9 17:06,2025/5/9 23:55,1,2025/5/9 17:22,NULL
558301,25050975979949,231576604,1,已付款,2025/5/9 17:07,1746768800440,0,2,dd391ccef6b13960d42d394c8934fc97-~1746768800440-~231576604,app-android,298,1,/,2025/5/9 17:07,2025/5/9 23:55,0,NULL,NULL
558329,25050952953304,233502003,1,已付款,2025/5/9 17:08,1746722471160,6.81,2,17d4ce1e68247e20b48538fc3d6e70f9-~1746722471160-~233502003,app-ios,227,0,待定,2025/5/9 17:08,2025/5/9 23:55,1,2025/5/9 17:25,NULL
558338,25050936639439,233762542,1,已付款,2025/5/9 17:07,1746711662730,0,2,17d4ce1e68247e20b48538fc3d6e70f9-~1746711662730-~233762542,app-ios,145,1,/,2025/5/9 17:08,2025/5/9 23:55,0,NULL,NULL
558360,25050945377629,233498046,1,已付款,2025/5/9 17:08,1746780191883,10.01,2,17d4ce1e68247e20b48538fc3d6e70f9-~1746780191883-~233498046,app-ios,143,0,待定,2025/5/9 17:08,2025/5/9 23:55,1,2025/5/9 17:25,NULL
559048,25050975864349,233762582,1,已付款,2025/5/9 17:11,1746706502826,0.4,2,dd391ccef6b13960d42d394c8934fc97-~1746706502826-~233762582,app-android,80,0,待定,2025/5/9 17:11,2025/5/9 23:55,1,2025/5/9 17:28,NULL
559094,25050945390329,231561881,1,已付款,2025/5/9 17:09,1746760545786,1.15,2,17d4ce1e68247e20b48538fc3d6e70f9-~1746760545786-~231561881,app-ios,115,0,待定,2025/5/9 17:12,2025/5/9 23:55,1,2025/5/9 17:26,NULL
559298,25050936111410,231561881,0,已失效,2025/5/9 17:14,1746760438292,0,2,17d4ce1e68247e20b48538fc3d6e70f9-~1746760438292-~231561881,app-ios,248,1,/,2025/5/9 17:14,2025/5/9 23:55,0,NULL,NULL
559537,25050976555349,231561881,1,已付款,2025/5/9 17:14,1746760438292,0,2,17d4ce1e68247e20b48538fc3d6e70f9-~1746760438292-~231561881,app-ios,82,1,/,2025/5/9 17:15,2025/5/9 23:55,0,NULL,NULL
559546,25050965001069,231561881,1,已付款,2025/5/9 17:14,1746760438292,0,2,17d4ce1e68247e20b48538fc3d6e70f9-~1746760438292-~231561881,app-ios,166,1,/,2025/5/9 17:15,2025/5/9 23:55,0,NULL,NULL
560039,25050956023885,233762542,1,已付款,2025/5/9 17:18,1746764612930,9.4,2,17d4ce1e68247e20b48538fc3d6e70f9-~1746764612930-~233762542,app-ios,313.02,0,待定,2025/5/9 17:18,2025/5/9 23:55,1,2025/5/9 17:35,NULL
560135,25050976467749,233762542,1,已付款,2025/5/9 17:19,1746764612930,13,2,17d4ce1e68247e20b48538fc3d6e70f9-~1746764612930-~233762542,app-ios,130,0,待定,2025/5/9 17:19,2025/5/9 23:55,1,2025/5/9 17:36,NULL
560205,25050948523656,233762542,1,已付款,2025/5/9 17:19,1746764612930,1.32,2,17d4ce1e68247e20b48538fc3d6e70f9-~1746764612930-~233762542,app-ios,132,0,待定,2025/5/9 17:20,2025/5/9 23:55,1,2025/5/9 17:36,NULL
560818,25050976430649,231576604,1,已付款,2025/5/9 17:22,1746760556633,0,2,dd391ccef6b13960d42d394c8934fc97-~1746760556633-~231576604,app-android,126.32,1,/,2025/5/9 17:22,2025/5/9 23:55,0,NULL,NULL
560825,25050976433749,233498046,1,已付款,2025/5/9 17:22,1746774491657,0,2,17d4ce1e68247e20b48538fc3d6e70f9-~1746774491657-~233498046,app-ios,266,1,/,2025/5/9 17:22,2025/5/9 23:55,0,NULL,NULL
561106,25050976382449,233762542,1,已付款,2025/5/9 17:24,1746704066621,0.12,2,17d4ce1e68247e20b48538fc3d6e70f9-~1746704066621-~233762542,app-ios,23.46,0,待定,2025/5/9 17:25,2025/5/9 23:55,1,2025/5/9 17:41,NULL
561109,25050937117039,233762542,1,已付款,2025/5/9 17:25,1746708227521,8.16,2,17d4ce1e68247e20b48538fc3d6e70f9-~1746708227521-~233762542,app-ios,272,0,待定,2025/5/9 17:25,2025/5/9 23:55,1,2025/5/9 17:42,NULL
561553,25050981992979,233762542,1,已付款,2025/5/9 17:25,1746721231310,6.63,2,17d4ce1e68247e20b48538fc3d6e70f9-~1746721231310-~233762542,app-ios,188.25,0,待定,2025/5/9 17:25,2025/5/9 23:55,1,2025/5/9 17:42,NULL
561587,25050937766939,231561881,1,已付款,2025/5/9 17:25,1746661929762,2.13,2,17d4ce1e68247e20b48538fc3d6e70f9-~1746661929762-~231561881,app-ios,70.9,0,待定,2025/5/9 17:26,2025/5/9 23:55,1,2025/5/9 17:42,NULL
561797,25050934984910,231561881,1,已付款,2025/5/9 17:28,1746782313524,3.58,2,17d4ce1e68247e20b48538fc3d6e70f9-~1746782313524-~231561881,app-ios,71.56,0,待定,2025/5/9 17:28,2025/5/9 23:55,1,2025/5/9 17:44,NULL
562603,25050951637804,231561881,1,已付款,2025/5/9 17:31,1746743574500,9.8,2,17d4ce1e68247e20b48538fc3d6e70f9-~1746743574500-~231561881,app-ios,140,0,待定,2025/5/9 17:32,2025/5/9 23:55,1,2025/5/9 17:48,NULL
564471,25050935882039,231576604,1,已付款,2025/5/9 17:43,1746757109122,0,2,dd391ccef6b13960d42d394c8934fc97-~1746757109122-~231576604,app-android,42.33,1,/,2025/5/9 17:43,2025/5/9 23:55,0,NULL,NULL
564498,25050935522910,231576604,1,已付款,2025/5/9 17:43,1746777245757,9.79,2,dd391ccef6b13960d42d394c8934fc97-~1746777245757-~231576604,app-android,89,0,待定,2025/5/9 17:43,2025/5/9 23:55,1,2025/5/9 18:00,NULL
564596,25050975071249,231576604,1,已付款,2025/5/9 17:44,1746714779024,5.67,5,dd391ccef6b13960d42d394c8934fc97-~1746714779024-~231576604,app-android,68,0,待定,2025/5/9 17:44,2025/5/9 23:55,1,2025/5/9 18:01,NULL
565152,25050935812239,231561881,1,已付款,2025/5/9 17:45,1746781073072,32.61,2,17d4ce1e68247e20b48538fc3d6e70f9-~1746781073072-~231561881,app-ios,465.86,0,待定,2025/5/9 17:45,2025/5/9 23:55,1,2025/5/9 18:02,NULL
565185,25050944555029,233762542,1,已付款,2025/5/9 17:46,1746711374097,0,2,17d4ce1e68247e20b48538fc3d6e70f9-~1746711374097-~233762542,app-ios,164,1,/,2025/5/9 17:46,2025/5/9 23:55,0,NULL,NULL
565350,25050935421110,233502003,1,已付款,2025/5/9 17:48,1746766021487,27.97,2,17d4ce1e68247e20b48538fc3d6e70f9-~1746766021487-~233502003,app-ios,373.87,0,待定,2025/5/9 17:48,2025/5/9 23:55,1,2025/5/9 18:05,NULL
565364,25050944506829,233502003,1,已付款,2025/5/9 17:48,1746766021487,1,2,17d4ce1e68247e20b48538fc3d6e70f9-~1746766021487-~233502003,app-ios,20,0,待定,2025/5/9 17:48,2025/5/9 23:55,1,2025/5/9 18:05,NULL
565392,25050935784439,231576604,1,已付款,2025/5/9 17:48,1746779243113,0.16,2,dd391ccef6b13960d42d394c8934fc97-~1746779243113-~231576604,app-android,21,0,待定,2025/5/9 17:49,2025/5/9 23:55,1,2025/5/9 18:05,NULL
565403,25050935793839,231561881,0,已失效,2025/5/9 17:48,1746719477340,1.6,2,17d4ce1e68247e20b48538fc3d6e70f9-~1746719477340-~231561881,app-ios,128,0,待定,2025/5/9 17:49,2025/5/9 23:55,1,2025/5/9 18:05,NULL
565424,25050935699839,231561881,1,已付款,2025/5/9 17:49,1746719477340,1.11,2,17d4ce1e68247e20b48538fc3d6e70f9-~1746719477340-~231561881,app-ios,37,0,待定,2025/5/9 17:49,2025/5/9 23:55,1,2025/5/9 18:06,NULL
565460,25050964304969,231561881,1,已付款,2025/5/9 17:49,1746719477340,0.49,2,17d4ce1e68247e20b48538fc3d6e70f9-~1746719477340-~231561881,app-ios,49,0,待定,2025/5/9 17:49,2025/5/9 23:55,1,2025/5/9 18:06,NULL
565467,25050952007204,231561881,1,已付款,2025/5/9 17:49,1746719477340,0,2,17d4ce1e68247e20b48538fc3d6e70f9-~1746719477340-~231561881,app-ios,42,0,待定,2025/5/9 17:49,2025/5/9 23:55,0,NULL,NULL
566279,25050935675139,233498046,1,已下单,2025/5/9 17:52,1746752856070,2.29,2,17d4ce1e68247e20b48538fc3d6e70f9-~1746752856070-~233498046,app-ios,76.42,0,待定,2025/5/9 17:53,2025/5/9 23:55,1,2025/5/9 18:09,NULL
566371,25050964210469,233498054,1,已付款,2025/5/9 17:53,1746763800550,0,2,dd391ccef6b13960d42d394c8934fc97-~1746763800550-~233498054,app-android,119.9,1,/,2025/5/9 17:54,2025/5/9 23:55,0,NULL,NULL
567222,25050947841056,233498054,1,已付款,2025/5/9 17:55,1746714920343,3.99,2,dd391ccef6b13960d42d394c8934fc97-~1746714920343-~233498054,app-android,117.32,0,待定,2025/5/9 17:58,2025/5/9 23:55,1,2025/5/9 18:12,NULL
567976,25050975616549,233498054,0,已失效,2025/5/9 18:00,1746709112989,0,2,dd391ccef6b13960d42d394c8934fc97-~1746709112989-~233498054,app-android,154.6,1,/,2025/5/9 18:01,2025/5/9 23:55,0,NULL,NULL
569126,25050963677569,231561881,1,已付款,2025/5/9 18:08,1746591187688,2.95,2,17d4ce1e68247e20b48538fc3d6e70f9-~1746591187688-~231561881,app-ios,64,0,待定,2025/5/9 18:09,2025/5/9 23:55,1,2025/5/9 18:25,NULL
570717,25050935395610,231561881,1,已付款,2025/5/9 18:17,1746528916040,1.45,2,17d4ce1e68247e20b48538fc3d6e70f9-~1746528916040-~231561881,app-ios,34,0,待定,2025/5/9 18:17,2025/5/9 23:55,1,2025/5/9 18:34,NULL
570865,25050933956610,233460954,1,已付款,2025/5/9 18:15,1746602715236,0,2,dd391ccef6b13960d42d394c8934fc97-~1746602715236-~233460954,app-android,52.7,1,/,2025/5/9 18:19,2025/5/9 23:55,0,NULL,NULL
571340,25050954686085,231561881,1,已付款,2025/5/9 18:20,1746779628166,0,2,17d4ce1e68247e20b48538fc3d6e70f9-~1746779628166-~231561881,app-ios,614.4,1,/,2025/5/9 18:20,2025/5/9 23:55,0,NULL,NULL
571604,25050934690910,231561881,0,已失效,2025/5/9 18:22,1746769067061,0,2,17d4ce1e68247e20b48538fc3d6e70f9-~1746769067061-~231561881,app-ios,5599,0,待定,2025/5/9 18:22,2025/5/9 23:55,0,NULL,NULL
571652,25050935062739,233762542,1,已付款,2025/5/9 18:22,1746776549897,0,2,17d4ce1e68247e20b48538fc3d6e70f9-~1746776549897-~233762542,app-ios,31.11,1,/,2025/5/9 18:23,2025/5/9 23:55,0,NULL,NULL
571741,25050934631210,231576604,1,已付款,2025/5/9 18:24,1746767714200,25.78,2,dd391ccef6b13960d42d394c8934fc97-~1746767714200-~231576604,app-android,400.65,0,待定,2025/5/9 18:24,2025/5/9 23:55,1,2025/5/9 18:41,NULL
574057,25050980518379,231561881,1,已付款,2025/5/9 18:35,1746748079414,8.65,2,17d4ce1e68247e20b48538fc3d6e70f9-~1746748079414-~231561881,app-ios,278.25,0,待定,2025/5/9 18:36,2025/5/9 23:55,1,2025/5/9 18:52,NULL
575054,25050974750449,231561881,1,已付款,2025/5/9 18:43,1746751050204,4.76,2,17d4ce1e68247e20b48538fc3d6e70f9-~1746751050204-~231561881,app-ios,68,0,待定,2025/5/9 18:43,2025/5/9 23:55,1,2025/5/9 19:00,NULL
575890,25050945871356,233762582,1,已付款,2025/5/9 18:48,1746787655562,5.67,2,dd391ccef6b13960d42d394c8934fc97-~1746787655562-~233762582,app-android,189,0,待定,2025/5/9 18:48,2025/5/9 23:55,1,2025/5/9 19:05,NULL
575969,25050963135969,231576604,1,已付款,2025/5/9 18:46,1746619188300,6.93,2,dd391ccef6b13960d42d394c8934fc97-~1746619188300-~231576604,app-android,99,0,待定,2025/5/9 18:49,2025/5/9 23:55,1,2025/5/9 19:03,NULL
576544,25050945851056,231576604,1,已付款,2025/5/9 18:47,1746619188300,6.09,2,dd391ccef6b13960d42d394c8934fc97-~1746619188300-~231576604,app-android,87,0,待定,2025/5/9 18:51,2025/5/9 23:55,1,2025/5/9 19:03,NULL
576612,25050962207169,233498046,1,已付款,2025/5/9 18:51,1746787840511,1.19,5,17d4ce1e68247e20b48538fc3d6e70f9-~1746787840511-~233498046,app-ios,44.82,0,待定,2025/5/9 18:52,2025/5/9 23:55,1,2025/5/9 19:08,NULL
577718,25050962009269,231561881,1,已付款,2025/5/9 19:00,1746772201908,1.68,2,17d4ce1e68247e20b48538fc3d6e70f9-~1746772201908-~231561881,app-ios,168,0,待定,2025/5/9 19:00,2025/5/9 23:55,1,2025/5/9 19:17,NULL
578083,25050966909585,231561881,0,已失效,2025/5/9 19:01,1746759069288,4.18,2,17d4ce1e68247e20b48538fc3d6e70f9-~1746759069288-~231561881,app-ios,209,0,待定,2025/5/9 19:01,2025/5/9 23:55,1,2025/5/9 19:18,NULL
578152,25050950565504,231576604,1,已付款,2025/5/9 19:02,1746788224364,1.47,2,dd391ccef6b13960d42d394c8934fc97-~1746788224364-~231576604,app-android,49,0,待定,2025/5/9 19:02,2025/5/9 23:55,1,2025/5/9 19:19,NULL
578289,25050966884285,231576604,0,已失效,2025/5/9 19:04,1746753217545,0,2,dd391ccef6b13960d42d394c8934fc97-~1746753217545-~231576604,app-android,141.7,1,/,2025/5/9 19:05,2025/5/9 23:55,0,NULL,NULL
579710,25050946157756,231561881,1,已付款,2025/5/9 19:11,1746758174327,0.11,2,17d4ce1e68247e20b48538fc3d6e70f9-~1746758174327-~231561881,app-ios,21.07,0,待定,2025/5/9 19:11,2025/5/9 23:55,1,2025/5/9 19:27,NULL
579863,25050974119049,233498046,1,已付款,2025/5/9 19:10,1746754464600,1.45,2,17d4ce1e68247e20b48538fc3d6e70f9-~1746754464600-~233498046,app-android,48.32,0,待定,2025/5/9 19:13,2025/5/9 23:55,1,2025/5/9 19:27,NULL
580742,25050980316579,231561881,1,已付款,2025/5/9 19:17,1746546072731,0.63,2,17d4ce1e68247e20b48538fc3d6e70f9-~1746546072731-~231561881,app-ios,21,0,待定,2025/5/9 19:19,2025/5/9 23:55,1,2025/5/9 19:34,NULL
581186,25050962331069,231576604,1,已付款,2025/5/9 19:20,1746632063742,17.13,2,dd391ccef6b13960d42d394c8934fc97-~1746632063742-~231576604,app-android,262,0,待定,2025/5/9 19:20,2025/5/9 23:55,1,2025/5/9 19:37,NULL
581475,25050934709939,233762542,1,已付款,2025/5/9 19:18,1746720438092,27.16,2,17d4ce1e68247e20b48538fc3d6e70f9-~1746720438092-~233762542,app-ios,286,0,待定,2025/5/9 19:22,2025/5/9 23:55,1,2025/5/9 19:35,NULL
581543,25050962303769,231561881,1,已付款,2025/5/9 19:22,1746743581422,2.66,2,17d4ce1e68247e20b48538fc3d6e70f9-~1746743581422-~231561881,app-ios,88.85,0,待定,2025/5/9 19:23,2025/5/9 23:55,1,2025/5/9 19:39,NULL
581582,25050934648439,233762542,1,已付款,2025/5/9 19:20,1746720438092,21.72,2,17d4ce1e68247e20b48538fc3d6e70f9-~1746720438092-~233762542,app-ios,181,0,待定,2025/5/9 19:23,2025/5/9 23:55,1,2025/5/9 19:37,NULL
581586,25050949215604,231576604,0,已失效,2025/5/9 19:23,1746746004760,20.9,2,dd391ccef6b13960d42d394c8934fc97-~1746746004760-~231576604,app-android,418,0,待定,2025/5/9 19:23,2025/5/9 23:55,1,2025/5/9 19:40,NULL
581661,25050962358869,231561881,1,已付款,2025/5/9 19:21,1746768770839,4.44,2,17d4ce1e68247e20b48538fc3d6e70f9-~1746768770839-~231561881,app-ios,148,0,待定,2025/5/9 19:24,2025/5/9 23:55,1,2025/5/9 19:38,NULL
581783,25050973867649,233762542,1,已付款,2025/5/9 19:21,1746720438092,23.64,2,17d4ce1e68247e20b48538fc3d6e70f9-~1746720438092-~233762542,app-ios,197,0,待定,2025/5/9 19:25,2025/5/9 23:55,1,2025/5/9 19:38,NULL
582320,25050958208056,233762542,1,已付款,2025/5/9 19:22,1746720438092,23.28,2,17d4ce1e68247e20b48538fc3d6e70f9-~1746720438092-~233762542,app-ios,194,0,待定,2025/5/9 19:26,2025/5/9 23:55,1,2025/5/9 19:39,NULL
582412,25050932543410,233762542,1,已付款,2025/5/9 19:23,1746720438092,13.37,2,17d4ce1e68247e20b48538fc3d6e70f9-~1746720438092-~233762542,app-ios,191,0,待定,2025/5/9 19:27,2025/5/9 23:55,1,2025/5/9 19:40,NULL
582481,25050958148956,233762542,1,已付款,2025/5/9 19:24,1746720438092,10.99,2,17d4ce1e68247e20b48538fc3d6e70f9-~1746720438092-~233762542,app-ios,157,0,待定,2025/5/9 19:28,2025/5/9 23:55,1,2025/5/9 19:41,NULL
583396,25050965478379,233762542,1,已付款,2025/5/9 19:28,1746720438092,13.86,2,17d4ce1e68247e20b48538fc3d6e70f9-~1746720438092-~233762542,app-ios,198,0,待定,2025/5/9 19:32,2025/5/9 23:55,1,2025/5/9 19:45,NULL
583448,25050941530629,233762542,1,已付款,2025/5/9 19:29,1746720438092,21.2,2,17d4ce1e68247e20b48538fc3d6e70f9-~1746720438092-~233762542,app-ios,212,0,待定,2025/5/9 19:33,2025/5/9 23:55,1,2025/5/9 19:46,NULL
583512,25050932407610,233762542,1,已付款,2025/5/9 19:30,1746720438092,9.03,2,17d4ce1e68247e20b48538fc3d6e70f9-~1746720438092-~233762542,app-ios,129,0,待定,2025/5/9 19:34,2025/5/9 23:55,1,2025/5/9 19:47,NULL
584259,25050985861049,233502003,1,已付款,2025/5/9 19:35,1746783491078,10.8,2,17d4ce1e68247e20b48538fc3d6e70f9-~1746783491078-~233502003,app-ios,216,0,待定,2025/5/9 19:36,2025/5/9 23:55,1,2025/5/9 19:52,NULL
584339,25050966158085,233502003,1,已付款,2025/5/9 19:36,1746780786588,8.32,2,17d4ce1e68247e20b48538fc3d6e70f9-~1746780786588-~233502003,app-ios,118.86,0,待定,2025/5/9 19:36,2025/5/9 23:55,1,2025/5/9 19:53,NULL
584379,25050946507439,233498046,1,已付款,2025/5/9 19:36,1746742946365,1.68,2,17d4ce1e68247e20b48538fc3d6e70f9-~1746742946365-~233498046,app-ios,56.23,0,待定,2025/5/9 19:37,2025/5/9 23:55,1,2025/5/9 19:53,NULL
584392,25050985780549,231576604,0,已失效,2025/5/9 19:36,1746790196148,3.52,2,dd391ccef6b13960d42d394c8934fc97-~1746790196148-~231576604,app-android,49,0,待定,2025/5/9 19:37,2025/5/9 23:55,1,2025/5/9 19:53,NULL
584536,25050961125169,233460954,1,已付款,2025/5/9 19:38,1746754684115,0.42,2,dd391ccef6b13960d42d394c8934fc97-~1746754684115-~233460954,app-android,6,0,待定,2025/5/9 19:38,2025/5/9 23:55,1,2025/5/9 19:55,NULL
584573,25050961136569,233502029,0,已失效,2025/5/9 19:39,1746789475305,0,0,dd391ccef6b13960d42d394c8934fc97-~1746789475305-~233502029,app-android,59,1,/,2025/5/9 19:39,2025/5/9 23:55,0,NULL,NULL
584608,25050985773349,231576604,1,已付款,2025/5/9 19:35,1746533688269,28.25,2,dd391ccef6b13960d42d394c8934fc97-~1746533688269-~231576604,app-android,403.5,0,待定,2025/5/9 19:39,2025/5/9 23:55,1,2025/5/9 19:52,NULL
584654,25050933009710,231576604,1,已付款,2025/5/9 19:39,1746789830003,0.01,2,dd391ccef6b13960d42d394c8934fc97-~1746789830003-~231576604,app-android,1,0,待定,2025/5/9 19:39,2025/5/9 23:55,1,2025/5/9 19:56,NULL
585681,25050958575656,233498054,1,已付款,2025/5/9 19:43,1746709112989,0,2,dd391ccef6b13960d42d394c8934fc97-~1746709112989-~233498054,app-android,86.6,1,/,2025/5/9 19:43,2025/5/9 23:55,0,NULL,NULL
585801,25050946368039,231561881,1,已付款,2025/5/9 19:44,1746784706964,2.74,2,17d4ce1e68247e20b48538fc3d6e70f9-~1746784706964-~231561881,app-ios,39.14,0,待定,2025/5/9 19:44,2025/5/9 23:55,1,2025/5/9 20:01,NULL
586007,25050965982685,231561881,1,已付款,2025/5/9 19:42,1746741616251,3.63,2,17d4ce1e68247e20b48538fc3d6e70f9-~1746741616251-~231561881,app-ios,120.85,0,待定,2025/5/9 19:45,2025/5/9 23:55,1,2025/5/9 19:59,NULL
586459,25050932856310,231576604,1,已付款,2025/5/9 19:45,1746745581268,0.23,2,dd391ccef6b13960d42d394c8934fc97-~1746745581268-~231576604,app-android,45.68,0,待定,2025/5/9 19:45,2025/5/9 23:55,1,2025/5/9 20:02,NULL
586536,25050958538256,231576604,1,已付款,2025/5/9 19:46,1746758859077,2.5,2,dd391ccef6b13960d42d394c8934fc97-~1746758859077-~231576604,app-android,83.33,0,待定,2025/5/9 19:46,2025/5/9 23:55,1,2025/5/9 20:03,NULL
586688,25050986364349,231561881,1,已付款,2025/5/9 19:47,1746790280914,0.11,2,17d4ce1e68247e20b48538fc3d6e70f9-~1746790280914-~231561881,app-ios,22,0,待定,2025/5/9 19:48,2025/5/9 23:55,1,2025/5/9 20:04,NULL
586762,25050958512056,231576604,1,已付款,2025/5/9 19:45,1746533688269,47.17,2,dd391ccef6b13960d42d394c8934fc97-~1746533688269-~231576604,app-android,427,0,待定,2025/5/9 19:48,2025/5/9 23:55,1,2025/5/9 20:02,NULL
587907,25050986271249,233498054,1,已付款,2025/5/9 19:52,1746749088649,1.49,2,dd391ccef6b13960d42d394c8934fc97-~1746749088649-~233498054,app-android,21.29,0,待定,2025/5/9 19:53,2025/5/9 23:55,1,2025/5/9 20:09,NULL
589335,25050964762485,231576604,1,已付款,2025/5/9 19:59,1746711737100,15.01,2,dd391ccef6b13960d42d394c8934fc97-~1746711737100-~231576604,app-android,214.48,0,待定,2025/5/9 19:59,2025/5/9 23:55,1,2025/5/9 20:16,NULL
589362,25050960612169,233502029,1,已付款,2025/5/9 19:59,1746790418468,0.78,2,dd391ccef6b13960d42d394c8934fc97-~1746790418468-~233502029,app-android,78.3,0,待定,2025/5/9 19:59,2025/5/9 23:55,1,2025/5/9 20:16,NULL
589588,25050964785885,231561881,1,已付款,2025/5/9 19:59,1746751384118,3.26,2,17d4ce1e68247e20b48538fc3d6e70f9-~1746751384118-~231561881,app-ios,162.69,0,待定,2025/5/9 20:00,2025/5/9 23:55,1,2025/5/9 20:16,NULL
591015,25050918382910,231561881,1,已付款,2025/5/9 20:05,1746791104934,0,2,17d4ce1e68247e20b48538fc3d6e70f9-~1746791104934-~231561881,app-ios,32.3,1,/,2025/5/9 20:05,2025/5/9 23:55,0,NULL,NULL
591021,25050957173756,231561881,0,已失效,2025/5/9 20:05,1746791104934,0,2,17d4ce1e68247e20b48538fc3d6e70f9-~1746791104934-~231561881,app-ios,77.4,1,/,2025/5/9 20:05,2025/5/9 23:55,0,NULL,NULL
591027,25050918382810,231561881,1,已付款,2025/5/9 20:05,1746791104934,0,2,17d4ce1e68247e20b48538fc3d6e70f9-~1746791104934-~231561881,app-ios,45.1,1,/,2025/5/9 20:05,2025/5/9 23:55,0,NULL,NULL
591384,25050918408410,231576604,1,已付款,2025/5/9 20:06,1746714964611,0,2,dd391ccef6b13960d42d394c8934fc97-~1746714964611-~231576604,app-android,58,1,/,2025/5/9 20:06,2025/5/9 23:55,0,NULL,NULL
591475,25050964554385,231561881,1,已付款,2025/5/9 20:07,1746746565421,4.32,2,17d4ce1e68247e20b48538fc3d6e70f9-~1746746565421-~231561881,app-ios,143.91,0,待定,2025/5/9 20:07,2025/5/9 23:55,1,2025/5/9 20:24,NULL
592712,25050919063010,233502003,1,已付款,2025/5/9 20:11,1746718927769,5.93,2,17d4ce1e68247e20b48538fc3d6e70f9-~1746718927769-~233502003,app-ios,159.7,0,待定,2025/5/9 20:11,2025/5/9 23:55,1,2025/5/9 20:28,NULL
592899,25050964409679,233502003,1,已付款,2025/5/9 20:13,1746792461322,3.08,2,17d4ce1e68247e20b48538fc3d6e70f9-~1746792461322-~233502003,app-ios,102.4,0,待定,2025/5/9 20:13,2025/5/9 23:55,1,2025/5/9 20:29,NULL
593910,25050918990710,234061612,1,已付款,2025/5/9 20:16,1746788287059,0,2,17d4ce1e68247e20b48538fc3d6e70f9-~1746788287059-~234061612,app-ios,43.2,1,/,2025/5/9 20:16,2025/5/9 23:55,0,NULL,NULL
594312,25050941216129,231576604,1,已付款,2025/5/9 20:18,1746792960448,11.2,2,dd391ccef6b13960d42d394c8934fc97-~1746792960448-~231576604,app-android,112,0,待定,2025/5/9 20:19,2025/5/9 23:55,1,2025/5/9 20:34,NULL
594462,25050985537549,233502003,1,已付款,2025/5/9 20:19,1746763670600,3.31,2,17d4ce1e68247e20b48538fc3d6e70f9-~1746763670600-~233502003,app-ios,110.32,0,待定,2025/5/9 20:20,2025/5/9 23:55,1,2025/5/9 20:36,NULL
594881,25050918890310,231561881,1,已付款,2025/5/9 20:20,1746760989779,42.58,2,17d4ce1e68247e20b48538fc3d6e70f9-~1746760989779-~231561881,app-ios,832,0,待定,2025/5/9 20:20,2025/5/9 23:55,1,2025/5/9 20:37,NULL
595557,25050917949310,231576604,0,已失效,2025/5/9 20:23,1746744444217,4.08,2,dd391ccef6b13960d42d394c8934fc97-~1746744444217-~231576604,app-android,136.14,0,待定,2025/5/9 20:24,2025/5/9 23:55,1,2025/5/9 20:40,NULL
595780,25050956664756,231576604,1,已付款,2025/5/9 20:24,1746744444217,4.08,2,dd391ccef6b13960d42d394c8934fc97-~1746744444217-~231576604,app-android,136.14,0,待定,2025/5/9 20:25,2025/5/9 23:55,1,2025/5/9 20:41,NULL
596486,25050917899410,233502003,1,已付款,2025/5/9 20:25,1746717087374,1.34,2,17d4ce1e68247e20b48538fc3d6e70f9-~1746717087374-~233502003,app-ios,16.8,0,待定,2025/5/9 20:26,2025/5/9 23:55,1,2025/5/9 20:42,NULL
596767,25050960647769,231576604,0,已失效,2025/5/9 20:28,1746793471533,2.52,2,dd391ccef6b13960d42d394c8934fc97-~1746793471533-~231576604,app-android,84,0,待定,2025/5/9 20:28,2025/5/9 23:55,1,2025/5/9 20:45,NULL
596897,25050960649669,231561881,0,已失效,2025/5/9 20:28,1746778108837,2.22,2,17d4ce1e68247e20b48538fc3d6e70f9-~1746778108837-~231561881,app-ios,27.4,0,待定,2025/5/9 20:28,2025/5/9 23:55,1,2025/5/9 20:45,NULL
596908,25050956560256,233762542,0,已失效,2025/5/9 20:28,1746792514911,0.71,2,17d4ce1e68247e20b48538fc3d6e70f9-~1746792514911-~233762542,app-ios,23.5,0,待定,2025/5/9 20:28,2025/5/9 23:55,1,2025/5/9 20:45,NULL
597827,25050963962185,231561881,1,已付款,2025/5/9 20:30,1746789805197,0,5,17d4ce1e68247e20b48538fc3d6e70f9-~1746789805197-~231561881,app-ios,25.8,0,待定,2025/5/9 20:30,2025/5/9 23:55,0,NULL,NULL
599189,25050956436156,233762582,0,已失效,2025/5/9 20:35,1746721371716,23.46,2,dd391ccef6b13960d42d394c8934fc97-~1746721371716-~233762582,app-android,782,0,待定,2025/5/9 20:36,2025/5/9 23:55,1,2025/5/9 20:52,NULL
599249,25050963798885,231561881,1,已付款,2025/5/9 20:36,1746720773143,0,2,17d4ce1e68247e20b48538fc3d6e70f9-~1746720773143-~231561881,app-ios,58.9,1,/,2025/5/9 20:36,2025/5/9 23:55,0,NULL,NULL
599283,25050963704279,231561881,1,已付款,2025/5/9 20:36,1746708289769,0,2,17d4ce1e68247e20b48538fc3d6e70f9-~1746708289769-~231561881,app-ios,141,1,/,2025/5/9 20:36,2025/5/9 23:55,0,NULL,NULL
599314,25050963929485,233498046,1,已付款,2025/5/9 20:33,1746781203965,2.19,2,17d4ce1e68247e20b48538fc3d6e70f9-~1746781203965-~233498046,app-ios,73,0,待定,2025/5/9 20:36,2025/5/9 23:55,1,2025/5/9 20:50,NULL
599379,25050984269649,231561881,1,已付款,2025/5/9 20:37,1746792902681,6.42,2,17d4ce1e68247e20b48538fc3d6e70f9-~1746792902681-~231561881,app-ios,214,0,待定,2025/5/9 20:37,2025/5/9 23:55,1,2025/5/9 20:54,NULL
599574,25050979119329,231561881,1,已付款,2025/5/9 20:37,1746746183947,0.01,2,17d4ce1e68247e20b48538fc3d6e70f9-~1746746183947-~231561881,app-ios,2.61,0,待定,2025/5/9 20:38,2025/5/9 23:55,1,2025/5/9 20:54,NULL
600458,25050961175304,233762582,1,已付款,2025/5/9 20:40,1746768327748,3.24,2,dd391ccef6b13960d42d394c8934fc97-~1746768327748-~233762582,app-android,108.14,0,待定,2025/5/9 20:40,2025/5/9 23:55,1,2025/5/9 20:57,NULL
600664,25050918228710,231576604,1,已付款,2025/5/9 20:41,1746715287506,0,2,dd391ccef6b13960d42d394c8934fc97-~1746715287506-~231576604,app-android,57,1,/,2025/5/9 20:41,2025/5/9 23:55,0,NULL,NULL
600956,25050957053456,231576604,1,已付款,2025/5/9 20:43,1746771899036,0.67,2,dd391ccef6b13960d42d394c8934fc97-~1746771899036-~231576604,app-android,67.38,0,待定,2025/5/9 20:43,2025/5/9 23:55,1,2025/5/9 21:00,NULL
601043,25050944855439,231576604,1,已付款,2025/5/9 20:43,1746742806519,0,2,dd391ccef6b13960d42d394c8934fc97-~1746742806519-~231576604,app-android,35.96,1,/,2025/5/9 20:43,2025/5/9 23:55,0,NULL,NULL
601150,25050964426885,231576604,1,已付款,2025/5/9 20:44,1746777186770,0,2,dd391ccef6b13960d42d394c8934fc97-~1746777186770-~231576604,app-android,23.02,1,/,2025/5/9 20:44,2025/5/9 23:55,0,NULL,NULL
602399,25050960993304,233762542,1,已付款,2025/5/9 20:48,1746759081694,0.01,2,17d4ce1e68247e20b48538fc3d6e70f9-~1746759081694-~233762542,app-ios,1,0,待定,2025/5/9 20:48,2025/5/9 23:55,1,2025/5/9 21:05,NULL
602428,25050918120110,233502003,1,已付款,2025/5/9 20:48,1746779544455,0.3,2,17d4ce1e68247e20b48538fc3d6e70f9-~1746779544455-~233502003,app-ios,30.4,0,待定,2025/5/9 20:48,2025/5/9 23:55,1,2025/5/9 21:04,NULL
602615,25050918055910,231576604,0,已失效,2025/5/9 20:49,1746788776847,0.2,2,dd391ccef6b13960d42d394c8934fc97-~1746788776847-~231576604,app-android,20.1,0,待定,2025/5/9 20:49,2025/5/9 23:55,1,2025/5/9 21:06,NULL
603816,25050973115069,233762542,0,已失效,2025/5/9 20:52,1746753105656,0,2,17d4ce1e68247e20b48538fc3d6e70f9-~1746753105656-~233762542,app-ios,798.7,1,/,2025/5/9 20:53,2025/5/9 23:55,0,NULL,NULL
605167,25050959900904,231561881,1,已付款,2025/5/9 20:56,1746792658338,18.79,2,17d4ce1e68247e20b48538fc3d6e70f9-~1746792658338-~231561881,app-ios,457.7,0,待定,2025/5/9 20:56,2025/5/9 23:55,1,2025/5/9 21:12,NULL
605629,25050963117485,231576604,1,已付款,2025/5/9 20:59,1746794148570,0.11,2,dd391ccef6b13960d42d394c8934fc97-~1746794148570-~231576604,app-android,10.86,0,待定,2025/5/9 20:59,2025/5/9 23:55,1,2025/5/9 21:16,NULL
606980,25050916888910,231576604,1,已付款,2025/5/9 21:02,1746793471533,3.23,2,dd391ccef6b13960d42d394c8934fc97-~1746793471533-~231576604,app-android,107.69,0,待定,2025/5/9 21:03,2025/5/9 23:55,1,2025/5/9 21:19,NULL
607175,25050944222639,233498054,1,已付款,2025/5/9 21:03,1746711730097,0.5,2,dd391ccef6b13960d42d394c8934fc97-~1746711730097-~233498054,app-android,49.9,0,待定,2025/5/9 21:04,2025/5/9 23:55,1,2025/5/9 21:20,NULL
607198,25050959718504,233502003,1,已付款,2025/5/9 21:03,1746710518179,0,2,17d4ce1e68247e20b48538fc3d6e70f9-~1746710518179-~233502003,app-ios,41.1,1,/,2025/5/9 21:04,2025/5/9 23:55,0,NULL,NULL
607257,25050955548756,233762582,1,已下单,2025/5/9 21:04,1746746175930,0,2,dd391ccef6b13960d42d394c8934fc97-~1746746175930-~233762582,app-android,62.1,1,/,2025/5/9 21:04,2025/5/9 23:55,0,NULL,NULL
607410,25050971936269,233762542,1,已付款,2025/5/9 21:05,1746795463865,0,2,17d4ce1e68247e20b48538fc3d6e70f9-~1746795463865-~233762542,app-ios,200,1,/,2025/5/9 21:05,2025/5/9 23:55,0,NULL,NULL
608500,25050971881669,231561881,1,已付款,2025/5/9 21:06,1746748977002,1.03,2,17d4ce1e68247e20b48538fc3d6e70f9-~1746748977002-~231561881,app-ios,34.3,0,待定,2025/5/9 21:07,2025/5/9 23:55,1,2025/5/9 21:23,NULL
608922,25050978282429,234061612,1,已付款,2025/5/9 21:09,1746795849040,5.99,2,17d4ce1e68247e20b48538fc3d6e70f9-~1746795849040-~234061612,app-ios,117.2,0,待定,2025/5/9 21:09,2025/5/9 23:55,1,2025/5/9 21:26,NULL
608969,25050963628685,231576604,0,已失效,2025/5/9 21:09,1746788776847,0.2,2,dd391ccef6b13960d42d394c8934fc97-~1746788776847-~231576604,app-android,20.1,0,待定,2025/5/9 21:09,2025/5/9 23:55,1,2025/5/9 21:26,NULL
608981,25050917508810,231576604,1,已付款,2025/5/9 21:09,1746731704472,7.45,2,dd391ccef6b13960d42d394c8934fc97-~1746731704472-~231576604,app-android,114.8,0,待定,2025/5/9 21:09,2025/5/9 23:55,1,2025/5/9 21:26,NULL
609007,25050956192356,231576604,1,已付款,2025/5/9 21:09,1746731704472,3.95,2,dd391ccef6b13960d42d394c8934fc97-~1746731704472-~231576604,app-android,79,0,待定,2025/5/9 21:09,2025/5/9 23:56,1,2025/5/9 21:26,NULL
609086,25050971767769,233498046,1,已付款,2025/5/9 21:09,1746793147854,19.63,2,17d4ce1e68247e20b48538fc3d6e70f9-~1746793147854-~233498046,app-ios,280.32,0,待定,2025/5/9 21:10,2025/5/9 23:55,1,2025/5/9 21:26,NULL
610127,25050956185756,231576604,1,已付款,2025/5/9 21:12,1746788776847,0.2,2,dd391ccef6b13960d42d394c8934fc97-~1746788776847-~231576604,app-android,20.1,0,待定,2025/5/9 21:12,2025/5/9 23:55,1,2025/5/9 21:28,NULL
610227,25050960283804,231576604,1,已付款,2025/5/9 21:12,1746795952317,17.2,2,dd391ccef6b13960d42d394c8934fc97-~1746795952317-~231576604,app-android,343.98,0,待定,2025/5/9 21:12,2025/5/9 23:55,1,2025/5/9 22:02,NULL
610267,25050956185456,231576604,1,已付款,2025/5/9 21:12,1746746355368,0,2,dd391ccef6b13960d42d394c8934fc97-~1746746355368-~231576604,app-android,482.98,1,/,2025/5/9 21:12,2025/5/9 23:55,0,NULL,NULL
611568,25050983197249,233762542,1,已付款,2025/5/9 21:14,1746716734522,2.79,2,17d4ce1e68247e20b48538fc3d6e70f9-~1746716734522-~233762542,app-ios,93,0,待定,2025/5/9 21:15,2025/5/9 23:56,1,2025/5/9 21:31,NULL
611604,25050983971849,231576604,1,已付款,2025/5/9 21:15,1746759925409,0.03,2,dd391ccef6b13960d42d394c8934fc97-~1746759925409-~231576604,app-android,5.99,0,待定,2025/5/9 21:15,2025/5/9 23:55,1,2025/5/9 21:32,NULL
612022,25050963465285,231576604,1,已付款,2025/5/9 21:17,1746789891787,0,2,dd391ccef6b13960d42d394c8934fc97-~1746789891787-~231576604,app-android,91,1,/,2025/5/9 21:18,2025/5/9 23:55,0,NULL,NULL
612136,25050972344669,233476754,1,已付款,2025/5/9 21:18,1746721745312,0.06,2,17d4ce1e68247e20b48538fc3d6e70f9-~1746721745312-~233476754,app-ios,11.88,0,待定,2025/5/9 21:19,2025/5/9 23:55,1,2025/5/9 21:35,NULL
613309,25050916239310,233762582,1,已付款,2025/5/9 21:21,1746746175930,0,2,dd391ccef6b13960d42d394c8934fc97-~1746746175930-~233762582,app-android,0,1,/,2025/5/9 21:21,2025/5/9 23:55,0,NULL,NULL
613379,25050916233910,233762582,1,已付款,2025/5/9 21:21,1746746175930,0,2,dd391ccef6b13960d42d394c8934fc97-~1746746175930-~233762582,app-android,0,1,/,2025/5/9 21:21,2025/5/9 23:55,0,NULL,NULL
613593,25050972242769,231561881,1,已付款,2025/5/9 21:22,1746746077331,0.66,2,17d4ce1e68247e20b48538fc3d6e70f9-~1746746077331-~231561881,app-ios,21.98,0,待定,2025/5/9 21:22,2025/5/9 23:55,1,2025/5/9 21:38,NULL
613770,25050977817529,233498054,1,已付款,2025/5/9 21:23,1746770776738,5,2,dd391ccef6b13960d42d394c8934fc97-~1746770776738-~233498054,app-android,108,0,待定,2025/5/9 21:23,2025/5/9 23:55,1,2025/5/9 21:40,NULL
613945,25050916224710,233502003,1,已付款,2025/5/9 21:23,1746744577755,8.86,2,17d4ce1e68247e20b48538fc3d6e70f9-~1746744577755-~233502003,app-ios,295.19,0,待定,2025/5/9 21:24,2025/5/9 23:55,1,2025/5/9 21:40,NULL
614051,25050977751429,231561881,1,已付款,2025/5/9 21:24,1746791537992,0,2,17d4ce1e68247e20b48538fc3d6e70f9-~1746791537992-~231561881,app-ios,454,1,/,2025/5/9 21:24,2025/5/9 23:55,0,NULL,NULL
614705,25050962378385,231561881,1,已付款,2025/5/9 21:25,1746740947681,0,2,17d4ce1e68247e20b48538fc3d6e70f9-~1746740947681-~231561881,app-ios,71.9,1,/,2025/5/9 21:25,2025/5/9 23:55,0,NULL,NULL
617415,25050916663110,231561881,1,已付款,2025/5/9 21:34,1746748835737,1.58,2,17d4ce1e68247e20b48538fc3d6e70f9-~1746748835737-~231561881,app-ios,158,0,待定,2025/5/9 21:34,2025/5/9 23:55,1,2025/5/9 21:51,NULL
618441,25050943248139,231576604,1,已付款,2025/5/9 21:35,1746770787730,0.48,2,dd391ccef6b13960d42d394c8934fc97-~1746770787730-~231576604,app-android,48,0,待定,2025/5/9 21:36,2025/5/9 23:55,1,2025/5/9 21:52,NULL
620332,25050962689085,233502029,1,已付款,2025/5/9 21:42,1746771648573,1.1,2,dd391ccef6b13960d42d394c8934fc97-~1746771648573-~233502029,app-android,9.99,0,待定,2025/5/9 21:42,2025/5/9 23:55,1,2025/5/9 21:59,NULL
621912,25050971466869,233762542,1,已付款,2025/5/9 21:45,1746748569814,5.9,2,17d4ce1e68247e20b48538fc3d6e70f9-~1746748569814-~233762542,app-ios,59,0,待定,2025/5/9 21:46,2025/5/9 23:55,1,2025/5/9 22:02,NULL
621959,25050977929129,231561881,1,已付款,2025/5/9 21:46,1746779434133,0,2,17d4ce1e68247e20b48538fc3d6e70f9-~1746779434133-~231561881,app-ios,52,1,/,2025/5/9 21:46,2025/5/9 23:55,0,NULL,NULL
621987,25050943712639,231561881,1,已付款,2025/5/9 21:46,1746720721277,43.11,2,17d4ce1e68247e20b48538fc3d6e70f9-~1746720721277-~231561881,app-ios,479,0,待定,2025/5/9 21:46,2025/5/9 23:55,1,2025/5/9 22:03,NULL
622508,25050954160856,233762542,1,已付款,2025/5/9 21:49,1746795175064,0.02,2,17d4ce1e68247e20b48538fc3d6e70f9-~1746795175064-~233762542,app-ios,3.94,0,待定,2025/5/9 21:49,2025/5/9 23:55,1,2025/5/9 22:06,NULL
624081,25050976811029,233762542,1,已付款,2025/5/9 21:53,1746720438092,22.39,2,17d4ce1e68247e20b48538fc3d6e70f9-~1746720438092-~233762542,app-ios,738,0,待定,2025/5/9 21:53,2025/5/9 23:55,1,2025/5/9 22:10,NULL
624994,25050961487285,233762582,1,已付款,2025/5/9 21:52,1746710688061,6.27,2,dd391ccef6b13960d42d394c8934fc97-~1746710688061-~233762582,app-android,39.18,0,待定,2025/5/9 21:55,2025/5/9 23:55,1,2025/5/9 22:09,NULL
625328,25050958139904,233762542,1,已付款,2025/5/9 21:54,1746788989652,0,2,17d4ce1e68247e20b48538fc3d6e70f9-~1746788989652-~233762542,app-ios,484,1,/,2025/5/9 21:55,2025/5/9 23:56,0,NULL,NULL
625329,25050958116704,233762542,0,已失效,2025/5/9 21:53,1746788989652,0,2,17d4ce1e68247e20b48538fc3d6e70f9-~1746788989652-~233762542,app-ios,484,1,/,2025/5/9 21:55,2025/5/9 23:56,0,NULL,NULL
625395,25050958095404,233502003,1,已付款,2025/5/9 21:55,1746768329812,0.01,2,17d4ce1e68247e20b48538fc3d6e70f9-~1746768329812-~233502003,app-ios,1,0,待定,2025/5/9 21:56,2025/5/9 23:55,1,2025/5/9 22:12,NULL
625564,25050958840404,231576604,1,已付款,2025/5/9 21:56,1746770787730,0.77,2,dd391ccef6b13960d42d394c8934fc97-~1746770787730-~231576604,app-android,77,0,待定,2025/5/9 21:57,2025/5/9 23:55,1,2025/5/9 22:13,NULL
625915,25050961205479,231576604,1,已付款,2025/5/9 21:58,1746798316327,18.6,2,dd391ccef6b13960d42d394c8934fc97-~1746798316327-~231576604,app-android,67,0,待定,2025/5/9 21:58,2025/5/9 23:55,1,2025/5/9 22:15,NULL
625969,25050976702129,231576604,0,已失效,2025/5/9 21:59,1746798010846,11.79,2,dd391ccef6b13960d42d394c8934fc97-~1746798010846-~231576604,app-android,89,0,待定,2025/5/9 21:59,2025/5/9 23:55,1,2025/5/9 22:16,NULL
626325,25050970187069,231576604,1,已付款,2025/5/9 21:59,1746798010846,9.28,2,dd391ccef6b13960d42d394c8934fc97-~1746798010846-~231576604,app-android,58,0,待定,2025/5/9 22:00,2025/5/9 23:55,1,2025/5/9 22:16,NULL
626401,25050958738504,231576604,1,已付款,2025/5/9 21:59,1746798010846,2.51,2,dd391ccef6b13960d42d394c8934fc97-~1746798010846-~231576604,app-android,31,0,待定,2025/5/9 22:00,2025/5/9 23:55,1,2025/5/9 22:16,NULL
626911,25050942431839,231576604,1,已付款,2025/5/9 22:00,1746798844517,0.86,2,dd391ccef6b13960d42d394c8934fc97-~1746798844517-~231576604,app-android,91.25,0,待定,2025/5/9 22:00,2025/5/9 23:56,1,2025/5/9 22:17,NULL
627361,25050942384339,233498046,1,已付款,2025/5/9 22:01,1746793260996,3.71,0,17d4ce1e68247e20b48538fc3d6e70f9-~1746793260996-~233498046,app-ios,53,0,待定,2025/5/9 22:02,2025/5/9 23:56,1,2025/5/9 22:18,NULL
627450,25050915767510,233502003,1,已付款,2025/5/9 22:02,1746749676671,0,2,17d4ce1e68247e20b48538fc3d6e70f9-~1746749676671-~233502003,app-ios,4.9,1,/,2025/5/9 22:03,2025/5/9 23:56,0,NULL,NULL
627817,25050970828869,233502003,1,已付款,2025/5/9 22:04,1746793855575,0,2,17d4ce1e68247e20b48538fc3d6e70f9-~1746793855575-~233502003,app-ios,1,1,/,2025/5/9 22:04,2025/5/9 23:56,0,NULL,NULL
628831,25050961098979,231576604,0,已失效,2025/5/9 22:01,1746798844517,4.83,2,dd391ccef6b13960d42d394c8934fc97-~1746798844517-~231576604,app-android,74,0,待定,2025/5/9 22:06,2025/5/9 23:56,1,2025/5/9 22:17,NULL
628832,25050977396129,233762582,1,已付款,2025/5/9 22:02,1746769922297,0.39,2,dd391ccef6b13960d42d394c8934fc97-~1746769922297-~233762582,app-android,3.94,0,待定,2025/5/9 22:06,2025/5/9 23:56,1,2025/5/9 22:19,NULL
629071,25050958559604,233502029,1,已付款,2025/5/9 22:06,1746799552195,0.01,2,dd391ccef6b13960d42d394c8934fc97-~1746799552195-~233502029,app-android,1,0,待定,2025/5/9 22:07,2025/5/9 23:56,1,2025/5/9 22:23,NULL
629220,25050961708679,231561881,1,已下单,2025/5/9 22:07,1746777307621,0.91,2,17d4ce1e68247e20b48538fc3d6e70f9-~1746777307621-~231561881,app-ios,30.3,0,待定,2025/5/9 22:07,2025/5/9 23:56,1,2025/5/9 22:24,NULL
629744,25050942949739,231576604,1,已付款,2025/5/9 22:10,1746799177270,3.24,2,dd391ccef6b13960d42d394c8934fc97-~1746799177270-~231576604,app-android,59,0,待定,2025/5/9 22:10,2025/5/9 23:56,1,2025/5/9 22:26,NULL
630647,25050915577410,231576604,1,已付款,2025/5/9 22:06,1746746004760,1.74,2,dd391ccef6b13960d42d394c8934fc97-~1746746004760-~231576604,app-android,58,0,待定,2025/5/9 22:11,2025/5/9 23:56,1,2025/5/9 22:23,NULL
630752,25050961705885,234061612,1,已付款,2025/5/9 22:11,1746763263279,9.03,2,17d4ce1e68247e20b48538fc3d6e70f9-~1746763263279-~234061612,app-ios,301,0,待定,2025/5/9 22:11,2025/5/9 23:56,1,2025/5/9 22:28,NULL
630776,25050970650869,231576604,1,已付款,2025/5/9 22:11,1746798844517,4.83,2,dd391ccef6b13960d42d394c8934fc97-~1746798844517-~231576604,app-android,74,0,待定,2025/5/9 22:11,2025/5/9 23:56,1,2025/5/9 22:28,NULL
634491,25050941774439,231576604,1,已付款,2025/5/9 22:21,1746714561041,6.3,2,dd391ccef6b13960d42d394c8934fc97-~1746714561041-~231576604,app-android,90,0,待定,2025/5/9 22:22,2025/5/9 23:56,1,2025/5/9 22:37,NULL
634514,25050969462269,233502029,1,已下单,2025/5/9 22:22,1746799444077,5.01,2,dd391ccef6b13960d42d394c8934fc97-~1746799444077-~233502029,app-android,166.85,0,待定,2025/5/9 22:22,2025/5/9 23:56,1,2025/5/9 22:39,NULL
634897,25050960494085,231576604,1,已付款,2025/5/9 22:23,1746792553169,5.04,2,dd391ccef6b13960d42d394c8934fc97-~1746792553169-~231576604,app-android,72,0,待定,2025/5/9 22:24,2025/5/9 23:56,1,2025/5/9 22:40,NULL
635668,25050941585739,233762582,1,已付款,2025/5/9 22:25,1746721371716,121.28,2,dd391ccef6b13960d42d394c8934fc97-~1746721371716-~233762582,app-android,2564,0,待定,2025/5/9 22:25,2025/5/9 23:56,1,2025/5/9 22:42,NULL
636200,25050980823249,231576604,1,已付款,2025/5/9 22:26,1746724697993,0,2,dd391ccef6b13960d42d394c8934fc97-~1746724697993-~231576604,app-android,108.54,1,/,2025/5/9 22:26,2025/5/9 23:56,0,NULL,NULL
636596,25050941504339,231561881,1,已付款,2025/5/9 22:28,1746748618309,16.4,2,17d4ce1e68247e20b48538fc3d6e70f9-~1746748618309-~231561881,app-ios,328,0,待定,2025/5/9 22:28,2025/5/9 23:56,1,2025/5/9 22:45,NULL
637681,25050914825010,231576604,1,已付款,2025/5/9 22:30,1746800815663,0.5,2,dd391ccef6b13960d42d394c8934fc97-~1746800815663-~231576604,app-android,6.27,0,待定,2025/5/9 22:30,2025/5/9 23:56,1,2025/5/9 22:46,NULL
638113,25050969986269,231561881,1,已付款,2025/5/9 22:31,1746790232997,0.84,2,17d4ce1e68247e20b48538fc3d6e70f9-~1746790232997-~231561881,app-ios,33.04,0,待定,2025/5/9 22:32,2025/5/9 23:56,1,2025/5/9 22:48,NULL
638439,25050914740310,233762542,1,已付款,2025/5/9 22:33,1746792731378,2.79,2,17d4ce1e68247e20b48538fc3d6e70f9-~1746792731378-~233762542,app-ios,93,0,待定,2025/5/9 22:34,2025/5/9 23:56,1,2025/5/9 22:50,NULL
638701,25050969870669,231576604,1,已付款,2025/5/9 22:34,1746800562000,3.84,2,dd391ccef6b13960d42d394c8934fc97-~1746800562000-~231576604,app-android,69,0,待定,2025/5/9 22:35,2025/5/9 23:56,1,2025/5/9 22:51,NULL
639073,25050913852410,231561881,1,已付款,2025/5/9 22:35,1746790042966,1.71,2,17d4ce1e68247e20b48538fc3d6e70f9-~1746790042966-~231561881,app-ios,56.9,0,待定,2025/5/9 22:35,2025/5/9 23:56,1,2025/5/9 22:52,NULL
639671,25050981381249,231561881,1,已付款,2025/5/9 22:34,1746783198412,0,2,17d4ce1e68247e20b48538fc3d6e70f9-~1746783198412-~231561881,app-ios,78,1,/,2025/5/9 22:36,2025/5/9 23:56,0,NULL,NULL
639672,25050976342529,231561881,1,已付款,2025/5/9 22:34,1746783198412,0,2,17d4ce1e68247e20b48538fc3d6e70f9-~1746783198412-~231561881,app-ios,47,1,/,2025/5/9 22:36,2025/5/9 23:56,0,NULL,NULL
639673,25050969901569,231576604,0,已失效,2025/5/9 22:32,1746800710878,9.1,2,dd391ccef6b13960d42d394c8934fc97-~1746800710878-~231576604,app-android,130,0,待定,2025/5/9 22:36,2025/5/9 23:56,1,2025/5/9 22:48,NULL
640023,25050960743379,231561881,1,已付款,2025/5/9 22:37,1746800636908,3.93,2,17d4ce1e68247e20b48538fc3d6e70f9-~1746800636908-~231561881,app-ios,131,0,待定,2025/5/9 22:37,2025/5/9 23:56,1,2025/5/9 22:54,NULL
640121,25050956707604,231576604,1,已付款,2025/5/9 22:37,1746801301850,0.32,2,dd391ccef6b13960d42d394c8934fc97-~1746801301850-~231576604,app-android,37,0,待定,2025/5/9 22:38,2025/5/9 23:56,1,2025/5/9 22:54,NULL
640349,25050969706669,233498054,1,已付款,2025/5/9 22:38,1746800789796,1.26,2,dd391ccef6b13960d42d394c8934fc97-~1746800789796-~233498054,app-android,31.4,0,待定,2025/5/9 22:39,2025/5/9 23:56,1,2025/5/9 22:55,NULL
640406,25050956658104,231576604,1,已付款,2025/5/9 22:39,1746791149561,0,2,dd391ccef6b13960d42d394c8934fc97-~1746791149561-~231576604,app-android,95,1,/,2025/5/9 22:39,2025/5/9 23:56,0,NULL,NULL
641137,25050941909839,231561881,1,已付款,2025/5/9 22:40,1746801129058,9.06,2,17d4ce1e68247e20b48538fc3d6e70f9-~1746801129058-~231561881,app-ios,302,0,待定,2025/5/9 22:40,2025/5/9 23:56,1,2025/5/9 22:57,NULL
641556,25050969752769,231576604,1,已下单,2025/5/9 22:36,1746779287404,3.89,2,dd391ccef6b13960d42d394c8934fc97-~1746779287404-~231576604,app-android,389,0,待定,2025/5/9 22:41,2025/5/9 23:56,1,2025/5/9 22:53,NULL
641621,25050913634610,234061612,1,已付款,2025/5/9 22:41,1746790073495,0.36,2,17d4ce1e68247e20b48538fc3d6e70f9-~1746790073495-~234061612,app-ios,17,0,待定,2025/5/9 22:41,2025/5/9 23:56,1,2025/5/9 22:57,NULL
642009,25050956470004,233502003,1,已付款,2025/5/9 22:42,1746766021487,37.3,2,17d4ce1e68247e20b48538fc3d6e70f9-~1746766021487-~233502003,app-ios,444,0,待定,2025/5/9 22:43,2025/5/9 23:56,1,2025/5/9 22:59,NULL
642099,25050968735669,231576604,1,已下单,2025/5/9 22:43,1746800710878,8.12,2,dd391ccef6b13960d42d394c8934fc97-~1746800710878-~231576604,app-android,116,0,待定,2025/5/9 22:43,2025/5/9 23:56,1,2025/5/9 23:00,NULL
642100,25050975186229,231576604,0,已失效,2025/5/9 22:43,1746758903059,6.66,2,dd391ccef6b13960d42d394c8934fc97-~1746758903059-~231576604,app-android,152.35,0,待定,2025/5/9 22:43,2025/5/9 23:56,1,2025/5/9 23:00,NULL
642134,25050952364656,231576604,1,已付款,2025/5/9 22:43,1746758903059,0.2,2,dd391ccef6b13960d42d394c8934fc97-~1746758903059-~231576604,app-android,39,0,待定,2025/5/9 22:43,2025/5/9 23:56,1,2025/5/9 23:00,NULL
642167,25050913530910,231576604,1,已付款,2025/5/9 22:44,1746758903059,3.18,2,dd391ccef6b13960d42d394c8934fc97-~1746758903059-~231576604,app-android,53,0,待定,2025/5/9 22:44,2025/5/9 23:56,1,2025/5/9 23:01,NULL
642178,25050952366556,231576604,1,已付款,2025/5/9 22:44,1746758903059,3.48,2,dd391ccef6b13960d42d394c8934fc97-~1746758903059-~231576604,app-android,99.35,0,待定,2025/5/9 22:44,2025/5/9 23:56,1,2025/5/9 23:01,NULL
642531,25050913473310,231576604,1,已付款,2025/5/9 22:45,1746793215726,0.92,1,dd391ccef6b13960d42d394c8934fc97-~1746793215726-~231576604,app-android,27.9,0,待定,2025/5/9 22:45,2025/5/9 23:56,1,2025/5/9 23:02,NULL
643445,25050946706885,231561881,1,已付款,2025/5/9 22:44,1746747847377,40.39,2,17d4ce1e68247e20b48538fc3d6e70f9-~1746747847377-~231561881,app-ios,577,0,待定,2025/5/9 22:46,2025/5/9 23:56,1,2025/5/9 23:01,NULL
643580,25050941786139,231576604,1,已付款,2025/5/9 22:43,1746771639290,0,2,dd391ccef6b13960d42d394c8934fc97-~1746771639290-~231576604,app-android,542,1,/,2025/5/9 22:46,2025/5/9 23:56,0,NULL,NULL
643729,25050968629169,233762542,1,已付款,2025/5/9 22:46,1746720438092,0.09,2,17d4ce1e68247e20b48538fc3d6e70f9-~1746720438092-~233762542,app-ios,17.26,0,待定,2025/5/9 22:47,2025/5/9 23:56,1,2025/5/9 23:03,NULL
643868,25050975037629,231576604,1,已付款,2025/5/9 22:48,1746793990772,2.03,2,dd391ccef6b13960d42d394c8934fc97-~1746793990772-~231576604,app-android,29,0,待定,2025/5/9 22:48,2025/5/9 23:56,1,2025/5/9 23:05,NULL
644267,25050940865839,231576604,1,已付款,2025/5/9 22:46,1746788465376,0.04,2,dd391ccef6b13960d42d394c8934fc97-~1746788465376-~231576604,app-ios,7.9,0,待定,2025/5/9 22:50,2025/5/9 23:56,1,2025/5/9 23:03,NULL
645247,25050952314856,231576604,1,已付款,2025/5/9 22:45,1746764944440,1.91,2,dd391ccef6b13960d42d394c8934fc97-~1746764944440-~231576604,app-android,63.58,0,待定,2025/5/9 22:51,2025/5/9 23:56,1,2025/5/9 23:02,NULL
645264,25050975048929,233498046,1,已付款,2025/5/9 22:48,1746768181041,10.85,2,17d4ce1e68247e20b48538fc3d6e70f9-~1746768181041-~233498046,app-ios,155,0,待定,2025/5/9 22:51,2025/5/9 23:56,1,2025/5/9 23:05,NULL
645500,25050975747129,233498054,1,已付款,2025/5/9 22:51,1746799149985,103.16,2,dd391ccef6b13960d42d394c8934fc97-~1746799149985-~233498054,app-android,1418.25,0,待定,2025/5/9 22:52,2025/5/9 23:56,1,2025/5/9 23:08,NULL
645907,25050952881656,233498046,1,已付款,2025/5/9 22:54,1746802168949,18.95,2,17d4ce1e68247e20b48538fc3d6e70f9-~1746802168949-~233498046,app-ios,379,0,待定,2025/5/9 22:54,2025/5/9 23:56,1,2025/5/9 23:11,NULL
647165,25050952998856,231561881,1,已付款,2025/5/9 22:50,1746718875479,0.22,2,17d4ce1e68247e20b48538fc3d6e70f9-~1746718875479-~231561881,app-ios,7.18,0,待定,2025/5/9 22:56,2025/5/9 23:56,1,2025/5/9 23:07,NULL
647187,25050979976449,233502003,1,已付款,2025/5/9 22:54,1746784457213,80.36,2,17d4ce1e68247e20b48538fc3d6e70f9-~1746784457213-~233502003,app-ios,1148,0,待定,2025/5/9 22:56,2025/5/9 23:56,1,2025/5/9 23:11,NULL
647966,25050980638449,231576604,1,已付款,2025/5/9 22:59,1746801301063,7.3,5,dd391ccef6b13960d42d394c8934fc97-~1746801301063-~231576604,app-android,146,0,待定,2025/5/9 22:59,2025/5/9 23:59,1,2025/5/9 23:16,NULL
649098,25050973219879,233502003,1,已付款,2025/5/9 22:59,1746802404028,4.35,2,17d4ce1e68247e20b48538fc3d6e70f9-~1746802404028-~233502003,app-ios,145,0,待定,2025/5/9 23:01,2025/5/9 23:56,1,2025/5/9 23:16,NULL
649312,25050913048110,231561881,1,已付款,2025/5/9 23:01,1746801737130,6.85,2,17d4ce1e68247e20b48538fc3d6e70f9-~1746801737130-~231561881,app-ios,137,0,待定,2025/5/9 23:01,2025/5/10 0:01,1,2025/5/9 23:17,NULL
649375,25050969016469,233762542,1,已付款,2025/5/9 23:02,1746769527196,0,2,17d4ce1e68247e20b48538fc3d6e70f9-~1746769527196-~233762542,app-ios,318.48,1,/,2025/5/9 23:02,2025/5/10 0:01,0,NULL,NULL
649559,25050980536249,231561881,1,已付款,2025/5/9 23:03,1746721788652,2.37,5,17d4ce1e68247e20b48538fc3d6e70f9-~1746721788652-~231561881,app-ios,84,0,待定,2025/5/9 23:03,2025/5/10 0:02,1,2025/5/9 23:20,NULL
649892,25050955943704,233498046,1,已付款,2025/5/9 23:01,1746795570558,2.4,2,17d4ce1e68247e20b48538fc3d6e70f9-~1746795570558-~233498046,app-ios,80,0,待定,2025/5/9 23:05,2025/5/10 0:01,1,2025/5/9 23:18,NULL
651153,25050972924079,231576604,1,已付款,2025/5/9 23:06,1746784176092,0.22,2,dd391ccef6b13960d42d394c8934fc97-~1746784176092-~231576604,app-android,7.49,0,待定,2025/5/9 23:06,2025/5/10 0:06,1,2025/5/9 23:23,NULL
651421,25050980370549,231561881,1,已付款,2025/5/9 23:07,1746801575245,16.38,2,17d4ce1e68247e20b48538fc3d6e70f9-~1746801575245-~231561881,app-ios,234.07,0,待定,2025/5/9 23:08,2025/5/10 0:07,1,2025/5/9 23:24,NULL
651511,25050955729304,231576604,1,已下单,2025/5/9 23:08,1746802676160,0.24,2,dd391ccef6b13960d42d394c8934fc97-~1746802676160-~231576604,app-android,12,0,待定,2025/5/9 23:08,2025/5/10 0:08,1,2025/5/9 23:25,NULL
651821,25050971994079,231561881,1,已付款,2025/5/9 23:10,1746759861369,1.87,2,17d4ce1e68247e20b48538fc3d6e70f9-~1746759861369-~231561881,app-ios,62.33,0,待定,2025/5/9 23:10,2025/5/10 0:09,1,2025/5/9 23:27,NULL
651903,25050974356529,231576604,1,已付款,2025/5/9 23:09,1746744933317,8.4,2,dd391ccef6b13960d42d394c8934fc97-~1746744933317-~231576604,app-android,120,0,待定,2025/5/9 23:10,2025/5/10 0:09,1,2025/5/9 23:26,NULL
652934,25050945931785,233762542,1,已付款,2025/5/9 23:08,1746750594021,54.7,2,17d4ce1e68247e20b48538fc3d6e70f9-~1746750594021-~233762542,app-ios,618,0,待定,2025/5/9 23:11,2025/5/9 23:56,1,2025/5/9 23:25,NULL
652937,25050967980869,231576604,1,已付款,2025/5/9 23:08,1746799981451,4.96,5,dd391ccef6b13960d42d394c8934fc97-~1746799981451-~231576604,app-android,93,0,待定,2025/5/9 23:11,2025/5/9 23:56,1,2025/5/9 23:25,NULL
652943,25050955759904,233498054,1,已付款,2025/5/9 23:06,1746704170946,1.34,2,dd391ccef6b13960d42d394c8934fc97-~1746704170946-~233498054,app-android,44.6,0,待定,2025/5/9 23:11,2025/5/9 23:56,1,2025/5/9 23:23,NULL
653090,25050967980469,231576604,0,已失效,2025/5/9 23:08,1746718253612,0.15,2,dd391ccef6b13960d42d394c8934fc97-~1746718253612-~231576604,app-android,14.8,0,待定,2025/5/9 23:11,2025/5/10 0:08,1,2025/5/9 23:25,NULL
653332,25050945834285,231561881,1,已付款,2025/5/9 23:12,1746773171063,10.88,2,17d4ce1e68247e20b48538fc3d6e70f9-~1746773171063-~231561881,app-ios,217.4,0,待定,2025/5/9 23:12,2025/5/10 0:12,1,2025/5/9 23:29,NULL
653957,25050979413339,231576604,1,已付款,2025/5/9 23:15,1746745828523,10.15,2,dd391ccef6b13960d42d394c8934fc97-~1746745828523-~231576604,app-android,145,0,待定,2025/5/9 23:15,2025/5/10 0:14,1,2025/5/9 23:32,NULL
655286,25050966240949,231576604,1,已付款,2025/5/9 23:14,1746718253612,0.34,2,dd391ccef6b13960d42d394c8934fc97-~1746718253612-~231576604,app-android,33.9,0,待定,2025/5/9 23:18,2025/5/10 0:14,1,2025/5/9 23:31,NULL
656931,25050990727456,233762542,1,已付款,2025/5/9 23:16,1746785423146,5.44,0,17d4ce1e68247e20b48538fc3d6e70f9-~1746785423146-~233762542,app-ios,136,0,待定,2025/5/9 23:21,2025/5/9 23:56,1,2025/5/9 23:33,NULL
657162,25050967634969,231576604,1,已付款,2025/5/9 23:22,1746802651539,0.69,2,dd391ccef6b13960d42d394c8934fc97-~1746802651539-~231576604,app-android,28,0,待定,2025/5/9 23:22,2025/5/10 0:22,1,2025/5/9 23:39,NULL
657538,25050913173310,233762542,1,已付款,2025/5/9 23:24,1746750767499,0.82,2,17d4ce1e68247e20b48538fc3d6e70f9-~1746750767499-~233762542,app-ios,27.39,0,待定,2025/5/9 23:24,2025/5/10 0:24,1,2025/5/9 23:41,NULL
658837,25050966102149,231576604,1,已付款,2025/5/9 23:20,1746803326899,4.82,2,dd391ccef6b13960d42d394c8934fc97-~1746803326899-~231576604,app-android,72,0,待定,2025/5/9 23:26,2025/5/9 23:56,1,2025/5/9 23:37,NULL
658842,25050991315556,231576604,1,已付款,2025/5/9 23:23,1746803526256,0.2,2,dd391ccef6b13960d42d394c8934fc97-~1746803526256-~231576604,app-android,19.56,0,待定,2025/5/9 23:26,2025/5/9 23:56,1,2025/5/9 23:40,NULL
659853,25050974672829,233762542,0,已失效,2025/5/9 23:30,1746785091517,0,2,17d4ce1e68247e20b48538fc3d6e70f9-~1746785091517-~233762542,app-ios,150,1,/,2025/5/9 23:30,2025/5/10 0:29,0,NULL,NULL
660893,25050974616829,231576604,1,已付款,2025/5/9 23:31,1746804440127,4.41,2,dd391ccef6b13960d42d394c8934fc97-~1746804440127-~231576604,app-android,126,0,待定,2025/5/9 23:31,2025/5/10 0:30,1,2025/5/9 23:48,NULL
663352,25050990139356,233762542,1,已付款,2025/5/9 23:38,1746785091517,0,2,17d4ce1e68247e20b48538fc3d6e70f9-~1746785091517-~233762542,app-ios,150,1,/,2025/5/9 23:38,2025/5/10 0:38,0,NULL,NULL
663409,25050973649329,231561881,1,已付款,2025/5/9 23:38,1746722998482,2.65,2,17d4ce1e68247e20b48538fc3d6e70f9-~1746722998482-~231561881,app-ios,37.9,0,待定,2025/5/9 23:38,2025/5/10 0:38,1,2025/5/9 23:55,NULL
663681,25050967148669,233502003,1,已付款,2025/5/9 23:39,1746771965135,10.49,2,17d4ce1e68247e20b48538fc3d6e70f9-~1746771965135-~233502003,app-ios,104.93,0,待定,2025/5/9 23:40,2025/5/10 0:39,1,2025/5/9 23:56,NULL
663750,25050945109585,233762542,1,已付款,2025/5/9 23:39,1746720438092,0.2,2,17d4ce1e68247e20b48538fc3d6e70f9-~1746720438092-~233762542,app-ios,39.8,0,待定,2025/5/9 23:40,2025/5/10 0:39,1,2025/5/9 23:56,NULL
665244,25050979484439,231576604,1,已付款,2025/5/9 23:42,1746805268095,20.07,2,dd391ccef6b13960d42d394c8934fc97-~1746805268095-~231576604,app-android,479.8,0,待定,2025/5/9 23:42,2025/5/10 0:42,1,2025/5/9 23:59,NULL
666921,25050965540649,231576604,1,已付款,2025/5/9 23:43,1746767068717,0,2,dd391ccef6b13960d42d394c8934fc97-~1746767068717-~231576604,app-android,0,0,待定,2025/5/9 23:46,2025/5/10 0:43,0,NULL,NULL
668100,25050925668510,231576604,1,已下单,2025/5/9 23:50,1746796816210,0,2,dd391ccef6b13960d42d394c8934fc97-~1746796816210-~231576604,app-android,1,1,/,2025/5/9 23:50,2025/5/10 0:50,0,NULL,NULL
668787,25050945658585,231576604,1,已付款,2025/5/9 23:50,1746772975231,0,2,dd391ccef6b13960d42d394c8934fc97-~1746772975231-~231576604,app-android,37.18,1,/,2025/5/9 23:51,2025/5/10 0:50,0,NULL,NULL
669010,25050924964710,231561881,1,已下单,2025/5/9 23:46,1746802473329,0.27,0,17d4ce1e68247e20b48538fc3d6e70f9-~1746802473329-~231561881,app-ios,32,0,待定,2025/5/9 23:51,2025/5/10 0:45,0,NULL,NULL
669157,25050990661756,231561881,1,已下单,2025/5/9 23:52,1746802473329,0.1,2,17d4ce1e68247e20b48538fc3d6e70f9-~1746802473329-~231561881,app-ios,14.98,0,待定,2025/5/9 23:52,2025/5/10 0:51,0,NULL,NULL
669600,25050990691956,231576604,1,已付款,2025/5/9 23:53,1746802862639,15.47,2,dd391ccef6b13960d42d394c8934fc97-~1746802862639-~231576604,app-android,309.43,0,待定,2025/5/9 23:54,2025/5/10 0:53,0,NULL,NULL
670969,25050978444939,233476754,1,已付款,2025/5/9 23:51,1746768518461,0.03,2,17d4ce1e68247e20b48538fc3d6e70f9-~1746768518461-~233476754,app-ios,1,0,待定,2025/5/9 23:56,2025/5/10 0:51,0,NULL,NULL
671008,25050973344129,233502003,1,已付款,2025/5/9 23:52,1746795149679,0.68,2,17d4ce1e68247e20b48538fc3d6e70f9-~1746795149679-~233502003,app-ios,7.5,0,待定,2025/5/9 23:56,2025/5/10 0:52,0,NULL,NULL
671027,25050925580510,231576604,1,已付款,2025/5/9 23:55,1746767840231,0,2,dd391ccef6b13960d42d394c8934fc97-~1746767840231-~231576604,app-android,0.01,1,/,2025/5/9 23:56,2025/5/10 0:55,0,NULL,NULL
672449,25051057726875,231576604,1,已付款,2025/5/10 0:03,1746783258553,14.25,2,dd391ccef6b13960d42d394c8934fc97-~1746783258553-~231576604,app-android,2852.65,0,待定,2025/5/10 0:03,2025/5/10 23:55,1,2025/5/10 0:20,NULL
672708,25051053640335,231561881,1,已付款,2025/5/10 0:03,1746805616947,0,2,17d4ce1e68247e20b48538fc3d6e70f9-~1746805616947-~231561881,app-ios,14.38,1,/,2025/5/10 0:04,2025/5/10 23:55,0,NULL,NULL
673113,25051011888016,233502003,1,已付款,2025/5/10 0:06,1746673216716,1.29,2,17d4ce1e68247e20b48538fc3d6e70f9-~1746673216716-~233502003,app-ios,18.44,0,待定,2025/5/10 0:06,2025/5/10 23:55,1,2025/5/10 0:23,NULL
673413,25051057597775,231561881,1,已付款,2025/5/10 0:07,1746754953439,0,2,17d4ce1e68247e20b48538fc3d6e70f9-~1746754953439-~231561881,app-ios,397.99,1,/,2025/5/10 0:08,2025/5/10 23:55,0,NULL,NULL
673706,25051065421552,231576604,1,已付款,2025/5/10 0:09,1746806836098,1.53,2,dd391ccef6b13960d42d394c8934fc97-~1746806836098-~231576604,app-android,51,0,待定,2025/5/10 0:09,2025/5/10 23:55,1,2025/5/10 0:26,NULL
673739,25051048893925,233502003,1,已付款,2025/5/10 0:08,1746802145541,0.59,2,17d4ce1e68247e20b48538fc3d6e70f9-~1746802145541-~233502003,app-ios,5.88,0,待定,2025/5/10 0:10,2025/5/10 23:55,1,2025/5/10 0:25,NULL
673744,25051057657475,231561881,1,已付款,2025/5/10 0:05,1746748511226,2.4,2,17d4ce1e68247e20b48538fc3d6e70f9-~1746748511226-~231561881,app-ios,47,0,待定,2025/5/10 0:10,2025/5/10 23:55,1,2025/5/10 0:22,NULL
673968,25051065343452,231576604,1,已付款,2025/5/10 0:10,1746806836098,1.03,2,dd391ccef6b13960d42d394c8934fc97-~1746806836098-~231576604,app-android,34.2,0,待定,2025/5/10 0:11,2025/5/10 23:55,1,2025/5/10 0:26,NULL
674268,25051080815708,233762582,0,已失效,2025/5/10 0:12,1746801254030,5.01,2,dd391ccef6b13960d42d394c8934fc97-~1746801254030-~233762582,app-android,166.85,0,待定,2025/5/10 0:12,2025/5/10 23:55,1,2025/5/10 0:29,NULL
674744,25050966816969,231561881,1,已下单,2025/5/9 23:56,1746806057090,0,2,17d4ce1e68247e20b48538fc3d6e70f9-~1746806057090-~231561881,app-ios,809,0,待定,2025/5/10 0:14,2025/5/10 0:56,0,NULL,NULL
674745,25050945555785,231576604,1,已付款,2025/5/9 23:55,1746802771727,3.61,2,dd391ccef6b13960d42d394c8934fc97-~1746802771727-~231576604,app-android,94.9,0,待定,2025/5/10 0:14,2025/5/10 0:55,0,NULL,NULL
675067,25051066983145,233498046,1,已付款,2025/5/10 0:15,1746768181041,5.6,2,17d4ce1e68247e20b48538fc3d6e70f9-~1746768181041-~233498046,app-ios,80,0,待定,2025/5/10 0:16,2025/5/10 23:55,1,2025/5/10 0:32,NULL
676340,25051012460216,231576604,1,已付款,2025/5/10 0:22,1746806306683,26.15,2,dd391ccef6b13960d42d394c8934fc97-~1746806306683-~231576604,app-android,92.89,0,待定,2025/5/10 0:23,2025/5/10 23:55,1,2025/5/10 0:39,NULL
676403,25051058145375,233498054,1,已付款,2025/5/10 0:23,1746722104449,0,5,dd391ccef6b13960d42d394c8934fc97-~1746722104449-~233498054,app-android,99.3,1,/,2025/5/10 0:23,2025/5/10 23:55,0,NULL,NULL
677087,25051078581265,231576604,0,已失效,2025/5/10 0:26,1746794354666,0,2,dd391ccef6b13960d42d394c8934fc97-~1746794354666-~231576604,app-android,49,1,/,2025/5/10 0:26,2025/5/10 23:55,0,NULL,NULL
677970,25050971652579,231576604,1,已付款,2025/5/9 23:59,1746793866780,0,2,dd391ccef6b13960d42d394c8934fc97-~1746793866780-~231576604,app-android,283.65,1,/,2025/5/10 0:30,2025/5/10 0:59,0,NULL,NULL
678070,25050967571969,234061612,0,已失效,2025/5/9 23:58,1746797705862,0.75,2,17d4ce1e68247e20b48538fc3d6e70f9-~1746797705862-~234061612,app-ios,24.88,0,待定,2025/5/10 0:31,2025/5/10 0:58,0,NULL,NULL
679145,25051063780645,234061612,1,已付款,2025/5/10 0:36,1746800789861,0,2,17d4ce1e68247e20b48538fc3d6e70f9-~1746800789861-~234061612,app-ios,55.6,1,/,2025/5/10 0:37,2025/5/10 23:55,0,NULL,NULL
679594,25051062560352,231561881,1,已付款,2025/5/10 0:39,1746805616947,0,2,17d4ce1e68247e20b48538fc3d6e70f9-~1746805616947-~231561881,app-ios,19.9,1,/,2025/5/10 0:39,2025/5/10 23:55,0,NULL,NULL
679640,25051078503165,231576604,0,已失效,2025/5/10 0:36,1746624937954,12.31,2,dd391ccef6b13960d42d394c8934fc97-~1746624937954-~231576604,app-android,333.39,0,待定,2025/5/10 0:40,2025/5/10 23:55,1,2025/5/10 0:53,NULL
679718,25051050751135,231576604,1,已付款,2025/5/10 0:37,1746624937954,4.7,2,dd391ccef6b13960d42d394c8934fc97-~1746624937954-~231576604,app-android,215.06,0,待定,2025/5/10 0:40,2025/5/10 23:55,1,2025/5/10 0:54,NULL
679768,25051046033225,231576604,1,已付款,2025/5/10 0:37,1746624937954,2.82,2,dd391ccef6b13960d42d394c8934fc97-~1746624937954-~231576604,app-android,70.44,0,待定,2025/5/10 0:40,2025/5/10 23:55,1,2025/5/10 0:54,NULL
679777,25051012646216,231576604,1,已付款,2025/5/10 0:37,1746624937954,4.79,2,dd391ccef6b13960d42d394c8934fc97-~1746624937954-~231576604,app-android,47.89,0,待定,2025/5/10 0:40,2025/5/10 23:55,1,2025/5/10 0:54,NULL
680315,25051050719035,231576604,1,已下单,2025/5/10 0:43,1746777138229,0,2,dd391ccef6b13960d42d394c8934fc97-~1746777138229-~231576604,app-android,73,1,/,2025/5/10 0:44,2025/5/10 23:55,0,NULL,NULL
680841,25051050646035,233502003,1,已付款,2025/5/10 0:46,1746795402383,6,2,17d4ce1e68247e20b48538fc3d6e70f9-~1746795402383-~233502003,app-ios,75,0,待定,2025/5/10 0:47,2025/5/10 23:55,1,2025/5/10 1:03,NULL
681033,25051062861252,231576604,1,已付款,2025/5/10 0:48,1746801136343,1.11,2,dd391ccef6b13960d42d394c8934fc97-~1746801136343-~231576604,app-android,37,0,待定,2025/5/10 0:48,2025/5/10 23:55,1,2025/5/10 1:04,NULL
681118,25051084488289,233502003,1,已付款,2025/5/10 0:48,1746795402383,0.86,2,17d4ce1e68247e20b48538fc3d6e70f9-~1746795402383-~233502003,app-ios,8.64,0,待定,2025/5/10 0:49,2025/5/10 23:55,1,2025/5/10 1:05,NULL
681249,25051062777152,231576604,1,已付款,2025/5/10 0:49,1746789982870,1.98,2,dd391ccef6b13960d42d394c8934fc97-~1746789982870-~231576604,app-android,21.22,0,待定,2025/5/10 0:50,2025/5/10 23:55,1,2025/5/10 1:06,NULL
681766,25051078766465,231576604,1,已付款,2025/5/10 0:52,1746804325965,0.01,2,dd391ccef6b13960d42d394c8934fc97-~1746804325965-~231576604,app-android,2.53,0,待定,2025/5/10 0:53,2025/5/10 23:55,1,2025/5/10 1:08,NULL
681864,25051084536789,231576604,1,已下单,2025/5/10 0:54,1746801066394,6.79,2,dd391ccef6b13960d42d394c8934fc97-~1746801066394-~231576604,app-android,97,0,待定,2025/5/10 0:54,2025/5/10 23:55,1,2025/5/10 1:10,NULL
683015,25051062683052,233498046,1,已付款,2025/5/10 1:02,1746802168949,22.35,2,17d4ce1e68247e20b48538fc3d6e70f9-~1746802168949-~233498046,app-ios,745,0,待定,2025/5/10 1:02,2025/5/10 23:55,1,2025/5/10 1:19,NULL
683538,25051050826435,233502003,1,已付款,2025/5/10 1:07,1746804664531,0,2,17d4ce1e68247e20b48538fc3d6e70f9-~1746804664531-~233502003,app-ios,57,1,/,2025/5/10 1:08,2025/5/10 23:55,0,NULL,NULL
685209,25051058768975,233502003,1,已付款,2025/5/10 1:31,1746807484201,20.87,2,17d4ce1e68247e20b48538fc3d6e70f9-~1746807484201-~233502003,app-ios,225.4,0,待定,2025/5/10 1:32,2025/5/10 23:55,1,2025/5/10 1:48,NULL
685718,25051064180345,231561881,1,已付款,2025/5/10 1:41,1746752760440,3.05,2,17d4ce1e68247e20b48538fc3d6e70f9-~1746752760440-~231561881,app-ios,61,0,待定,2025/5/10 1:42,2025/5/10 23:55,1,2025/5/10 1:58,NULL
685923,25051046338925,233502029,1,已付款,2025/5/10 1:46,1746809928903,0,2,dd391ccef6b13960d42d394c8934fc97-~1746809928903-~233502029,app-android,72.56,1,/,2025/5/10 1:46,2025/5/10 23:55,0,NULL,NULL
685973,25051009683316,231561881,1,已付款,2025/5/10 1:47,1746775878875,11.51,2,17d4ce1e68247e20b48538fc3d6e70f9-~1746775878875-~231561881,app-ios,104.61,0,待定,2025/5/10 1:47,2025/5/10 23:55,1,2025/5/10 2:04,NULL
686313,25051051389635,233762542,0,已失效,2025/5/10 1:55,1746806788233,3.86,2,17d4ce1e68247e20b48538fc3d6e70f9-~1746806788233-~233762542,app-ios,128.65,0,待定,2025/5/10 1:55,2025/5/10 23:55,1,2025/5/10 2:12,NULL
686482,25051081656589,231561881,1,已付款,2025/5/10 2:00,1746775878875,13.5,2,17d4ce1e68247e20b48538fc3d6e70f9-~1746775878875-~231561881,app-ios,135,0,待定,2025/5/10 2:00,2025/5/10 23:55,1,2025/5/10 2:17,NULL
686949,25051051363135,233498046,1,已付款,2025/5/10 2:16,1746805524628,37.55,2,17d4ce1e68247e20b48538fc3d6e70f9-~1746805524628-~233498046,app-ios,751,0,待定,2025/5/10 2:16,2025/5/10 23:55,1,2025/5/10 2:33,NULL
686953,25051078697008,233498046,1,已付款,2025/5/10 2:16,1746805524628,0.61,2,17d4ce1e68247e20b48538fc3d6e70f9-~1746805524628-~233498046,app-ios,121,0,待定,2025/5/10 2:16,2025/5/10 23:55,1,2025/5/10 2:33,NULL
686962,25051078697108,233498046,1,已付款,2025/5/10 2:16,1746805524628,0.1,2,17d4ce1e68247e20b48538fc3d6e70f9-~1746805524628-~233498046,app-ios,19.9,0,待定,2025/5/10 2:17,2025/5/10 23:55,1,2025/5/10 2:33,NULL
687322,25051064349745,231576604,1,已付款,2025/5/10 2:28,1746796998782,11.28,2,dd391ccef6b13960d42d394c8934fc97-~1746796998782-~231576604,app-android,161.12,0,待定,2025/5/10 2:28,2025/5/10 23:55,1,2025/5/10 2:45,NULL
687328,25051055719775,233502003,1,已付款,2025/5/10 2:28,1746805208592,48.37,2,17d4ce1e68247e20b48538fc3d6e70f9-~1746805208592-~233502003,app-ios,652,0,待定,2025/5/10 2:29,2025/5/10 23:55,1,2025/5/10 2:45,NULL
687443,25051051297135,231576604,1,已付款,2025/5/10 2:30,1746795791901,7.8,2,dd391ccef6b13960d42d394c8934fc97-~1746795791901-~231576604,app-android,260.1,0,待定,2025/5/10 2:30,2025/5/10 23:55,1,2025/5/10 2:47,NULL
687484,25051078636008,231576604,0,已失效,2025/5/10 2:31,1746795791901,10.08,2,dd391ccef6b13960d42d394c8934fc97-~1746795791901-~231576604,app-android,336,0,待定,2025/5/10 2:32,2025/5/10 23:55,1,2025/5/10 2:48,NULL
688697,25051081827589,231561881,1,已付款,2025/5/10 3:07,1746815905880,8.79,2,17d4ce1e68247e20b48538fc3d6e70f9-~1746815905880-~231561881,app-ios,293,0,待定,2025/5/10 3:08,2025/5/10 23:55,1,2025/5/10 3:24,NULL
688710,25051081828089,233498046,1,已付款,2025/5/10 3:08,1746770413155,7.4,2,17d4ce1e68247e20b48538fc3d6e70f9-~1746770413155-~233498046,app-ios,148,0,待定,2025/5/10 3:09,2025/5/10 23:55,1,2025/5/10 3:25,NULL
688864,25051051594335,231576604,1,已付款,2025/5/10 3:12,1746817031070,0,2,dd391ccef6b13960d42d394c8934fc97-~1746817031070-~231576604,app-android,23.3,1,/,2025/5/10 3:13,2025/5/10 23:55,0,NULL,NULL
689630,25051079315065,231561881,1,已付款,2025/5/10 3:35,1746818295438,2.65,5,17d4ce1e68247e20b48538fc3d6e70f9-~1746818295438-~231561881,app-ios,58,0,待定,2025/5/10 3:36,2025/5/10 23:55,1,2025/5/10 3:52,NULL
689783,25051063365752,233762542,1,已付款,2025/5/10 3:42,1746816790974,0.77,2,17d4ce1e68247e20b48538fc3d6e70f9-~1746816790974-~233762542,app-ios,25.79,0,待定,2025/5/10 3:42,2025/5/10 23:55,1,2025/5/10 3:59,NULL
689784,25051046844725,233762542,0,已失效,2025/5/10 3:42,1746816790974,2.25,2,17d4ce1e68247e20b48538fc3d6e70f9-~1746816790974-~233762542,app-ios,75.28,0,待定,2025/5/10 3:42,2025/5/10 23:55,1,2025/5/10 3:59,NULL
689788,25051010182816,233762542,1,已付款,2025/5/10 3:42,1746816790974,1.48,2,17d4ce1e68247e20b48538fc3d6e70f9-~1746816790974-~233762542,app-ios,49.49,0,待定,2025/5/10 3:42,2025/5/10 23:55,1,2025/5/10 3:59,NULL
690747,25051055931475,231576604,1,已付款,2025/5/10 4:12,1746757104271,4.46,2,dd391ccef6b13960d42d394c8934fc97-~1746757104271-~231576604,app-android,24.8,0,待定,2025/5/10 4:12,2025/5/10 23:55,1,2025/5/10 4:29,NULL
690999,25051063322352,233762542,0,已失效,2025/5/10 4:20,1746786818342,5.32,2,17d4ce1e68247e20b48538fc3d6e70f9-~1746786818342-~233762542,app-ios,342,0,待定,2025/5/10 4:21,2025/5/10 23:55,1,2025/5/10 4:37,NULL
691000,25051051505935,233762542,1,已付款,2025/5/10 4:21,1746786818342,1.51,2,17d4ce1e68247e20b48538fc3d6e70f9-~1746786818342-~233762542,app-ios,150.55,0,待定,2025/5/10 4:21,2025/5/10 23:55,1,2025/5/10 4:38,NULL
691006,25051046815825,233762542,1,已付款,2025/5/10 4:21,1746786818342,3.42,2,17d4ce1e68247e20b48538fc3d6e70f9-~1746786818342-~233762542,app-ios,113.78,0,待定,2025/5/10 4:22,2025/5/10 23:55,1,2025/5/10 4:38,NULL
691009,25051055840775,233762542,1,已付款,2025/5/10 4:21,1746786818342,0.39,2,17d4ce1e68247e20b48538fc3d6e70f9-~1746786818342-~233762542,app-ios,77.68,0,待定,2025/5/10 4:22,2025/5/10 23:55,1,2025/5/10 4:38,NULL
691561,25051082093089,231576604,1,已付款,2025/5/10 4:38,1746822901193,2.91,5,dd391ccef6b13960d42d394c8934fc97-~1746822901193-~231576604,app-android,96.96,0,待定,2025/5/10 4:39,2025/5/10 23:55,1,2025/5/10 4:55,NULL
692290,25051063602652,231576604,1,已付款,2025/5/10 5:02,1746823625212,0.85,2,dd391ccef6b13960d42d394c8934fc97-~1746823625212-~231576604,app-android,17.2,0,待定,2025/5/10 5:02,2025/5/10 23:55,1,2025/5/10 5:19,NULL
692316,25051055814475,231576604,0,已失效,2025/5/10 5:03,1746817031070,0,2,dd391ccef6b13960d42d394c8934fc97-~1746817031070-~231576604,app-android,332,1,/,2025/5/10 5:04,2025/5/10 23:55,0,NULL,NULL
692798,25051082074789,233502003,1,已付款,2025/5/10 5:18,1746784311657,5.71,2,17d4ce1e68247e20b48538fc3d6e70f9-~1746784311657-~233502003,app-ios,57.45,0,待定,2025/5/10 5:18,2025/5/10 23:55,1,2025/5/10 5:35,NULL
692807,25051078749508,231576604,1,已付款,2025/5/10 5:18,1746743630842,0.19,2,dd391ccef6b13960d42d394c8934fc97-~1746743630842-~231576604,app-android,6.22,0,待定,2025/5/10 5:19,2025/5/10 23:55,1,2025/5/10 5:35,NULL
693353,25051047083025,231561881,1,已付款,2025/5/10 5:35,1746790488190,0,2,17d4ce1e68247e20b48538fc3d6e70f9-~1746790488190-~231561881,app-ios,238,1,/,2025/5/10 5:36,2025/5/10 23:55,0,NULL,NULL
693388,25051079866365,231576604,1,已付款,2025/5/10 5:37,1746679346539,0.39,2,dd391ccef6b13960d42d394c8934fc97-~1746679346539-~231576604,app-android,3.89,0,待定,2025/5/10 5:38,2025/5/10 23:55,1,2025/5/10 5:54,NULL
693589,25051064757645,233502029,1,已付款,2025/5/10 5:40,1746808628312,39.55,2,dd391ccef6b13960d42d394c8934fc97-~1746808628312-~233502029,app-ios,791,0,待定,2025/5/10 5:43,2025/5/10 23:55,1,2025/5/10 5:57,NULL
693756,25051063526452,231561881,0,已失效,2025/5/10 5:46,1746826681278,7.06,2,17d4ce1e68247e20b48538fc3d6e70f9-~1746826681278-~231561881,app-ios,119.19,0,待定,2025/5/10 5:47,2025/5/10 23:55,1,2025/5/10 6:03,NULL
693772,25051081969989,231561881,1,已付款,2025/5/10 5:47,1746826681278,0.18,2,17d4ce1e68247e20b48538fc3d6e70f9-~1746826681278-~231561881,app-ios,18.29,0,待定,2025/5/10 5:47,2025/5/10 23:55,1,2025/5/10 6:03,NULL
693773,25051047025125,231561881,1,已付款,2025/5/10 5:47,1746826681278,0.18,2,17d4ce1e68247e20b48538fc3d6e70f9-~1746826681278-~231561881,app-ios,18.29,0,待定,2025/5/10 5:47,2025/5/10 23:55,1,2025/5/10 6:04,NULL
693775,25051079055108,231561881,1,已付款,2025/5/10 5:47,1746826681278,6.69,2,17d4ce1e68247e20b48538fc3d6e70f9-~1746826681278-~231561881,app-ios,82.61,0,待定,2025/5/10 5:47,2025/5/10 23:55,1,2025/5/10 6:04,NULL
694137,25051051643135,231576604,1,已付款,2025/5/10 5:54,1746826111177,1.12,2,dd391ccef6b13960d42d394c8934fc97-~1746826111177-~231576604,app-android,37.37,0,待定,2025/5/10 5:55,2025/5/10 23:55,1,2025/5/10 6:10,NULL
694204,25051010296616,231561881,1,已付款,2025/5/10 5:55,1746778108837,2.22,2,17d4ce1e68247e20b48538fc3d6e70f9-~1746778108837-~231561881,app-ios,27.4,0,待定,2025/5/10 5:56,2025/5/10 23:55,1,2025/5/10 6:12,NULL
694540,25051056029275,231561881,1,已付款,2025/5/10 6:03,1746742799951,2.05,2,17d4ce1e68247e20b48538fc3d6e70f9-~1746742799951-~231561881,app-ios,29.3,0,待定,2025/5/10 6:03,2025/5/10 23:55,1,2025/5/10 6:20,NULL
694777,25051047337825,231561881,1,已付款,2025/5/10 6:07,1746827246123,0,2,17d4ce1e68247e20b48538fc3d6e70f9-~1746827246123-~231561881,app-ios,1,1,/,2025/5/10 6:08,2025/5/10 23:55,0,NULL,NULL
694989,25051047258725,231576604,1,已付款,2025/5/10 6:11,1746803937882,0.24,2,dd391ccef6b13960d42d394c8934fc97-~1746803937882-~231576604,app-android,47,0,待定,2025/5/10 6:11,2025/5/10 23:55,1,2025/5/10 6:28,NULL
695017,25051052051035,231576604,1,已付款,2025/5/10 6:12,1746787034674,5.34,2,dd391ccef6b13960d42d394c8934fc97-~1746787034674-~231576604,app-android,81.27,0,待定,2025/5/10 6:12,2025/5/10 23:55,1,2025/5/10 6:29,NULL
695070,25051065022045,231561881,0,已失效,2025/5/10 6:13,1746769941577,4.2,2,17d4ce1e68247e20b48538fc3d6e70f9-~1746769941577-~231561881,app-ios,140,0,待定,2025/5/10 6:14,2025/5/10 23:55,1,2025/5/10 6:30,NULL
695076,25051010609616,233498054,1,已付款,2025/5/10 6:13,1746826546699,0.55,2,dd391ccef6b13960d42d394c8934fc97-~1746826546699-~233498054,app-android,23.2,0,待定,2025/5/10 6:14,2025/5/10 23:55,1,2025/5/10 6:30,NULL
695665,25051051920035,233762542,0,已失效,2025/5/10 6:23,1746787542524,2.26,2,17d4ce1e68247e20b48538fc3d6e70f9-~1746787542524-~233762542,app-ios,55,0,待定,2025/5/10 6:24,2025/5/10 23:55,1,2025/5/10 6:40,NULL
696276,25051051879635,231576604,1,已付款,2025/5/10 6:31,1746704938337,6.16,2,dd391ccef6b13960d42d394c8934fc97-~1746704938337-~231576604,app-android,88,0,待定,2025/5/10 6:34,2025/5/10 23:55,1,2025/5/10 6:48,NULL
696716,25051076990665,231561881,1,已付款,2025/5/10 6:42,1746762154856,0,2,17d4ce1e68247e20b48538fc3d6e70f9-~1746762154856-~231561881,app-ios,34.2,1,/,2025/5/10 6:42,2025/5/10 23:55,0,NULL,NULL
696798,25051044161825,233498046,1,已付款,2025/5/10 6:44,1746808943316,68.96,2,17d4ce1e68247e20b48538fc3d6e70f9-~1746808943316-~233498046,app-ios,927.55,0,待定,2025/5/10 6:44,2025/5/10 23:55,1,2025/5/10 7:01,NULL
697039,25051077029665,231576604,1,已付款,2025/5/10 6:45,1746798094017,6.2,2,dd391ccef6b13960d42d394c8934fc97-~1746798094017-~231576604,app-android,124,0,待定,2025/5/10 6:49,2025/5/10 23:55,1,2025/5/10 7:02,NULL
697215,25051062276745,233502003,1,已付款,2025/5/10 6:51,1746830781387,2.01,2,17d4ce1e68247e20b48538fc3d6e70f9-~1746830781387-~233502003,app-ios,67,0,待定,2025/5/10 6:52,2025/5/10 23:55,1,2025/5/10 7:08,NULL
697247,25051060938052,233502003,1,已付款,2025/5/10 6:52,1746831052735,13.9,2,17d4ce1e68247e20b48538fc3d6e70f9-~1746831052735-~233502003,app-ios,139,0,待定,2025/5/10 6:53,2025/5/10 23:55,1,2025/5/10 7:09,NULL
697496,25051044409525,231561881,1,已付款,2025/5/10 6:57,1746830962343,2.16,2,17d4ce1e68247e20b48538fc3d6e70f9-~1746830962343-~231561881,app-ios,26.62,0,待定,2025/5/10 6:58,2025/5/10 23:55,1,2025/5/10 7:14,NULL
697527,25051076933065,231561881,1,已付款,2025/5/10 6:56,1746795055652,16.17,2,17d4ce1e68247e20b48538fc3d6e70f9-~1746795055652-~231561881,app-ios,231,0,待定,2025/5/10 6:59,2025/5/10 23:55,1,2025/5/10 7:12,NULL
697545,25051044325925,233502003,1,已付款,2025/5/10 6:59,1746829839640,4.61,2,17d4ce1e68247e20b48538fc3d6e70f9-~1746829839640-~233502003,app-ios,56.9,0,待定,2025/5/10 6:59,2025/5/10 23:55,1,2025/5/10 7:16,NULL
697784,25051010961216,233502003,1,已付款,2025/5/10 7:02,1746831491402,3.3,2,17d4ce1e68247e20b48538fc3d6e70f9-~1746831491402-~233502003,app-ios,82.62,0,待定,2025/5/10 7:03,2025/5/10 23:55,1,2025/5/10 7:19,NULL
697786,25051056663675,231576604,1,已付款,2025/5/10 7:03,1746830746462,7.7,2,dd391ccef6b13960d42d394c8934fc97-~1746830746462-~231576604,app-android,154,0,待定,2025/5/10 7:03,2025/5/10 23:55,1,2025/5/10 7:20,NULL
697978,25051062135445,231576604,1,已付款,2025/5/10 7:05,1746800444267,0,2,dd391ccef6b13960d42d394c8934fc97-~1746800444267-~231576604,app-android,19.6,1,/,2025/5/10 7:05,2025/5/10 23:55,0,NULL,NULL
698305,25051056564575,231576604,1,已付款,2025/5/10 7:11,1746799366703,1.39,2,dd391ccef6b13960d42d394c8934fc97-~1746799366703-~231576604,app-android,34.8,0,待定,2025/5/10 7:12,2025/5/10 23:55,1,2025/5/10 7:28,NULL
698548,25051079915008,231561881,1,已付款,2025/5/10 7:15,1746828837743,11.7,2,17d4ce1e68247e20b48538fc3d6e70f9-~1746828837743-~231561881,app-ios,167.2,0,待定,2025/5/10 7:15,2025/5/10 23:55,1,2025/5/10 7:32,NULL
698554,25051011232116,233762582,1,已付款,2025/5/10 7:15,1746801254030,5,2,dd391ccef6b13960d42d394c8934fc97-~1746801254030-~233762582,app-android,166.6,0,待定,2025/5/10 7:16,2025/5/10 23:55,1,2025/5/10 7:32,NULL
698623,25051049333735,231576604,1,已付款,2025/5/10 7:18,1746767714200,62.15,2,dd391ccef6b13960d42d394c8934fc97-~1746767714200-~231576604,app-android,946,0,待定,2025/5/10 7:18,2025/5/10 23:55,1,2025/5/10 7:34,NULL
698821,25051049260835,231576604,1,已付款,2025/5/10 7:20,1746827184889,9.03,2,dd391ccef6b13960d42d394c8934fc97-~1746827184889-~231576604,app-android,143,0,待定,2025/5/10 7:20,2025/5/10 23:55,1,2025/5/10 7:37,NULL
699115,25051077331165,231576604,1,已付款,2025/5/10 7:25,1746829483787,5.85,2,dd391ccef6b13960d42d394c8934fc97-~1746829483787-~231576604,app-android,117,0,待定,2025/5/10 7:25,2025/5/10 23:55,1,2025/5/10 7:42,NULL
699156,25051049566835,231561881,0,已失效,2025/5/10 7:26,1746832716196,2.22,2,17d4ce1e68247e20b48538fc3d6e70f9-~1746832716196-~231561881,app-ios,27.4,0,待定,2025/5/10 7:26,2025/5/10 23:55,1,2025/5/10 7:43,NULL
699221,25051061327752,233498046,1,已付款,2025/5/10 7:27,1746803762358,0.76,2,17d4ce1e68247e20b48538fc3d6e70f9-~1746803762358-~233498046,app-ios,75.93,0,待定,2025/5/10 7:28,2025/5/10 23:55,1,2025/5/10 7:44,NULL
699276,25051057140475,233460954,0,已失效,2025/5/10 7:29,1746757018128,8,2,dd391ccef6b13960d42d394c8934fc97-~1746757018128-~233460954,app-android,159.97,0,待定,2025/5/10 7:29,2025/5/10 23:55,1,2025/5/10 7:46,NULL
699278,25051062584245,231561881,1,已付款,2025/5/10 7:29,1746829469816,2.32,2,17d4ce1e68247e20b48538fc3d6e70f9-~1746829469816-~231561881,app-ios,33.12,0,待定,2025/5/10 7:29,2025/5/10 23:55,1,2025/5/10 7:45,NULL
699477,25051077610465,231561881,1,已付款,2025/5/10 7:30,1746802600790,0,2,17d4ce1e68247e20b48538fc3d6e70f9-~1746802600790-~231561881,app-ios,155.76,1,/,2025/5/10 7:30,2025/5/10 23:55,0,NULL,NULL
699486,25051077619865,231561881,1,已付款,2025/5/10 7:31,1746750831897,2.95,2,17d4ce1e68247e20b48538fc3d6e70f9-~1746750831897-~231561881,app-ios,36.89,0,待定,2025/5/10 7:31,2025/5/10 23:55,1,2025/5/10 7:48,NULL
699608,25051057102975,233502003,1,已付款,2025/5/10 7:33,1746831399453,3.48,2,17d4ce1e68247e20b48538fc3d6e70f9-~1746831399453-~233502003,app-ios,116,0,待定,2025/5/10 7:33,2025/5/10 23:55,1,2025/5/10 7:50,NULL
699640,25051061625752,233502003,1,已付款,2025/5/10 7:34,1746831399453,2.22,2,17d4ce1e68247e20b48538fc3d6e70f9-~1746831399453-~233502003,app-ios,74,0,待定,2025/5/10 7:34,2025/5/10 23:55,1,2025/5/10 7:51,NULL
699644,25051076710708,233502003,0,已失效,2025/5/10 7:34,1746831399453,4.44,2,17d4ce1e68247e20b48538fc3d6e70f9-~1746831399453-~233502003,app-ios,148,0,待定,2025/5/10 7:34,2025/5/10 23:55,1,2025/5/10 7:51,NULL
699647,25051061627052,233502003,1,已付款,2025/5/10 7:34,1746831399453,2.22,2,17d4ce1e68247e20b48538fc3d6e70f9-~1746831399453-~233502003,app-ios,74,0,待定,2025/5/10 7:34,2025/5/10 23:55,1,2025/5/10 7:51,NULL
699648,25051061625452,233502029,1,已付款,2025/5/10 7:34,1746789835324,24.85,2,dd391ccef6b13960d42d394c8934fc97-~1746789835324-~233502029,app-android,355,0,待定,2025/5/10 7:34,2025/5/10 23:55,1,2025/5/10 7:51,NULL
699848,25051049398035,231561881,1,已付款,2025/5/10 7:35,1746764270235,1.64,2,17d4ce1e68247e20b48538fc3d6e70f9-~1746764270235-~231561881,app-ios,54.61,0,待定,2025/5/10 7:35,2025/5/10 23:55,1,2025/5/10 7:51,NULL
699967,25051079992789,231576604,1,已付款,2025/5/10 7:37,1746817031070,0,2,dd391ccef6b13960d42d394c8934fc97-~1746817031070-~231576604,app-android,276,1,/,2025/5/10 7:37,2025/5/10 23:55,0,NULL,NULL
700211,25051080030089,231561881,1,已付款,2025/5/10 7:39,1746794067197,5.45,2,17d4ce1e68247e20b48538fc3d6e70f9-~1746794067197-~231561881,app-ios,68.14,0,待定,2025/5/10 7:40,2025/5/10 23:55,1,2025/5/10 7:56,NULL
700839,25051077010608,231576604,1,已付款,2025/5/10 7:46,1746751911156,0,2,dd391ccef6b13960d42d394c8934fc97-~1746751911156-~231576604,app-android,46.2,1,/,2025/5/10 7:46,2025/5/10 23:55,0,NULL,NULL
701350,25051061710052,233762582,0,已失效,2025/5/10 7:51,1746801254030,21.61,2,dd391ccef6b13960d42d394c8934fc97-~1746801254030-~233762582,app-android,481,0,待定,2025/5/10 7:52,2025/5/10 23:55,1,2025/5/10 8:08,NULL
701696,25051077264608,231576604,1,已付款,2025/5/10 7:55,1746792493460,2.72,5,dd391ccef6b13960d42d394c8934fc97-~1746792493460-~231576604,app-android,43.86,0,待定,2025/5/10 7:55,2025/5/10 23:55,1,2025/5/10 8:12,NULL
701704,25051080087289,233762582,0,已失效,2025/5/10 7:55,1746796582577,0.24,2,dd391ccef6b13960d42d394c8934fc97-~1746796582577-~233762582,app-android,29,0,待定,2025/5/10 7:56,2025/5/10 23:55,1,2025/5/10 8:12,NULL
701718,25051078024265,231576604,1,已付款,2025/5/10 7:55,1746807552910,1.89,2,dd391ccef6b13960d42d394c8934fc97-~1746807552910-~231576604,app-android,63,0,待定,2025/5/10 7:56,2025/5/10 23:59,1,NULL,NULL
701912,25051008436916,231561881,1,已付款,2025/5/10 7:58,1746804472169,2.96,2,17d4ce1e68247e20b48538fc3d6e70f9-~1746804472169-~231561881,app-ios,14.8,0,待定,2025/5/10 7:59,2025/5/10 23:55,1,2025/5/10 8:15,NULL
701952,25051045458925,231576604,1,已付款,2025/5/10 7:59,1746807552910,7.4,2,dd391ccef6b13960d42d394c8934fc97-~1746807552910-~231576604,app-android,148,0,待定,2025/5/10 7:59,2025/5/10 23:59,1,NULL,NULL
702332,25051063238745,231561881,1,已付款,2025/5/10 8:03,1746790204320,0.13,2,17d4ce1e68247e20b48538fc3d6e70f9-~1746790204320-~231561881,app-ios,3.9,0,待定,2025/5/10 8:03,2025/5/10 23:55,1,2025/5/10 8:20,NULL
702456,25051080350689,231561881,1,已付款,2025/5/10 8:04,1746834857336,0.5,2,17d4ce1e68247e20b48538fc3d6e70f9-~1746834857336-~231561881,app-ios,6.27,0,待定,2025/5/10 8:04,2025/5/10 23:55,1,2025/5/10 8:21,NULL
702700,25051054466575,233498054,1,已付款,2025/5/10 8:05,1746772630140,0,2,dd391ccef6b13960d42d394c8934fc97-~1746772630140-~233498054,app-android,298,1,/,2025/5/10 8:06,2025/5/10 23:55,0,NULL,NULL
703217,25051008579516,231576604,1,已付款,2025/5/10 8:12,1746786393394,2.86,2,dd391ccef6b13960d42d394c8934fc97-~1746786393394-~231576604,app-android,95.2,0,待定,2025/5/10 8:12,2025/5/10 23:55,1,2025/5/10 8:29,NULL
703555,25051054337775,231561881,1,已付款,2025/5/10 8:15,1746748335232,6.79,2,17d4ce1e68247e20b48538fc3d6e70f9-~1746748335232-~231561881,app-ios,97,0,待定,2025/5/10 8:15,2025/5/10 23:55,1,2025/5/10 8:32,NULL
703654,25051063383445,231561881,1,已付款,2025/5/10 8:15,1746829953421,2.86,2,17d4ce1e68247e20b48538fc3d6e70f9-~1746829953421-~231561881,app-ios,35.32,0,待定,2025/5/10 8:16,2025/5/10 23:55,1,2025/5/10 8:32,NULL
703684,25051078107865,231576604,1,已付款,2025/5/10 8:16,1746835634535,1.54,2,dd391ccef6b13960d42d394c8934fc97-~1746835634535-~231576604,app-android,19.06,0,待定,2025/5/10 8:16,2025/5/10 23:55,1,2025/5/10 8:33,NULL
703787,25051078443165,231561881,1,已付款,2025/5/10 8:18,1746748335232,6.79,2,17d4ce1e68247e20b48538fc3d6e70f9-~1746748335232-~231561881,app-ios,97,0,待定,2025/5/10 8:18,2025/5/10 23:55,1,2025/5/10 8:35,NULL
703850,25051062134152,233498046,1,已付款,2025/5/10 8:15,1746832339355,7.2,2,17d4ce1e68247e20b48538fc3d6e70f9-~1746832339355-~233498046,app-android,90,0,待定,2025/5/10 8:18,2025/5/10 23:55,1,2025/5/10 8:32,NULL
704147,25051042592725,231576604,1,已付款,2025/5/10 8:20,1746798702903,0,2,dd391ccef6b13960d42d394c8934fc97-~1746798702903-~231576604,app-android,248.37,1,/,2025/5/10 8:20,2025/5/10 23:55,0,NULL,NULL
704173,25051059165952,231561881,0,已失效,2025/5/10 8:20,1746835022473,121.17,2,17d4ce1e68247e20b48538fc3d6e70f9-~1746835022473-~231561881,app-ios,1755.71,0,待定,2025/5/10 8:20,2025/5/10 23:55,1,2025/5/10 8:37,NULL
704176,25051080878589,231561881,1,已付款,2025/5/10 8:21,1746835022473,21.76,2,17d4ce1e68247e20b48538fc3d6e70f9-~1746835022473-~231561881,app-ios,272.05,0,待定,2025/5/10 8:21,2025/5/10 23:55,1,2025/5/10 8:38,NULL
704196,25051080879889,231561881,1,已付款,2025/5/10 8:21,1746835022473,10.53,2,17d4ce1e68247e20b48538fc3d6e70f9-~1746835022473-~231561881,app-ios,350.94,0,待定,2025/5/10 8:21,2025/5/10 23:55,1,2025/5/10 8:38,NULL
704197,25051063687345,231561881,1,已付款,2025/5/10 8:21,1746835022473,9.11,2,17d4ce1e68247e20b48538fc3d6e70f9-~1746835022473-~231561881,app-ios,303.74,0,待定,2025/5/10 8:21,2025/5/10 23:55,1,2025/5/10 8:38,NULL
704198,25051077541008,231561881,1,已付款,2025/5/10 8:21,1746835022473,27.59,2,17d4ce1e68247e20b48538fc3d6e70f9-~1746835022473-~231561881,app-ios,394.16,0,待定,2025/5/10 8:21,2025/5/10 23:55,1,2025/5/10 8:38,NULL
704212,25051063691845,231561881,1,已付款,2025/5/10 8:21,1746835022473,52.18,2,17d4ce1e68247e20b48538fc3d6e70f9-~1746835022473-~231561881,app-ios,434.83,0,待定,2025/5/10 8:21,2025/5/10 23:55,1,2025/5/10 8:38,NULL
704422,25051042587725,233502029,1,已付款,2025/5/10 8:20,1746804959401,0.8,2,dd391ccef6b13960d42d394c8934fc97-~1746804959401-~233502029,app-android,159,0,待定,2025/5/10 8:24,2025/5/10 23:55,1,2025/5/10 8:37,NULL
704465,25051054520175,231561881,1,已付款,2025/5/10 8:24,1746836535190,1.4,2,17d4ce1e68247e20b48538fc3d6e70f9-~1746836535190-~231561881,app-ios,51.75,0,待定,2025/5/10 8:24,2025/5/10 23:55,1,2025/5/10 8:41,NULL
704599,25051080754789,231561881,1,已付款,2025/5/10 8:24,1746771703203,1.99,2,17d4ce1e68247e20b48538fc3d6e70f9-~1746771703203-~231561881,app-ios,33.2,0,待定,2025/5/10 8:25,2025/5/10 23:55,1,2025/5/10 8:41,NULL
704790,25051050516135,231576604,1,已付款,2025/5/10 8:25,1746797224891,3.7,2,dd391ccef6b13960d42d394c8934fc97-~1746797224891-~231576604,app-android,123.18,0,待定,2025/5/10 8:26,2025/5/10 23:55,1,2025/5/10 8:42,NULL
704795,25051063593345,231576604,1,已付款,2025/5/10 8:25,1746836692529,3.48,2,dd391ccef6b13960d42d394c8934fc97-~1746836692529-~231576604,app-android,116,0,待定,2025/5/10 8:26,2025/5/10 23:55,1,2025/5/10 8:42,NULL
704917,25051050555535,233502029,0,已失效,2025/5/10 8:27,1746791588869,0,2,dd391ccef6b13960d42d394c8934fc97-~1746791588869-~233502029,app-android,409.7,1,/,2025/5/10 8:27,2025/5/10 23:55,0,NULL,NULL
704972,25051042526025,233502029,1,已付款,2025/5/10 8:27,1746791588869,0,2,dd391ccef6b13960d42d394c8934fc97-~1746791588869-~233502029,app-android,10.8,1,/,2025/5/10 8:28,2025/5/10 23:55,0,NULL,NULL
704973,25051080712489,231576604,1,已付款,2025/5/10 8:27,1746836662930,17.22,2,dd391ccef6b13960d42d394c8934fc97-~1746836662930-~231576604,app-android,574,0,待定,2025/5/10 8:28,2025/5/10 23:55,1,2025/5/10 8:44,NULL
704982,25051009102116,233502029,1,已付款,2025/5/10 8:27,1746791588869,0,2,dd391ccef6b13960d42d394c8934fc97-~1746791588869-~233502029,app-android,398.9,1,/,2025/5/10 8:28,2025/5/10 23:55,0,NULL,NULL
705043,25051042450425,231576604,1,已付款,2025/5/10 8:28,1746794103188,16.87,2,dd391ccef6b13960d42d394c8934fc97-~1746794103188-~231576604,app-android,241,0,待定,2025/5/10 8:29,2025/5/10 23:59,1,NULL,NULL
705537,25051009083716,233498046,0,已失效,2025/5/10 8:31,1746800938551,0,2,17d4ce1e68247e20b48538fc3d6e70f9-~1746800938551-~233498046,app-ios,141,1,/,2025/5/10 8:32,2025/5/10 23:55,0,NULL,NULL
705705,25051042766825,231576604,1,已付款,2025/5/10 8:34,1746805215906,0.83,2,dd391ccef6b13960d42d394c8934fc97-~1746805215906-~231576604,app-android,83,0,待定,2025/5/10 8:34,2025/5/10 23:55,1,2025/5/10 8:51,NULL
706617,25051043020825,233502029,0,已失效,2025/5/10 8:41,1746836577528,5.82,2,dd391ccef6b13960d42d394c8934fc97-~1746836577528-~233502029,app-android,194,0,待定,2025/5/10 8:41,2025/5/10 23:55,1,2025/5/10 8:58,NULL
706627,25051060838545,233498046,1,已付款,2025/5/10 8:41,1746794533000,0,2,17d4ce1e68247e20b48538fc3d6e70f9-~1746794533000-~233498046,app-ios,43.36,1,/,2025/5/10 8:41,2025/5/10 23:55,0,NULL,NULL
707156,25051059482952,233762582,1,已付款,2025/5/10 8:45,1746799197517,2.38,2,dd391ccef6b13960d42d394c8934fc97-~1746799197517-~233762582,app-android,84.39,0,待定,2025/5/10 8:45,2025/5/10 23:55,1,2025/5/10 9:02,NULL
707280,25051009518216,233498054,1,已付款,2025/5/10 8:47,1746828081188,0.38,2,dd391ccef6b13960d42d394c8934fc97-~1746828081188-~233498054,app-android,76.86,0,待定,2025/5/10 8:47,2025/5/10 23:55,1,2025/5/10 9:04,NULL
707285,25051042849925,231561881,1,已付款,2025/5/10 8:47,1746807764728,4.95,2,17d4ce1e68247e20b48538fc3d6e70f9-~1746807764728-~231561881,app-ios,99,0,待定,2025/5/10 8:47,2025/5/10 23:55,1,2025/5/10 9:04,NULL
707347,25051047619735,231576604,1,已付款,2025/5/10 8:47,1746796771184,19.98,2,dd391ccef6b13960d42d394c8934fc97-~1746796771184-~231576604,app-android,224.89,0,待定,2025/5/10 8:48,2025/5/10 23:55,1,2025/5/10 9:04,NULL
707415,25051081465989,231576604,1,已付款,2025/5/10 8:48,1746754315547,0.18,2,dd391ccef6b13960d42d394c8934fc97-~1746754315547-~231576604,app-android,18.18,0,待定,2025/5/10 8:48,2025/5/10 23:55,1,2025/5/10 9:05,NULL
707799,25051078103608,233502003,1,已付款,2025/5/10 8:51,1746837937805,7.84,2,17d4ce1e68247e20b48538fc3d6e70f9-~1746837937805-~233502003,app-ios,112,0,待定,2025/5/10 8:51,2025/5/10 23:55,1,2025/5/10 9:08,NULL
708198,25051055490375,231561881,1,已付款,2025/5/10 8:55,1746838223954,0,2,17d4ce1e68247e20b48538fc3d6e70f9-~1746838223954-~231561881,app-ios,40.2,1,/,2025/5/10 8:55,2025/5/10 23:55,0,NULL,NULL
708436,25051075157108,231576604,1,已付款,2025/5/10 8:56,1746806270289,5.37,2,dd391ccef6b13960d42d394c8934fc97-~1746806270289-~231576604,app-android,53.7,0,待定,2025/5/10 8:56,2025/5/10 23:55,1,2025/5/10 9:13,NULL
708470,25051047831035,231561881,1,已付款,2025/5/10 8:56,1746771703203,27.58,2,17d4ce1e68247e20b48538fc3d6e70f9-~1746771703203-~231561881,app-ios,394,0,待定,2025/5/10 8:57,2025/5/10 23:55,1,2025/5/10 9:13,NULL
708626,25051055453675,233502003,1,已付款,2025/5/10 8:58,1746838569390,32.69,2,17d4ce1e68247e20b48538fc3d6e70f9-~1746838569390-~233502003,app-ios,467,0,待定,2025/5/10 8:58,2025/5/10 23:55,1,2025/5/10 9:15,NULL
708877,25051078350089,233502003,1,已付款,2025/5/10 9:00,1746838569390,18.48,2,17d4ce1e68247e20b48538fc3d6e70f9-~1746838569390-~233502003,app-ios,264,0,待定,2025/5/10 9:00,2025/5/10 23:55,1,2025/5/10 9:17,NULL
708894,25051006329216,231576604,1,已付款,2025/5/10 8:59,1746794178273,6.82,2,dd391ccef6b13960d42d394c8934fc97-~1746794178273-~231576604,app-android,62,0,待定,2025/5/10 9:00,2025/5/10 23:55,1,2025/5/10 9:16,NULL
709054,25051048121735,233502003,1,已付款,2025/5/10 9:00,1746838569390,29.19,2,17d4ce1e68247e20b48538fc3d6e70f9-~1746838569390-~233502003,app-ios,417,0,待定,2025/5/10 9:01,2025/5/10 23:55,1,2025/5/10 9:17,NULL
709233,25051055364875,233762542,1,已付款,2025/5/10 9:03,1746833946359,0.89,2,17d4ce1e68247e20b48538fc3d6e70f9-~1746833946359-~233762542,app-ios,26.76,0,待定,2025/5/10 9:03,2025/5/10 23:55,1,2025/5/10 9:20,NULL
709836,25051043628025,231561881,1,已付款,2025/5/10 9:07,1746834794071,0,2,17d4ce1e68247e20b48538fc3d6e70f9-~1746834794071-~231561881,app-ios,19.3,1,/,2025/5/10 9:08,2025/5/10 23:55,0,NULL,NULL
710005,25051060143752,231561881,1,已付款,2025/5/10 9:09,1746778146105,1.24,2,17d4ce1e68247e20b48538fc3d6e70f9-~1746778146105-~231561881,app-ios,31.04,0,待定,2025/5/10 9:09,2025/5/10 23:55,1,2025/5/10 9:26,NULL
710114,25051076096265,231561881,1,已付款,2025/5/10 9:09,1746791942886,5.95,2,17d4ce1e68247e20b48538fc3d6e70f9-~1746791942886-~231561881,app-ios,85,0,待定,2025/5/10 9:10,2025/5/10 23:55,1,2025/5/10 9:26,NULL
710284,25051075598008,231561881,1,已付款,2025/5/10 9:10,1746778146105,3.8,2,17d4ce1e68247e20b48538fc3d6e70f9-~1746778146105-~231561881,app-ios,76,0,待定,2025/5/10 9:10,2025/5/10 23:55,1,2025/5/10 9:27,NULL
710368,25051061331045,231561881,1,已付款,2025/5/10 9:11,1746778146105,5.49,2,17d4ce1e68247e20b48538fc3d6e70f9-~1746778146105-~231561881,app-ios,183,0,待定,2025/5/10 9:11,2025/5/10 23:55,1,2025/5/10 9:27,NULL
710441,25051043521525,231561881,1,已付款,2025/5/10 9:11,1746778146105,20.06,2,17d4ce1e68247e20b48538fc3d6e70f9-~1746778146105-~231561881,app-ios,668.9,0,待定,2025/5/10 9:12,2025/5/10 23:55,1,2025/5/10 9:28,NULL
710633,25051006862116,231561881,1,已付款,2025/5/10 9:13,1746802888596,0,2,17d4ce1e68247e20b48538fc3d6e70f9-~1746802888596-~231561881,app-ios,379.42,1,/,2025/5/10 9:13,2025/5/10 23:55,0,NULL,NULL
711301,25051061618945,233502003,1,已付款,2025/5/10 9:18,1746829793322,6.66,2,17d4ce1e68247e20b48538fc3d6e70f9-~1746829793322-~233502003,app-ios,82.26,0,待定,2025/5/10 9:18,2025/5/10 23:55,1,2025/5/10 9:35,NULL
711758,25051060250652,233502003,1,已付款,2025/5/10 9:21,1746794430157,13.17,2,17d4ce1e68247e20b48538fc3d6e70f9-~1746794430157-~233502003,app-ios,439,0,待定,2025/5/10 9:21,2025/5/10 23:55,1,2025/5/10 9:38,NULL
712011,25051076575265,231576604,1,已付款,2025/5/10 9:23,1746796394021,0.11,2,dd391ccef6b13960d42d394c8934fc97-~1746796394021-~231576604,app-android,22.84,0,待定,2025/5/10 9:24,2025/5/10 23:55,1,2025/5/10 9:40,NULL
712352,25051043991525,233502029,1,已付款,2025/5/10 9:25,1746787240634,0.23,2,dd391ccef6b13960d42d394c8934fc97-~1746787240634-~233502029,app-android,46,0,待定,2025/5/10 9:25,2025/5/10 23:55,1,2025/5/10 9:42,NULL
712379,25051078885775,231576604,1,已付款,2025/5/10 9:25,1746834148255,3.91,2,dd391ccef6b13960d42d394c8934fc97-~1746834148255-~231576604,app-android,55.91,0,待定,2025/5/10 9:26,2025/5/10 23:55,1,2025/5/10 9:42,NULL
712422,25051048673935,231576604,1,已付款,2025/5/10 9:26,1746803621403,0,2,dd391ccef6b13960d42d394c8934fc97-~1746803621403-~231576604,app-android,119,1,/,2025/5/10 9:26,2025/5/10 23:55,0,NULL,NULL
712572,25051076792165,233460954,1,已付款,2025/5/10 9:28,1746837386308,1.42,2,dd391ccef6b13960d42d394c8934fc97-~1746837386308-~233460954,app-android,20,0,待定,2025/5/10 9:28,2025/5/10 23:55,1,2025/5/10 9:45,NULL
712682,25051078899889,231561881,1,已付款,2025/5/10 9:29,1746840239054,11.41,2,17d4ce1e68247e20b48538fc3d6e70f9-~1746840239054-~231561881,app-ios,163,0,待定,2025/5/10 9:29,2025/5/10 23:55,1,2025/5/10 9:46,NULL
712701,25051076824165,231561881,0,已失效,2025/5/10 9:29,1746793667525,4.44,2,17d4ce1e68247e20b48538fc3d6e70f9-~1746793667525-~231561881,app-ios,148.1,0,待定,2025/5/10 9:29,2025/5/10 23:55,1,2025/5/10 9:46,NULL
713009,25051040956425,233502029,1,已付款,2025/5/10 9:30,1746839616548,0.3,2,dd391ccef6b13960d42d394c8934fc97-~1746839616548-~233502029,app-android,15,0,待定,2025/5/10 9:30,2025/5/10 23:55,1,2025/5/10 9:47,NULL
713186,25051076701965,231576604,0,已失效,2025/5/10 9:32,1746839271998,13.16,2,dd391ccef6b13960d42d394c8934fc97-~1746839271998-~231576604,app-android,289.7,0,待定,2025/5/10 9:32,2025/5/10 23:55,1,2025/5/10 9:49,NULL
713872,25051048795735,233762542,1,已付款,2025/5/10 9:37,1746840699549,0.7,2,17d4ce1e68247e20b48538fc3d6e70f9-~1746840699549-~233762542,app-ios,23.4,0,待定,2025/5/10 9:38,2025/5/10 23:55,1,2025/5/10 9:54,NULL
713874,25051073672565,231576604,1,已付款,2025/5/10 9:37,1746805919764,0,2,dd391ccef6b13960d42d394c8934fc97-~1746805919764-~231576604,app-android,255.55,1,/,2025/5/10 9:38,2025/5/10 23:55,0,NULL,NULL
713880,25051073664465,231561881,1,已付款,2025/5/10 9:37,1746804241207,6.23,2,17d4ce1e68247e20b48538fc3d6e70f9-~1746804241207-~231561881,app-ios,89,0,待定,2025/5/10 9:38,2025/5/10 23:55,1,2025/5/10 9:54,NULL
714376,25051079408589,231561881,0,已失效,2025/5/10 9:40,1746835027531,117.47,2,17d4ce1e68247e20b48538fc3d6e70f9-~1746835027531-~231561881,app-ios,2788.86,0,待定,2025/5/10 9:40,2025/5/10 23:55,1,2025/5/10 9:57,NULL
714405,25051058947645,231561881,1,已付款,2025/5/10 9:40,1746835027531,115.98,2,17d4ce1e68247e20b48538fc3d6e70f9-~1746835027531-~231561881,app-ios,2639.88,0,待定,2025/5/10 9:41,2025/5/10 23:55,1,2025/5/10 9:57,NULL
714444,25051045906535,231561881,1,已付款,2025/5/10 9:40,1746835027531,1.49,2,17d4ce1e68247e20b48538fc3d6e70f9-~1746835027531-~231561881,app-ios,148.99,0,待定,2025/5/10 9:41,2025/5/10 23:55,1,2025/5/10 9:57,NULL
714470,25051079329589,233502029,1,已付款,2025/5/10 9:41,1746840540921,1.89,2,dd391ccef6b13960d42d394c8934fc97-~1746840540921-~233502029,app-android,189,0,待定,2025/5/10 9:41,2025/5/10 23:55,1,2025/5/10 9:58,NULL
714574,25051045852535,231576604,1,已下单,2025/5/10 9:42,1746766370327,0,2,dd391ccef6b13960d42d394c8934fc97-~1746766370327-~231576604,app-android,291,1,/,2025/5/10 9:42,2025/5/10 23:55,0,NULL,NULL
714756,25051045790635,233460954,1,已付款,2025/5/10 9:43,1746835813814,35.04,2,dd391ccef6b13960d42d394c8934fc97-~1746835813814-~233460954,app-android,642,0,待定,2025/5/10 9:44,2025/5/10 23:55,1,2025/5/10 10:00,NULL
714760,25051073943465,233502029,1,已付款,2025/5/10 9:43,1746763990640,2.16,2,dd391ccef6b13960d42d394c8934fc97-~1746763990640-~233502029,app-android,215.04,0,待定,2025/5/10 9:44,2025/5/10 23:55,1,2025/5/10 10:00,NULL
715013,25051076315008,233502029,1,已付款,2025/5/10 9:44,1746840498888,0.25,2,dd391ccef6b13960d42d394c8934fc97-~1746840498888-~233502029,app-android,3.11,0,待定,2025/5/10 9:45,2025/5/10 23:55,1,2025/5/10 10:01,NULL
715172,25051059189545,233498046,1,已付款,2025/5/10 9:45,1746804343107,3.92,2,17d4ce1e68247e20b48538fc3d6e70f9-~1746804343107-~233498046,app-ios,130.7,0,待定,2025/5/10 9:45,2025/5/10 23:55,1,2025/5/10 10:02,NULL
715201,25051073909465,233762542,1,已付款,2025/5/10 9:46,1746790945355,8.92,2,17d4ce1e68247e20b48538fc3d6e70f9-~1746790945355-~233762542,app-ios,297.43,0,待定,2025/5/10 9:46,2025/5/10 23:55,1,2025/5/10 10:03,NULL
715363,25051059127745,231561881,1,已付款,2025/5/10 9:46,1746832716196,2.22,2,17d4ce1e68247e20b48538fc3d6e70f9-~1746832716196-~231561881,app-ios,27.4,0,待定,2025/5/10 9:47,2025/5/10 23:55,1,2025/5/10 10:03,NULL
715413,25051059143045,233498046,1,已付款,2025/5/10 9:47,1746836337305,1.62,2,17d4ce1e68247e20b48538fc3d6e70f9-~1746836337305-~233498046,app-ios,54,0,待定,2025/5/10 9:47,2025/5/10 23:55,1,2025/5/10 10:04,NULL
715424,25051057814752,233762582,1,已付款,2025/5/10 9:47,1746794805815,0,2,dd391ccef6b13960d42d394c8934fc97-~1746794805815-~233762582,app-android,89,1,/,2025/5/10 9:47,2025/5/10 23:55,0,NULL,NULL
715432,25051046010235,231576604,0,已失效,2025/5/10 9:48,1746797595880,62.1,2,dd391ccef6b13960d42d394c8934fc97-~1746797595880-~231576604,app-android,2070,0,待定,2025/5/10 9:48,2025/5/10 23:55,1,2025/5/10 10:05,NULL
715436,25051076614808,231576604,1,已付款,2025/5/10 9:48,1746797595880,31.05,2,dd391ccef6b13960d42d394c8934fc97-~1746797595880-~231576604,app-android,1035,0,待定,2025/5/10 9:48,2025/5/10 23:55,1,2025/5/10 10:05,NULL
715449,25051073769265,231576604,1,已付款,2025/5/10 9:48,1746797595880,31.05,2,dd391ccef6b13960d42d394c8934fc97-~1746797595880-~231576604,app-android,1035,0,待定,2025/5/10 9:48,2025/5/10 23:55,1,2025/5/10 10:05,NULL
715469,25051076613608,231576604,1,已付款,2025/5/10 9:48,1746774381646,12.6,2,dd391ccef6b13960d42d394c8934fc97-~1746774381646-~231576604,app-android,274,0,待定,2025/5/10 9:48,2025/5/10 23:55,1,2025/5/10 10:05,NULL
715517,25051079521389,231576604,1,已付款,2025/5/10 9:48,1746827351935,2.04,2,dd391ccef6b13960d42d394c8934fc97-~1746827351935-~231576604,app-android,40.02,0,待定,2025/5/10 9:48,2025/5/10 23:55,1,2025/5/10 10:05,NULL
715585,25051046045035,231576604,1,已付款,2025/5/10 9:49,1746797595880,7.74,2,dd391ccef6b13960d42d394c8934fc97-~1746797595880-~231576604,app-android,38.7,0,待定,2025/5/10 9:49,2025/5/10 23:55,1,2025/5/10 10:06,NULL
716057,25051041231325,231561881,0,已失效,2025/5/10 9:51,1746772965159,0,2,17d4ce1e68247e20b48538fc3d6e70f9-~1746772965159-~231561881,app-ios,388,1,/,2025/5/10 9:51,2025/5/10 23:55,0,NULL,NULL
716105,25051041237925,231561881,1,已付款,2025/5/10 9:51,1746772965159,0,2,17d4ce1e68247e20b48538fc3d6e70f9-~1746772965159-~231561881,app-ios,208,1,/,2025/5/10 9:51,2025/5/10 23:55,0,NULL,NULL
716147,25051074169165,231561881,1,已付款,2025/5/10 9:51,1746772965159,0,2,17d4ce1e68247e20b48538fc3d6e70f9-~1746772965159-~231561881,app-ios,180,1,/,2025/5/10 9:52,2025/5/10 23:55,0,NULL,NULL
716189,25051058153852,233460954,1,已付款,2025/5/10 9:52,1746833076227,0,2,dd391ccef6b13960d42d394c8934fc97-~1746833076227-~233460954,app-android,37,1,/,2025/5/10 9:52,2025/5/10 23:55,0,NULL,NULL
716203,25051058160852,233502003,1,已付款,2025/5/10 9:52,1746782954748,1.49,2,17d4ce1e68247e20b48538fc3d6e70f9-~1746782954748-~233502003,app-ios,14.91,0,待定,2025/5/10 9:52,2025/5/10 23:55,1,2025/5/10 10:09,NULL
716230,25051007818216,233762582,1,已付款,2025/5/10 9:52,1746779303749,2.54,2,dd391ccef6b13960d42d394c8934fc97-~1746779303749-~233762582,app-android,42.36,0,待定,2025/5/10 9:52,2025/5/10 23:55,1,2025/5/10 10:09,NULL
716855,25051041552125,234061612,0,已失效,2025/5/10 9:55,1746803027705,5.91,2,17d4ce1e68247e20b48538fc3d6e70f9-~1746803027705-~234061612,app-ios,124,0,待定,2025/5/10 9:55,2025/5/10 23:55,1,2025/5/10 10:12,NULL
716955,25051073556208,234061612,1,已付款,2025/5/10 9:55,1746803027705,3.56,2,17d4ce1e68247e20b48538fc3d6e70f9-~1746803027705-~234061612,app-ios,44,0,待定,2025/5/10 9:56,2025/5/10 23:55,1,2025/5/10 10:12,NULL
717044,25051011667912,233762582,1,已付款,2025/5/10 9:56,1746801254030,21.61,2,dd391ccef6b13960d42d394c8934fc97-~1746801254030-~233762582,app-android,481,0,待定,2025/5/10 9:56,2025/5/10 23:55,1,2025/5/10 10:13,NULL
717671,25051073397408,234061612,0,已失效,2025/5/10 9:59,1746842290491,0,2,17d4ce1e68247e20b48538fc3d6e70f9-~1746842290491-~234061612,app-ios,92,1,/,2025/5/10 10:00,2025/5/10 23:55,0,NULL,NULL
717830,25051073430908,234061612,0,已失效,2025/5/10 10:00,1746842290491,0,2,17d4ce1e68247e20b48538fc3d6e70f9-~1746842290491-~234061612,app-ios,64,1,/,2025/5/10 10:00,2025/5/10 23:55,0,NULL,NULL
717856,25051073699408,231576604,1,已付款,2025/5/10 10:00,1746836936964,3.92,2,dd391ccef6b13960d42d394c8934fc97-~1746836936964-~231576604,app-android,97.88,0,待定,2025/5/10 10:00,2025/5/10 23:55,1,2025/5/10 10:17,NULL
717902,25051074486365,231576604,1,已付款,2025/5/10 10:00,1746836826122,1.13,2,dd391ccef6b13960d42d394c8934fc97-~1746836826122-~231576604,app-android,18.81,0,待定,2025/5/10 10:01,2025/5/10 23:55,1,2025/5/10 10:17,NULL
717917,25051058480152,233762542,1,已付款,2025/5/10 10:01,1746788193733,13.14,2,17d4ce1e68247e20b48538fc3d6e70f9-~1746788193733-~233762542,app-ios,146,0,待定,2025/5/10 10:01,2025/5/10 23:55,1,2025/5/10 10:17,NULL
717935,25051074481265,231561881,1,已付款,2025/5/10 10:00,1746842082697,0.11,2,17d4ce1e68247e20b48538fc3d6e70f9-~1746842082697-~231561881,app-ios,22.1,0,待定,2025/5/10 10:01,2025/5/10 23:55,1,2025/5/10 10:17,NULL
717978,25051073733508,233502029,0,已失效,2025/5/10 10:00,1746795221087,0.26,2,dd391ccef6b13960d42d394c8934fc97-~1746795221087-~233502029,app-android,52.7,0,待定,2025/5/10 10:01,2025/5/10 23:55,1,2025/5/10 10:17,NULL
718002,25051074462265,231576604,1,已付款,2025/5/10 10:01,1746788010878,8.03,2,dd391ccef6b13960d42d394c8934fc97-~1746788010878-~231576604,app-android,100.38,0,待定,2025/5/10 10:01,2025/5/10 23:55,1,2025/5/10 10:18,NULL
718012,25051076861589,231561881,1,已付款,2025/5/10 10:01,1746842026717,0.37,2,17d4ce1e68247e20b48538fc3d6e70f9-~1746842026717-~231561881,app-ios,3.11,0,待定,2025/5/10 10:01,2025/5/10 23:55,1,2025/5/10 10:18,NULL
718033,25051073632208,231561881,1,已付款,2025/5/10 10:01,1746772965159,0,2,17d4ce1e68247e20b48538fc3d6e70f9-~1746772965159-~231561881,app-ios,40.34,1,/,2025/5/10 10:01,2025/5/10 23:55,0,NULL,NULL
718053,25051059691945,233502029,1,已付款,2025/5/10 10:01,1746770604809,1.96,2,dd391ccef6b13960d42d394c8934fc97-~1746770604809-~233502029,app-android,65.43,0,待定,2025/5/10 10:01,2025/5/10 23:59,1,NULL,NULL
718076,25051074400065,231561881,1,已付款,2025/5/10 10:01,1746829439258,2.54,2,17d4ce1e68247e20b48538fc3d6e70f9-~1746829439258-~231561881,app-ios,50.8,0,待定,2025/5/10 10:01,2025/5/10 23:55,1,2025/5/10 10:18,NULL
718081,25051012068512,234093274,1,已付款,2025/5/10 10:01,1746839034825,0,2,17d4ce1e68247e20b48538fc3d6e70f9-~1746839034825-~234093274,app-ios,106.04,1,/,2025/5/10 10:01,2025/5/10 23:55,0,NULL,NULL
718082,25051073951808,233762542,1,已付款,2025/5/10 10:01,1746842364672,4.5,2,17d4ce1e68247e20b48538fc3d6e70f9-~1746842364672-~233762542,app-ios,150,0,待定,2025/5/10 10:01,2025/5/10 23:55,1,2025/5/10 10:18,NULL
718087,25051074703165,231576604,1,已付款,2025/5/10 10:02,1746834788461,0,2,dd391ccef6b13960d42d394c8934fc97-~1746834788461-~231576604,app-android,261.7,1,/,2025/5/10 10:02,2025/5/10 23:55,0,NULL,NULL
718100,25051046526235,233502029,1,已付款,2025/5/10 10:01,1746794993274,0,2,dd391ccef6b13960d42d394c8934fc97-~1746794993274-~233502029,app-android,1.4,1,/,2025/5/10 10:02,2025/5/10 23:55,0,NULL,NULL
718165,25051046551335,231561881,1,已付款,2025/5/10 10:02,1746754593254,0,2,17d4ce1e68247e20b48538fc3d6e70f9-~1746754593254-~231561881,app-ios,189.55,0,待定,2025/5/10 10:02,2025/5/10 23:55,0,NULL,NULL
718217,25051058710452,231561881,1,已付款,2025/5/10 10:02,1746824383004,1.12,2,17d4ce1e68247e20b48538fc3d6e70f9-~1746824383004-~231561881,app-ios,112.24,0,待定,2025/5/10 10:02,2025/5/10 23:55,1,2025/5/10 10:19,NULL
718241,25051046913935,233762542,1,已付款,2025/5/10 10:02,1746788193733,7.65,2,17d4ce1e68247e20b48538fc3d6e70f9-~1746788193733-~233762542,app-ios,85,0,待定,2025/5/10 10:02,2025/5/10 23:55,1,2025/5/10 10:19,NULL
718382,25051011516612,231576604,1,已付款,2025/5/10 10:00,1746833329841,13.8,2,dd391ccef6b13960d42d394c8934fc97-~1746833329841-~231576604,app-android,92,0,待定,2025/5/10 10:03,2025/5/10 23:55,1,2025/5/10 10:17,NULL
718442,25051046826735,231561881,1,已付款,2025/5/10 10:03,1746803790713,0,2,17d4ce1e68247e20b48538fc3d6e70f9-~1746803790713-~231561881,app-ios,67,1,/,2025/5/10 10:03,2025/5/10 23:55,0,NULL,NULL
718514,25051077420789,231576604,1,已付款,2025/5/10 10:03,1746824210912,3.03,2,dd391ccef6b13960d42d394c8934fc97-~1746824210912-~231576604,app-android,43.32,0,待定,2025/5/10 10:04,2025/5/10 23:55,1,2025/5/10 10:20,NULL
718553,25051074041708,233498046,1,已付款,2025/5/10 10:04,1746787221145,0.11,2,17d4ce1e68247e20b48538fc3d6e70f9-~1746787221145-~233498046,app-ios,1,0,待定,2025/5/10 10:04,2025/5/10 23:55,1,2025/5/10 10:21,NULL
718587,25051074802365,233502003,1,已付款,2025/5/10 10:04,1746838621979,0,2,17d4ce1e68247e20b48538fc3d6e70f9-~1746838621979-~233502003,app-ios,254,1,/,2025/5/10 10:04,2025/5/10 23:55,0,NULL,NULL
718608,25051058788952,233460954,1,已付款,2025/5/10 10:04,1746770812679,14.77,2,dd391ccef6b13960d42d394c8934fc97-~1746770812679-~233460954,app-android,164.11,0,待定,2025/5/10 10:04,2025/5/10 23:55,1,2025/5/10 10:21,NULL
718967,25051012484412,233502029,1,已付款,2025/5/10 10:05,1746799801338,0,2,dd391ccef6b13960d42d394c8934fc97-~1746799801338-~233502029,app-android,11.16,1,/,2025/5/10 10:05,2025/5/10 23:55,0,NULL,NULL
718968,25051012474812,233460954,1,已付款,2025/5/10 10:04,1746760113510,0,2,dd391ccef6b13960d42d394c8934fc97-~1746760113510-~233460954,app-android,1,1,/,2025/5/10 10:05,2025/5/10 23:55,0,NULL,NULL
718975,25051041861625,233502003,0,已失效,2025/5/10 10:02,1746793374455,4.29,2,17d4ce1e68247e20b48538fc3d6e70f9-~1746793374455-~233502003,app-ios,143,0,待定,2025/5/10 10:05,2025/5/10 23:55,1,2025/5/10 10:19,NULL
718980,25051074348408,231576604,1,已付款,2025/5/10 10:05,1746763052735,18.65,2,dd391ccef6b13960d42d394c8934fc97-~1746763052735-~231576604,app-android,222,0,待定,2025/5/10 10:05,2025/5/10 23:55,1,2025/5/10 10:22,NULL
719045,25051055878952,231561881,1,已付款,2025/5/10 10:05,1746836729313,4.11,2,17d4ce1e68247e20b48538fc3d6e70f9-~1746836729313-~231561881,app-ios,45.63,0,待定,2025/5/10 10:05,2025/5/10 23:55,1,2025/5/10 10:22,NULL
719104,25051058589152,231561881,1,已付款,2025/5/10 10:03,1746793667525,4.93,2,17d4ce1e68247e20b48538fc3d6e70f9-~1746793667525-~231561881,app-ios,129.37,0,待定,2025/5/10 10:05,2025/5/10 23:55,1,2025/5/10 10:20,NULL
719191,25051075099465,233498046,1,已付款,2025/5/10 10:05,1746801930523,0.96,2,17d4ce1e68247e20b48538fc3d6e70f9-~1746801930523-~233498046,app-ios,95.99,0,待定,2025/5/10 10:05,2025/5/10 23:55,1,2025/5/10 10:22,NULL
719200,25051074291208,231561881,1,已付款,2025/5/10 10:05,1746826439199,4.85,2,17d4ce1e68247e20b48538fc3d6e70f9-~1746826439199-~231561881,app-ios,485,0,待定,2025/5/10 10:05,2025/5/10 23:55,1,2025/5/10 10:22,NULL
719385,25051012324012,231576604,1,已付款,2025/5/10 10:06,1746836936964,12.6,2,dd391ccef6b13960d42d394c8934fc97-~1746836936964-~231576604,app-android,180,0,待定,2025/5/10 10:07,2025/5/10 23:55,1,2025/5/10 10:23,NULL
719409,25051074927165,233502003,1,已付款,2025/5/10 10:03,1746793374455,4.29,2,17d4ce1e68247e20b48538fc3d6e70f9-~1746793374455-~233502003,app-ios,143,0,待定,2025/5/10 10:07,2025/5/10 23:55,1,2025/5/10 10:20,NULL
719430,25051065394425,231576604,1,已付款,2025/5/10 10:07,1746786414352,0.17,2,dd391ccef6b13960d42d394c8934fc97-~1746786414352-~231576604,app-android,34.61,0,待定,2025/5/10 10:07,2025/5/10 23:55,1,2025/5/10 10:24,NULL
719451,25051012607412,231576604,1,已付款,2025/5/10 10:07,1746786414352,3.94,2,dd391ccef6b13960d42d394c8934fc97-~1746786414352-~231576604,app-android,131.34,0,待定,2025/5/10 10:07,2025/5/10 23:55,1,2025/5/10 10:24,NULL
719452,25051074544308,231576604,1,已付款,2025/5/10 10:07,1746786414352,0.31,2,dd391ccef6b13960d42d394c8934fc97-~1746786414352-~231576604,app-android,30.8,0,待定,2025/5/10 10:07,2025/5/10 23:55,1,2025/5/10 10:24,NULL
719463,25051065367025,231576604,0,已失效,2025/5/10 10:07,1746786414352,4.86,2,dd391ccef6b13960d42d394c8934fc97-~1746786414352-~231576604,app-android,240.7,0,待定,2025/5/10 10:07,2025/5/10 23:55,1,2025/5/10 10:24,NULL
719490,25051055751852,231576604,1,已付款,2025/5/10 10:07,1746763052735,18.65,2,dd391ccef6b13960d42d394c8934fc97-~1746763052735-~231576604,app-android,222,0,待定,2025/5/10 10:07,2025/5/10 23:55,1,2025/5/10 10:24,NULL
719509,25051072043965,231561881,1,已付款,2025/5/10 10:07,1746764270235,11.69,2,17d4ce1e68247e20b48538fc3d6e70f9-~1746764270235-~231561881,app-ios,167,0,待定,2025/5/10 10:08,2025/5/10 23:55,1,2025/5/10 10:24,NULL
719631,25051071988665,233502003,0,已失效,2025/5/10 10:08,1746841341350,0,2,17d4ce1e68247e20b48538fc3d6e70f9-~1746841341350-~233502003,app-ios,36.2,1,/,2025/5/10 10:08,2025/5/10 23:55,0,NULL,NULL
719709,25051072017565,233502003,1,已付款,2025/5/10 10:08,1746789122693,16.6,2,17d4ce1e68247e20b48538fc3d6e70f9-~1746789122693-~233502003,app-ios,207.51,0,待定,2025/5/10 10:09,2025/5/10 23:55,1,2025/5/10 10:25,NULL
719710,25051057242045,231576604,1,已付款,2025/5/10 10:08,1746794148570,0.48,2,dd391ccef6b13960d42d394c8934fc97-~1746794148570-~231576604,app-android,95,0,待定,2025/5/10 10:09,2025/5/10 23:55,1,2025/5/10 10:25,NULL
719905,25051077674089,233502029,1,已付款,2025/5/10 10:09,1746840428157,0,2,dd391ccef6b13960d42d394c8934fc97-~1746840428157-~233502029,app-android,53.76,1,/,2025/5/10 10:09,2025/5/10 23:55,0,NULL,NULL
720068,25051074697708,233762542,0,已失效,2025/5/10 10:10,1746806788233,3.26,2,17d4ce1e68247e20b48538fc3d6e70f9-~1746806788233-~233762542,app-ios,108.77,0,待定,2025/5/10 10:10,2025/5/10 23:55,1,2025/5/10 10:27,NULL
720080,25051065931625,233498054,1,已付款,2025/5/10 10:09,1746792727369,2.35,2,dd391ccef6b13960d42d394c8934fc97-~1746792727369-~233498054,app-android,29,0,待定,2025/5/10 10:10,2025/5/10 23:55,1,2025/5/10 10:26,NULL
720342,25051074544008,231576604,1,已付款,2025/5/10 10:07,1746786414352,0.44,2,dd391ccef6b13960d42d394c8934fc97-~1746786414352-~231576604,app-android,43.95,0,待定,2025/5/10 10:10,2025/5/10 23:55,1,2025/5/10 10:24,NULL
720345,25051044204935,233502003,1,已付款,2025/5/10 10:08,1746841341350,0,2,17d4ce1e68247e20b48538fc3d6e70f9-~1746841341350-~233502003,app-ios,36.2,1,/,2025/5/10 10:10,2025/5/10 23:55,0,NULL,NULL
720349,25051074455908,233502029,0,已失效,2025/5/10 10:08,1746840428157,0,2,dd391ccef6b13960d42d394c8934fc97-~1746840428157-~233502029,app-android,89.59,1,/,2025/5/10 10:10,2025/5/10 23:55,0,NULL,NULL
720352,25051078047875,233502029,1,已付款,2025/5/10 10:09,1746840428157,0,2,dd391ccef6b13960d42d394c8934fc97-~1746840428157-~233502029,app-android,9.95,1,/,2025/5/10 10:10,2025/5/10 23:55,0,NULL,NULL
720354,25051057251745,233502029,1,已下单,2025/5/10 10:08,1746790188308,18.08,2,dd391ccef6b13960d42d394c8934fc97-~1746790188308-~233502029,app-android,226,0,待定,2025/5/10 10:10,2025/5/10 23:55,1,2025/5/10 10:25,NULL
720355,25051065699425,234061612,1,已付款,2025/5/10 10:08,1746842290491,0,2,17d4ce1e68247e20b48538fc3d6e70f9-~1746842290491-~234061612,app-ios,58,1,/,2025/5/10 10:10,2025/5/10 23:55,0,NULL,NULL
720358,25051012802112,233502029,1,已付款,2025/5/10 10:09,1746840428157,0,2,dd391ccef6b13960d42d394c8934fc97-~1746840428157-~233502029,app-android,25.88,1,/,2025/5/10 10:10,2025/5/10 23:55,0,NULL,NULL
720359,25051074263008,233476754,1,已付款,2025/5/10 10:05,1746759856918,4.44,2,17d4ce1e68247e20b48538fc3d6e70f9-~1746759856918-~233476754,app-ios,148,0,待定,2025/5/10 10:10,2025/5/10 23:55,1,2025/5/10 10:22,NULL
720381,25051012777212,231576604,1,已付款,2025/5/10 10:10,1746809351584,1.18,2,dd391ccef6b13960d42d394c8934fc97-~1746809351584-~231576604,app-android,7.89,0,待定,2025/5/10 10:10,2025/5/10 23:55,1,2025/5/10 10:27,NULL
720435,25051074637008,234061612,1,已付款,2025/5/10 10:10,1746837733549,6.3,2,17d4ce1e68247e20b48538fc3d6e70f9-~1746837733549-~234061612,app-ios,63,0,待定,2025/5/10 10:10,2025/5/10 23:55,1,2025/5/10 10:27,NULL
720512,25051074972308,233498046,1,已付款,2025/5/10 10:10,1746842262346,0,2,17d4ce1e68247e20b48538fc3d6e70f9-~1746842262346-~233498046,app-ios,71.78,1,/,2025/5/10 10:11,2025/5/10 23:55,0,NULL,NULL
720581,25051013072412,231561881,0,已失效,2025/5/10 10:11,1746794904548,8.89,2,17d4ce1e68247e20b48538fc3d6e70f9-~1746794904548-~231561881,app-ios,1118.99,0,待定,2025/5/10 10:11,2025/5/10 23:55,1,2025/5/10 10:28,NULL
720735,25051013100912,231576604,1,已付款,2025/5/10 10:11,1746830293480,0,2,dd391ccef6b13960d42d394c8934fc97-~1746830293480-~231576604,app-android,4.1,1,/,2025/5/10 10:12,2025/5/10 23:55,0,NULL,NULL
721035,25051056399952,231576604,1,已付款,2025/5/10 10:13,1746842532409,2.6,2,dd391ccef6b13960d42d394c8934fc97-~1746842532409-~231576604,app-android,15,0,待定,2025/5/10 10:13,2025/5/10 23:55,1,2025/5/10 10:30,NULL
721051,25051072389165,233498046,1,已付款,2025/5/10 10:13,1746832886926,3.36,2,17d4ce1e68247e20b48538fc3d6e70f9-~1746832886926-~233498046,app-ios,112,0,待定,2025/5/10 10:13,2025/5/10 23:55,1,2025/5/10 10:30,NULL
721081,25051071855708,233762542,1,已付款,2025/5/10 10:14,1746803126209,0,2,17d4ce1e68247e20b48538fc3d6e70f9-~1746803126209-~233762542,app-ios,129,1,/,2025/5/10 10:14,2025/5/10 23:55,0,NULL,NULL
721106,25051078097175,233762542,1,已付款,2025/5/10 10:14,1746806788233,3.26,2,17d4ce1e68247e20b48538fc3d6e70f9-~1746806788233-~233762542,app-ios,108.77,0,待定,2025/5/10 10:14,2025/5/10 23:55,1,2025/5/10 10:30,NULL
721253,25051066005325,231576604,1,已付款,2025/5/10 10:14,1746764314948,14.56,2,dd391ccef6b13960d42d394c8934fc97-~1746764314948-~231576604,app-android,208,0,待定,2025/5/10 10:14,2025/5/10 23:55,1,2025/5/10 10:31,NULL
721429,25051057629845,231561881,1,已付款,2025/5/10 10:14,1746801905585,0,2,17d4ce1e68247e20b48538fc3d6e70f9-~1746801905585-~231561881,app-ios,59,1,/,2025/5/10 10:15,2025/5/10 23:55,0,NULL,NULL
721705,25051065898825,231576604,0,已失效,2025/5/10 10:10,1746758688367,0.69,2,dd391ccef6b13960d42d394c8934fc97-~1746758688367-~231576604,app-android,137,0,待定,2025/5/10 10:15,2025/5/10 23:55,1,2025/5/10 10:27,NULL
721716,25051071851208,231576604,0,已失效,2025/5/10 10:14,1746830240515,0.86,2,dd391ccef6b13960d42d394c8934fc97-~1746830240515-~231576604,app-android,91,0,待定,2025/5/10 10:15,2025/5/10 23:55,1,2025/5/10 10:31,NULL
721721,25051078081575,233502003,0,已失效,2025/5/10 10:13,1746777553792,5.51,2,17d4ce1e68247e20b48538fc3d6e70f9-~1746777553792-~233502003,app-ios,479,0,待定,2025/5/10 10:15,2025/5/10 23:55,1,2025/5/10 10:30,NULL
721724,25051072477765,231576604,1,已付款,2025/5/10 10:13,1746758688367,0.68,2,dd391ccef6b13960d42d394c8934fc97-~1746758688367-~231576604,app-android,135.94,0,待定,2025/5/10 10:15,2025/5/10 23:55,1,2025/5/10 10:30,NULL
721725,25051078029189,231561881,1,已付款,2025/5/10 10:10,1746831441526,0.11,2,17d4ce1e68247e20b48538fc3d6e70f9-~1746831441526-~231561881,app-ios,1,0,待定,2025/5/10 10:15,2025/5/10 23:55,1,2025/5/10 10:27,NULL
721728,25051012967812,231561881,1,已付款,2025/5/10 10:12,1746794904548,3.95,2,17d4ce1e68247e20b48538fc3d6e70f9-~1746794904548-~231561881,app-ios,131.76,0,待定,2025/5/10 10:15,2025/5/10 23:55,1,2025/5/10 10:29,NULL
721733,25051044425635,233502003,1,已付款,2025/5/10 10:10,1746835758587,0.13,2,17d4ce1e68247e20b48538fc3d6e70f9-~1746835758587-~233502003,app-ios,18,0,待定,2025/5/10 10:15,2025/5/10 23:55,1,2025/5/10 10:27,NULL
721736,25051057722945,231561881,1,已付款,2025/5/10 10:13,1746835702338,1.59,2,17d4ce1e68247e20b48538fc3d6e70f9-~1746835702338-~231561881,app-ios,53,0,待定,2025/5/10 10:15,2025/5/10 23:55,1,2025/5/10 10:30,NULL
721737,25051072458465,231561881,0,已失效,2025/5/10 10:12,1746794904548,0,2,17d4ce1e68247e20b48538fc3d6e70f9-~1746794904548-~231561881,app-ios,987.23,0,待定,2025/5/10 10:15,2025/5/10 23:55,1,2025/5/10 10:29,NULL
721742,25051013000512,231561881,1,已付款,2025/5/10 10:13,1746843160414,2.81,2,17d4ce1e68247e20b48538fc3d6e70f9-~1746843160414-~231561881,app-ios,40.2,0,待定,2025/5/10 10:15,2025/5/10 23:55,1,2025/5/10 10:30,NULL
721885,25051009925112,231576604,1,已付款,2025/5/10 10:15,1746843014140,14.65,2,dd391ccef6b13960d42d394c8934fc97-~1746843014140-~231576604,app-android,244.21,0,待定,2025/5/10 10:16,2025/5/10 23:55,1,2025/5/10 10:44,NULL
721979,25051075034489,233762542,1,已付款,2025/5/10 10:16,1746757399806,2.17,2,17d4ce1e68247e20b48538fc3d6e70f9-~1746757399806-~233762542,app-ios,36.19,0,待定,2025/5/10 10:16,2025/5/10 23:55,1,2025/5/10 10:33,NULL
722003,25051072129908,231576604,0,已失效,2025/5/10 10:16,1746830240515,1.72,2,dd391ccef6b13960d42d394c8934fc97-~1746830240515-~231576604,app-android,172,0,待定,2025/5/10 10:16,2025/5/10 23:55,1,2025/5/10 10:33,NULL
722097,25051074987989,233502029,1,已付款,2025/5/10 10:17,1746790188308,67.86,2,dd391ccef6b13960d42d394c8934fc97-~1746790188308-~233502029,app-android,377,0,待定,2025/5/10 10:17,2025/5/10 23:55,1,2025/5/10 10:34,NULL
722129,25051056553552,233502029,1,已付款,2025/5/10 10:16,1746793656429,7.2,2,dd391ccef6b13960d42d394c8934fc97-~1746793656429-~233502029,app-android,121,0,待定,2025/5/10 10:17,2025/5/10 23:55,1,2025/5/10 10:33,NULL
722539,25051075213775,233762582,1,已付款,2025/5/10 10:19,1746810442811,0,2,dd391ccef6b13960d42d394c8934fc97-~1746810442811-~233762582,app-android,141,1,/,2025/5/10 10:19,2025/5/10 23:55,0,NULL,NULL
722551,25051066476925,231576604,0,已失效,2025/5/10 10:19,1746785089801,12.09,2,dd391ccef6b13960d42d394c8934fc97-~1746785089801-~231576604,app-android,194.6,0,待定,2025/5/10 10:19,2025/5/10 23:55,1,2025/5/10 10:36,NULL
722568,25051010426812,231576604,1,已付款,2025/5/10 10:19,1746785089801,7.36,2,dd391ccef6b13960d42d394c8934fc97-~1746785089801-~231576604,app-android,147.3,0,待定,2025/5/10 10:19,2025/5/10 23:55,1,2025/5/10 10:36,NULL
722569,25051056733052,233502029,1,已付款,2025/5/10 10:19,1746843057098,4.23,2,dd391ccef6b13960d42d394c8934fc97-~1746843057098-~233502029,app-android,423.49,0,待定,2025/5/10 10:19,2025/5/10 23:55,1,2025/5/10 10:36,NULL
722589,25051010412312,233502003,0,已失效,2025/5/10 10:19,1746838881435,0,2,17d4ce1e68247e20b48538fc3d6e70f9-~1746838881435-~233502003,app-ios,567,1,/,2025/5/10 10:19,2025/5/10 23:55,0,NULL,NULL
722619,25051075229875,233502029,1,已付款,2025/5/10 10:19,1746843057098,0.27,2,dd391ccef6b13960d42d394c8934fc97-~1746843057098-~233502029,app-android,53.52,0,待定,2025/5/10 10:19,2025/5/10 23:55,1,2025/5/10 10:36,NULL
722623,25051072773265,231576604,1,已付款,2025/5/10 10:19,1746785089801,4.73,2,dd391ccef6b13960d42d394c8934fc97-~1746785089801-~231576604,app-android,47.3,0,待定,2025/5/10 10:19,2025/5/10 23:55,1,2025/5/10 10:36,NULL
723100,25051044723435,233762582,1,已付款,2025/5/10 10:18,1746810442811,0,2,dd391ccef6b13960d42d394c8934fc97-~1746810442811-~233762582,app-android,78,1,/,2025/5/10 10:20,2025/5/10 23:55,0,NULL,NULL
723101,25051044705835,233762582,1,已付款,2025/5/10 10:17,1746800793287,7.44,2,dd391ccef6b13960d42d394c8934fc97-~1746800793287-~233762582,app-android,124,0,待定,2025/5/10 10:20,2025/5/10 23:55,1,2025/5/10 10:34,NULL
723117,25051072321608,231561881,1,已付款,2025/5/10 10:18,1746841457376,0.69,5,17d4ce1e68247e20b48538fc3d6e70f9-~1746841457376-~231561881,app-ios,28,0,待定,2025/5/10 10:20,2025/5/10 23:55,1,2025/5/10 10:35,NULL
723196,25051057104952,233502003,1,已付款,2025/5/10 10:20,1746839403328,0.82,2,17d4ce1e68247e20b48538fc3d6e70f9-~1746839403328-~233502003,app-ios,27.3,0,待定,2025/5/10 10:20,2025/5/10 23:55,1,2025/5/10 10:37,NULL
723197,25051072010008,233502003,0,已失效,2025/5/10 10:17,1746793374455,4.29,2,17d4ce1e68247e20b48538fc3d6e70f9-~1746793374455-~233502003,app-ios,143,0,待定,2025/5/10 10:20,2025/5/10 23:55,1,2025/5/10 10:34,NULL
723408,25051075502389,231561881,1,已付款,2025/5/10 10:21,1746783629022,3.16,2,17d4ce1e68247e20b48538fc3d6e70f9-~1746783629022-~231561881,app-ios,62,0,待定,2025/5/10 10:22,2025/5/10 23:55,1,2025/5/10 10:38,NULL
723431,25051073018065,231576604,1,已付款,2025/5/10 10:21,1746826447475,0,2,dd391ccef6b13960d42d394c8934fc97-~1746826447475-~231576604,app-android,115,1,/,2025/5/10 10:22,2025/5/10 23:55,0,NULL,NULL
723473,25051072544508,233502003,1,已付款,2025/5/10 10:22,1746843375166,13.67,2,17d4ce1e68247e20b48538fc3d6e70f9-~1746843375166-~233502003,app-ios,137,0,待定,2025/5/10 10:22,2025/5/10 23:55,1,2025/5/10 10:39,NULL
723506,25051045220535,231561881,1,已付款,2025/5/10 10:22,1746839580357,1.45,2,17d4ce1e68247e20b48538fc3d6e70f9-~1746839580357-~231561881,app-ios,29,0,待定,2025/5/10 10:22,2025/5/10 23:55,1,2025/5/10 10:39,NULL
723756,25051075752189,234061612,1,已付款,2025/5/10 10:23,1746798654311,2.75,2,17d4ce1e68247e20b48538fc3d6e70f9-~1746798654311-~234061612,app-ios,68.66,0,待定,2025/5/10 10:24,2025/5/10 23:55,1,2025/5/10 10:40,NULL
723773,25051072361308,231576604,1,已付款,2025/5/10 10:23,1746833042268,0.35,2,dd391ccef6b13960d42d394c8934fc97-~1746833042268-~231576604,app-android,69,0,待定,2025/5/10 10:24,2025/5/10 23:55,1,2025/5/10 10:40,NULL
723785,25051045117435,231576604,0,已失效,2025/5/10 10:23,1746833042268,15.9,2,dd391ccef6b13960d42d394c8934fc97-~1746833042268-~231576604,app-android,307.14,0,待定,2025/5/10 10:24,2025/5/10 23:55,1,2025/5/10 10:40,NULL
724021,25051073205565,233502029,1,已付款,2025/5/10 10:24,1746790188308,26.88,2,dd391ccef6b13960d42d394c8934fc97-~1746790188308-~233502029,app-android,448,0,待定,2025/5/10 10:25,2025/5/10 23:55,1,2025/5/10 10:41,NULL
724039,25051072405308,231576604,1,已付款,2025/5/10 10:24,1746833042268,1.86,2,dd391ccef6b13960d42d394c8934fc97-~1746833042268-~231576604,app-android,36.45,0,待定,2025/5/10 10:25,2025/5/10 23:55,1,2025/5/10 10:41,NULL
724052,25051045467835,231576604,1,已付款,2025/5/10 10:24,1746833042268,7.48,2,dd391ccef6b13960d42d394c8934fc97-~1746833042268-~231576604,app-android,141.49,0,待定,2025/5/10 10:25,2025/5/10 23:55,1,2025/5/10 10:41,NULL
724057,25051058526745,231576604,1,已付款,2025/5/10 10:24,1746833042268,3.35,2,dd391ccef6b13960d42d394c8934fc97-~1746833042268-~231576604,app-android,66.31,0,待定,2025/5/10 10:25,2025/5/10 23:55,1,2025/5/10 10:41,NULL
724066,25051057284152,231576604,1,已付款,2025/5/10 10:24,1746833042268,3.21,2,dd391ccef6b13960d42d394c8934fc97-~1746833042268-~231576604,app-android,62.88,0,待定,2025/5/10 10:25,2025/5/10 23:55,1,2025/5/10 10:41,NULL
724091,25051072721908,231576604,1,已付款,2025/5/10 10:24,1746843841003,1.1,2,dd391ccef6b13960d42d394c8934fc97-~1746843841003-~231576604,app-android,110,0,待定,2025/5/10 10:25,2025/5/10 23:55,1,2025/5/10 10:41,NULL
724409,25051075429775,231561881,1,已付款,2025/5/10 10:22,1746760584095,0,2,17d4ce1e68247e20b48538fc3d6e70f9-~1746760584095-~231561881,app-ios,46,1,/,2025/5/10 10:25,2025/5/10 23:55,0,NULL,NULL
724416,25051066973325,231561881,1,已付款,2025/5/10 10:23,1746807764728,0.57,2,17d4ce1e68247e20b48538fc3d6e70f9-~1746807764728-~231561881,app-ios,57,0,待定,2025/5/10 10:25,2025/5/10 23:55,1,2025/5/10 10:40,NULL
724417,25051066689325,231561881,1,已付款,2025/5/10 10:22,1746807764728,7.68,2,17d4ce1e68247e20b48538fc3d6e70f9-~1746807764728-~231561881,app-ios,96,0,待定,2025/5/10 10:25,2025/5/10 23:55,1,2025/5/10 10:39,NULL
724418,25051073053165,231576604,1,已付款,2025/5/10 10:20,1746792864483,0.7,2,dd391ccef6b13960d42d394c8934fc97-~1746792864483-~231576604,app-android,23.21,0,待定,2025/5/10 10:25,2025/5/10 23:55,1,2025/5/10 10:37,NULL
724421,25051057343052,231561881,1,已付款,2025/5/10 10:23,1746807764728,1.55,2,17d4ce1e68247e20b48538fc3d6e70f9-~1746807764728-~231561881,app-ios,31,0,待定,2025/5/10 10:25,2025/5/10 23:55,1,2025/5/10 10:40,NULL
724422,25051072481708,231561881,1,已付款,2025/5/10 10:22,1746807764728,0.3,2,17d4ce1e68247e20b48538fc3d6e70f9-~1746807764728-~231561881,app-ios,30,0,待定,2025/5/10 10:25,2025/5/10 23:55,1,2025/5/10 10:39,NULL
724448,25051072481608,231561881,0,已失效,2025/5/10 10:22,1746807764728,2.12,2,17d4ce1e68247e20b48538fc3d6e70f9-~1746807764728-~231561881,app-ios,88,0,待定,2025/5/10 10:25,2025/5/10 23:55,1,2025/5/10 10:39,NULL
724457,25051045103335,234061612,1,已付款,2025/5/10 10:23,1746798654311,4.24,2,17d4ce1e68247e20b48538fc3d6e70f9-~1746798654311-~234061612,app-ios,34.75,0,待定,2025/5/10 10:25,2025/5/10 23:55,1,2025/5/10 10:40,NULL
724461,25051075753989,231576604,1,已付款,2025/5/10 10:23,1746843775695,0.38,2,dd391ccef6b13960d42d394c8934fc97-~1746843775695-~231576604,app-android,76,0,待定,2025/5/10 10:25,2025/5/10 23:55,1,2025/5/10 10:40,NULL
724473,25051045184835,234061612,0,已失效,2025/5/10 10:23,1746798654311,6.99,2,17d4ce1e68247e20b48538fc3d6e70f9-~1746798654311-~234061612,app-ios,103.41,0,待定,2025/5/10 10:25,2025/5/10 23:55,1,2025/5/10 10:40,NULL
724478,25051073321665,231576604,1,已付款,2025/5/10 10:23,1746830855864,2.29,2,dd391ccef6b13960d42d394c8934fc97-~1746830855864-~231576604,app-android,76.4,0,待定,2025/5/10 10:25,2025/5/10 23:55,1,2025/5/10 10:40,NULL
724479,25051072979265,233502029,1,已付款,2025/5/10 10:22,1746799913317,0.25,2,dd391ccef6b13960d42d394c8934fc97-~1746799913317-~233502029,app-android,29.74,0,待定,2025/5/10 10:25,2025/5/10 23:55,1,2025/5/10 10:39,NULL
724480,25051066689025,231561881,1,已付款,2025/5/10 10:22,1746807764728,1.75,2,17d4ce1e68247e20b48538fc3d6e70f9-~1746807764728-~231561881,app-ios,35,0,待定,2025/5/10 10:25,2025/5/10 23:55,1,2025/5/10 10:39,NULL
724481,25051058254945,233498046,1,已付款,2025/5/10 10:22,1746838971003,12.64,2,17d4ce1e68247e20b48538fc3d6e70f9-~1746838971003-~233498046,app-ios,157.99,0,待定,2025/5/10 10:25,2025/5/10 23:55,1,2025/5/10 10:39,NULL
724488,25051057241952,231576604,1,已付款,2025/5/10 10:23,1746833042268,0.18,2,dd391ccef6b13960d42d394c8934fc97-~1746833042268-~231576604,app-android,36,0,待定,2025/5/10 10:25,2025/5/10 23:55,1,2025/5/10 10:40,NULL
724555,25051075634775,233502003,1,已付款,2025/5/10 10:25,1746807226737,7.95,2,17d4ce1e68247e20b48538fc3d6e70f9-~1746807226737-~233502003,app-ios,58,0,待定,2025/5/10 10:25,2025/5/10 23:55,1,2025/5/10 10:42,NULL
724569,25051010805012,233502003,1,已付款,2025/5/10 10:25,1746807226737,6.62,2,17d4ce1e68247e20b48538fc3d6e70f9-~1746807226737-~233502003,app-ios,307,0,待定,2025/5/10 10:25,2025/5/10 23:55,1,2025/5/10 10:42,NULL
724782,25051075981875,231576604,1,已付款,2025/5/10 10:26,1746792458688,4.29,2,dd391ccef6b13960d42d394c8934fc97-~1746792458688-~231576604,app-android,71.55,0,待定,2025/5/10 10:26,2025/5/10 23:55,1,2025/5/10 10:43,NULL
725161,25051073438165,233460954,1,已付款,2025/5/10 10:28,1746837386308,1.69,2,dd391ccef6b13960d42d394c8934fc97-~1746837386308-~233460954,app-android,33.09,0,待定,2025/5/10 10:28,2025/5/10 23:55,1,2025/5/10 10:45,NULL
725187,25051073438065,233460954,1,已付款,2025/5/10 10:28,1746837386308,2.56,2,dd391ccef6b13960d42d394c8934fc97-~1746837386308-~233460954,app-android,85.23,0,待定,2025/5/10 10:28,2025/5/10 23:55,1,2025/5/10 10:45,NULL
725243,25051054072952,231576604,1,已付款,2025/5/10 10:28,1746843247422,0,2,dd391ccef6b13960d42d394c8934fc97-~1746843247422-~231576604,app-android,57.7,1,/,2025/5/10 10:29,2025/5/10 23:55,0,NULL,NULL
725864,25051063872525,233502029,1,已付款,2025/5/10 10:28,1746807702621,0,2,dd391ccef6b13960d42d394c8934fc97-~1746807702621-~233502029,app-android,273,1,/,2025/5/10 10:30,2025/5/10 23:55,0,NULL,NULL
725870,25051010742412,233502003,0,已失效,2025/5/10 10:27,1746831275899,0,2,17d4ce1e68247e20b48538fc3d6e70f9-~1746831275899-~233502003,app-ios,38.2,1,/,2025/5/10 10:30,2025/5/10 23:55,0,NULL,NULL
725898,25051072748008,233502029,1,已付款,2025/5/10 10:25,1746843663105,0.42,2,dd391ccef6b13960d42d394c8934fc97-~1746843663105-~233502029,app-android,20.82,0,待定,2025/5/10 10:30,2025/5/10 23:55,1,2025/5/10 17:07,NULL
725908,25051075970375,233460954,1,已付款,2025/5/10 10:25,1746837386308,3.52,2,dd391ccef6b13960d42d394c8934fc97-~1746837386308-~233460954,app-android,32,0,待定,2025/5/10 10:30,2025/5/10 23:55,1,2025/5/10 10:42,NULL
725909,25051045496935,233502003,1,已付款,2025/5/10 10:25,1746791732653,0,2,17d4ce1e68247e20b48538fc3d6e70f9-~1746791732653-~233502003,app-ios,157,1,/,2025/5/10 10:30,2025/5/10 23:55,0,NULL,NULL
725926,25051075947075,233498046,1,已付款,2025/5/10 10:27,1746842262346,0,2,17d4ce1e68247e20b48538fc3d6e70f9-~1746842262346-~233498046,app-ios,26.85,1,/,2025/5/10 10:30,2025/5/10 23:55,0,NULL,NULL
725927,25051045352035,233460954,0,已失效,2025/5/10 10:25,1746837386308,4.25,2,dd391ccef6b13960d42d394c8934fc97-~1746837386308-~233460954,app-android,118.32,0,待定,2025/5/10 10:30,2025/5/10 23:55,1,2025/5/10 10:42,NULL
725933,25051073193665,233762542,1,已付款,2025/5/10 10:26,1746759794015,4.2,2,17d4ce1e68247e20b48538fc3d6e70f9-~1746759794015-~233762542,app-ios,104.89,0,待定,2025/5/10 10:30,2025/5/10 23:55,1,2025/5/10 10:43,NULL
725944,25051054196352,231561881,0,已失效,2025/5/10 10:27,1746826734109,0,2,17d4ce1e68247e20b48538fc3d6e70f9-~1746826734109-~231561881,app-ios,216,0,待定,2025/5/10 10:30,2025/5/10 23:55,1,2025/5/10 10:44,NULL
725945,25051054232352,234061612,1,已付款,2025/5/10 10:26,1746841812839,0.99,2,17d4ce1e68247e20b48538fc3d6e70f9-~1746841812839-~234061612,app-ios,12.32,0,待定,2025/5/10 10:30,2025/5/10 23:55,1,2025/5/10 10:43,NULL
726074,25051010940412,231561881,1,已付款,2025/5/10 10:30,1746800573866,3.49,2,17d4ce1e68247e20b48538fc3d6e70f9-~1746800573866-~231561881,app-ios,64.58,0,待定,2025/5/10 10:31,2025/5/10 23:55,1,2025/5/10 10:47,NULL
726302,25051054368952,231561881,1,已付款,2025/5/10 10:31,1746783629022,1.11,2,17d4ce1e68247e20b48538fc3d6e70f9-~1746783629022-~231561881,app-ios,222,0,待定,2025/5/10 10:32,2025/5/10 23:55,1,2025/5/10 10:48,NULL
726388,25051042499035,233762582,1,已付款,2025/5/10 10:32,1746810442811,0,2,dd391ccef6b13960d42d394c8934fc97-~1746810442811-~233762582,app-android,43.1,1,/,2025/5/10 10:32,2025/5/10 23:55,0,NULL,NULL
726694,25051064239225,233762542,1,已付款,2025/5/10 10:33,1746759794015,0.06,2,17d4ce1e68247e20b48538fc3d6e70f9-~1746759794015-~233762542,app-ios,11,0,待定,2025/5/10 10:34,2025/5/10 23:55,1,2025/5/10 10:50,NULL
726744,25051076369075,231576604,1,已付款,2025/5/10 10:34,1746833042268,1.79,2,dd391ccef6b13960d42d394c8934fc97-~1746833042268-~231576604,app-android,59.7,0,待定,2025/5/10 10:34,2025/5/10 23:55,1,2025/5/10 10:51,NULL
727313,25051054671152,231561881,1,已付款,2025/5/10 10:33,1746794524913,10.47,2,17d4ce1e68247e20b48538fc3d6e70f9-~1746794524913-~231561881,app-ios,349,0,待定,2025/5/10 10:35,2025/5/10 23:55,1,2025/5/10 10:50,NULL
727314,25051073087408,233762542,1,已付款,2025/5/10 10:32,1746759794015,0.22,2,17d4ce1e68247e20b48538fc3d6e70f9-~1746759794015-~233762542,app-ios,45,0,待定,2025/5/10 10:35,2025/5/10 23:55,1,2025/5/10 10:49,NULL
727330,25051076108589,231561881,1,已付款,2025/5/10 10:30,1746800573866,51.75,2,17d4ce1e68247e20b48538fc3d6e70f9-~1746800573866-~231561881,app-ios,739.43,0,待定,2025/5/10 10:35,2025/5/10 23:55,1,2025/5/10 10:47,NULL
727351,25051070301865,233502029,1,已付款,2025/5/10 10:32,1746807702621,0,2,dd391ccef6b13960d42d394c8934fc97-~1746807702621-~233502029,app-android,211,1,/,2025/5/10 10:35,2025/5/10 23:55,0,NULL,NULL
727352,25051055615145,231561881,1,已付款,2025/5/10 10:31,1746831214870,11.95,2,17d4ce1e68247e20b48538fc3d6e70f9-~1746831214870-~231561881,app-ios,119.49,0,待定,2025/5/10 10:35,2025/5/10 23:55,1,2025/5/10 10:48,NULL
727378,25051045520935,231576604,1,已付款,2025/5/10 10:30,1746760352117,8.76,2,dd391ccef6b13960d42d394c8934fc97-~1746760352117-~231576604,app-android,125.14,0,待定,2025/5/10 10:35,2025/5/10 23:55,1,2025/5/10 10:47,NULL
727385,25051055728645,231561881,0,已失效,2025/5/10 10:30,1746800573866,57.86,2,17d4ce1e68247e20b48538fc3d6e70f9-~1746800573866-~231561881,app-ios,852.58,0,待定,2025/5/10 10:35,2025/5/10 23:55,1,2025/5/10 10:47,NULL
727392,25051072863108,231576604,0,已失效,2025/5/10 10:30,1746828576096,16.28,2,dd391ccef6b13960d42d394c8934fc97-~1746828576096-~231576604,app-android,307.48,0,待定,2025/5/10 10:35,2025/5/10 23:55,1,2025/5/10 10:47,NULL
727407,25051064046625,231561881,1,已付款,2025/5/10 10:30,1746800573866,2.62,2,17d4ce1e68247e20b48538fc3d6e70f9-~1746800573866-~231561881,app-ios,48.58,0,待定,2025/5/10 10:35,2025/5/10 23:55,1,2025/5/10 10:47,NULL
727419,25051054638752,231561881,1,已付款,2025/5/10 10:32,1746844283861,6.13,2,17d4ce1e68247e20b48538fc3d6e70f9-~1746844283861-~231561881,app-ios,1226,0,待定,2025/5/10 10:35,2025/5/10 23:55,1,2025/5/10 10:49,NULL
727470,25051076292089,231576604,1,已付款,2025/5/10 10:35,1746833598903,0,2,dd391ccef6b13960d42d394c8934fc97-~1746833598903-~231576604,app-android,721.8,1,/,2025/5/10 10:35,2025/5/10 23:55,0,NULL,NULL
727570,25051070523865,233502003,1,已付款,2025/5/10 10:35,1746802404028,2.6,2,17d4ce1e68247e20b48538fc3d6e70f9-~1746802404028-~233502003,app-ios,260,0,待定,2025/5/10 10:36,2025/5/10 23:55,1,2025/5/10 10:52,NULL
727610,25051011369012,231561881,1,已付款,2025/5/10 10:36,1746764459963,1.5,2,17d4ce1e68247e20b48538fc3d6e70f9-~1746764459963-~231561881,app-ios,50.05,0,待定,2025/5/10 10:36,2025/5/10 23:55,1,2025/5/10 10:53,NULL
727701,25051056120245,231561881,1,已付款,2025/5/10 10:36,1746764459963,3.6,2,17d4ce1e68247e20b48538fc3d6e70f9-~1746764459963-~231561881,app-ios,120,0,待定,2025/5/10 10:37,2025/5/10 23:55,1,2025/5/10 10:53,NULL
727724,25051076526675,231576604,1,已付款,2025/5/10 10:36,1746842357238,23.05,2,dd391ccef6b13960d42d394c8934fc97-~1746842357238-~231576604,app-android,461,0,待定,2025/5/10 10:37,2025/5/10 23:55,1,2025/5/10 10:53,NULL
727800,25051070802165,231576604,1,已付款,2025/5/10 10:37,1746838152728,0,2,dd391ccef6b13960d42d394c8934fc97-~1746838152728-~231576604,app-android,275,1,/,2025/5/10 10:37,2025/5/10 23:55,0,NULL,NULL
728069,25051076481689,231561881,1,已付款,2025/5/10 10:38,1746794014175,0,2,17d4ce1e68247e20b48538fc3d6e70f9-~1746794014175-~231561881,app-ios,679,1,/,2025/5/10 10:39,2025/5/10 23:55,0,NULL,NULL
728334,25051071061465,231561881,1,已付款,2025/5/10 10:40,1746807942241,4.23,2,17d4ce1e68247e20b48538fc3d6e70f9-~1746807942241-~231561881,app-ios,141,0,待定,2025/5/10 10:40,2025/5/10 23:55,1,2025/5/10 10:56,NULL
728698,25051070251408,233502003,1,已付款,2025/5/10 10:39,1746801430066,0.32,2,17d4ce1e68247e20b48538fc3d6e70f9-~1746801430066-~233502003,app-ios,32.3,0,待定,2025/5/10 10:40,2025/5/10 23:55,1,2025/5/10 10:56,NULL
728723,25051070169708,231576604,0,已失效,2025/5/10 10:39,1746844425182,8.7,2,dd391ccef6b13960d42d394c8934fc97-~1746844425182-~231576604,app-android,90,0,待定,2025/5/10 10:40,2025/5/10 23:55,1,2025/5/10 10:56,NULL
728738,25051064450825,231576604,1,已付款,2025/5/10 10:37,1746844544622,0.01,2,dd391ccef6b13960d42d394c8934fc97-~1746844544622-~231576604,app-android,1,0,待定,2025/5/10 10:40,2025/5/10 23:55,1,2025/5/10 10:54,NULL
728739,25051064146025,233762542,1,已付款,2025/5/10 10:35,1746835044676,0,2,17d4ce1e68247e20b48538fc3d6e70f9-~1746835044676-~233762542,app-ios,368,1,/,2025/5/10 10:40,2025/5/10 23:55,0,NULL,NULL
728757,25051008382312,233762542,1,已付款,2025/5/10 10:39,1746807577464,0.96,2,17d4ce1e68247e20b48538fc3d6e70f9-~1746807577464-~233762542,app-ios,31.87,0,待定,2025/5/10 10:40,2025/5/10 23:55,1,2025/5/10 10:56,NULL
728768,25051042632935,231561881,1,已付款,2025/5/10 10:36,1746801575245,8.74,2,17d4ce1e68247e20b48538fc3d6e70f9-~1746801575245-~231561881,app-ios,58.27,0,待定,2025/5/10 10:40,2025/5/10 23:55,1,2025/5/10 10:53,NULL
728769,25051076238375,233762542,1,已付款,2025/5/10 10:35,1746759794015,2.31,2,17d4ce1e68247e20b48538fc3d6e70f9-~1746759794015-~233762542,app-ios,77,0,待定,2025/5/10 10:40,2025/5/10 23:55,1,2025/5/10 10:52,NULL
728777,25051076192389,231576604,0,已失效,2025/5/10 10:35,1746842357238,23.3,2,dd391ccef6b13960d42d394c8934fc97-~1746842357238-~231576604,app-android,466,0,待定,2025/5/10 10:40,2025/5/10 23:55,1,2025/5/10 10:52,NULL
728813,25051054747552,231576604,1,已付款,2025/5/10 10:38,1746828439482,0,2,dd391ccef6b13960d42d394c8934fc97-~1746828439482-~231576604,app-android,205,1,/,2025/5/10 10:40,2025/5/10 23:55,0,NULL,NULL
729044,25051008202812,233502003,1,已付款,2025/5/10 10:41,1746843420845,6.36,2,17d4ce1e68247e20b48538fc3d6e70f9-~1746843420845-~233502003,app-ios,211.96,0,待定,2025/5/10 10:41,2025/5/10 23:55,1,2025/5/10 10:58,NULL
729127,25051076635775,233502003,0,已失效,2025/5/10 10:41,1746838881435,0,2,17d4ce1e68247e20b48538fc3d6e70f9-~1746838881435-~233502003,app-ios,433,1,/,2025/5/10 10:42,2025/5/10 23:55,0,NULL,NULL
729129,25051073387389,233502003,1,已付款,2025/5/10 10:41,1746838881435,0,2,17d4ce1e68247e20b48538fc3d6e70f9-~1746838881435-~233502003,app-ios,567,1,/,2025/5/10 10:42,2025/5/10 23:55,0,NULL,NULL
729346,25051054918652,231561881,0,已失效,2025/5/10 10:43,1746772965159,0,2,17d4ce1e68247e20b48538fc3d6e70f9-~1746772965159-~231561881,app-ios,1182,1,/,2025/5/10 10:43,2025/5/10 23:55,0,NULL,NULL
729462,25051043125435,233502003,1,已付款,2025/5/10 10:43,1746838881435,0,2,17d4ce1e68247e20b48538fc3d6e70f9-~1746838881435-~233502003,app-ios,232,1,/,2025/5/10 10:43,2025/5/10 23:55,0,NULL,NULL
729501,25051071263765,233502003,1,已付款,2025/5/10 10:43,1746838881435,0,2,17d4ce1e68247e20b48538fc3d6e70f9-~1746838881435-~233502003,app-ios,201,1,/,2025/5/10 10:43,2025/5/10 23:55,0,NULL,NULL
729584,25051055016152,233502029,1,已付款,2025/5/10 10:41,1746809715902,2.62,2,dd391ccef6b13960d42d394c8934fc97-~1746809715902-~233502029,app-android,87.25,0,待定,2025/5/10 10:44,2025/5/10 23:55,1,2025/5/10 10:58,NULL
729669,25051064940825,231561881,1,已付款,2025/5/10 10:44,1746772965159,0,2,17d4ce1e68247e20b48538fc3d6e70f9-~1746772965159-~231561881,app-ios,266,1,/,2025/5/10 10:44,2025/5/10 23:55,0,NULL,NULL
730203,25051055274352,231561881,1,已付款,2025/5/10 10:43,1746771871513,4.85,2,17d4ce1e68247e20b48538fc3d6e70f9-~1746771871513-~231561881,app-ios,97,0,待定,2025/5/10 10:45,2025/5/10 23:55,1,2025/5/10 11:00,NULL
730222,25051071207565,231561881,1,已付款,2025/5/10 10:44,1746772965159,0,2,17d4ce1e68247e20b48538fc3d6e70f9-~1746772965159-~231561881,app-ios,274,1,/,2025/5/10 10:45,2025/5/10 23:55,0,NULL,NULL
730223,25051056177645,231561881,1,已付款,2025/5/10 10:43,1746825076401,54.8,2,17d4ce1e68247e20b48538fc3d6e70f9-~1746825076401-~231561881,app-ios,1095.99,0,待定,2025/5/10 10:45,2025/5/10 23:55,1,2025/5/10 11:00,NULL
730224,25051073432589,231576604,1,已付款,2025/5/10 10:40,1746844425182,1.2,2,dd391ccef6b13960d42d394c8934fc97-~1746844425182-~231576604,app-android,40,0,待定,2025/5/10 10:45,2025/5/10 23:55,1,2025/5/10 10:57,NULL
730247,25051073432489,231576604,1,已付款,2025/5/10 10:40,1746844425182,7.5,2,dd391ccef6b13960d42d394c8934fc97-~1746844425182-~231576604,app-android,50,0,待定,2025/5/10 10:45,2025/5/10 23:55,1,2025/5/10 10:57,NULL
730267,25051055032552,231561881,1,已付款,2025/5/10 10:41,1746840341438,1.34,2,17d4ce1e68247e20b48538fc3d6e70f9-~1746840341438-~231561881,app-ios,26.89,0,待定,2025/5/10 10:45,2025/5/10 23:55,1,2025/5/10 10:58,NULL
730268,25051008252712,231561881,1,已付款,2025/5/10 10:40,1746831214870,0.56,2,17d4ce1e68247e20b48538fc3d6e70f9-~1746831214870-~231561881,app-ios,18.6,0,待定,2025/5/10 10:45,2025/5/10 23:55,1,2025/5/10 10:57,NULL
730305,25051043062435,231576604,0,已失效,2025/5/10 10:44,1746785844649,1.4,2,dd391ccef6b13960d42d394c8934fc97-~1746785844649-~231576604,app-android,20,0,待定,2025/5/10 10:45,2025/5/10 23:55,1,2025/5/10 11:01,NULL
730314,25051071207265,231561881,1,已付款,2025/5/10 10:44,1746772965159,0,2,17d4ce1e68247e20b48538fc3d6e70f9-~1746772965159-~231561881,app-ios,282,1,/,2025/5/10 10:45,2025/5/10 23:55,0,NULL,NULL
730328,25051055204352,231561881,1,已付款,2025/5/10 10:44,1746772965159,0,2,17d4ce1e68247e20b48538fc3d6e70f9-~1746772965159-~231561881,app-ios,360,1,/,2025/5/10 10:45,2025/5/10 23:55,0,NULL,NULL
731045,25051056609245,233502003,1,已付款,2025/5/10 10:49,1746841353478,2.77,2,17d4ce1e68247e20b48538fc3d6e70f9-~1746841353478-~233502003,app-ios,43.2,0,待定,2025/5/10 10:49,2025/5/10 23:55,1,2025/5/10 11:06,NULL
731202,25051008652312,231561881,1,已付款,2025/5/10 10:49,1746844921678,4.98,2,17d4ce1e68247e20b48538fc3d6e70f9-~1746844921678-~231561881,app-ios,88,0,待定,2025/5/10 10:49,2025/5/10 23:55,1,2025/5/10 11:06,NULL
731714,25051065032625,231576604,1,已付款,2025/5/10 10:49,1746844183835,0.01,2,dd391ccef6b13960d42d394c8934fc97-~1746844183835-~231576604,app-android,2.6,0,待定,2025/5/10 10:50,2025/5/10 23:55,1,2025/5/10 11:06,NULL
731725,25051055490352,233502029,1,已付款,2025/5/10 10:47,1746844464701,1.26,2,dd391ccef6b13960d42d394c8934fc97-~1746844464701-~233502029,app-android,46.98,0,待定,2025/5/10 10:50,2025/5/10 23:55,1,2025/5/10 11:04,NULL
731755,25051008981612,231576604,1,已付款,2025/5/10 10:49,1746770975979,0.14,2,dd391ccef6b13960d42d394c8934fc97-~1746770975979-~231576604,app-android,27,0,待定,2025/5/10 10:50,2025/5/10 23:55,1,2025/5/10 11:06,NULL
731823,25051070580708,233762542,1,已付款,2025/5/10 10:47,1746844364820,6.12,2,17d4ce1e68247e20b48538fc3d6e70f9-~1746844364820-~233762542,app-ios,612,0,待定,2025/5/10 10:50,2025/5/10 23:55,1,2025/5/10 11:04,NULL
731824,25051008792612,233762582,1,已付款,2025/5/10 10:46,1746844544783,4.92,5,dd391ccef6b13960d42d394c8934fc97-~1746844544783-~233762582,app-android,164,0,待定,2025/5/10 10:50,2025/5/10 23:55,1,2025/5/10 11:03,NULL
731833,25051073793475,231561881,1,已付款,2025/5/10 10:49,1746768588454,4.69,2,17d4ce1e68247e20b48538fc3d6e70f9-~1746768588454-~231561881,app-ios,468.83,0,待定,2025/5/10 10:50,2025/5/10 23:55,1,2025/5/10 11:06,NULL
731872,25051043525535,231561881,0,已失效,2025/5/10 10:50,1746765354939,0.42,2,17d4ce1e68247e20b48538fc3d6e70f9-~1746765354939-~231561881,app-ios,84,0,待定,2025/5/10 10:50,2025/5/10 23:55,1,2025/5/10 11:07,NULL
731972,25051043541535,231576604,0,已失效,2025/5/10 10:51,1746828439482,0,2,dd391ccef6b13960d42d394c8934fc97-~1746828439482-~231576604,app-android,86.2,1,/,2025/5/10 10:51,2025/5/10 23:55,0,NULL,NULL
732047,25051074091575,233502003,1,已付款,2025/5/10 10:51,1746841764614,0.07,2,17d4ce1e68247e20b48538fc3d6e70f9-~1746841764614-~233502003,app-ios,13.3,0,待定,2025/5/10 10:51,2025/5/10 23:55,1,2025/5/10 11:08,NULL
732053,25051071690165,231576604,1,已付款,2025/5/10 10:51,1746828439482,0,2,dd391ccef6b13960d42d394c8934fc97-~1746828439482-~231576604,app-android,37.2,1,/,2025/5/10 10:51,2025/5/10 23:55,0,NULL,NULL
732076,25051065335325,233502029,1,已付款,2025/5/10 10:51,1746799387420,0,2,dd391ccef6b13960d42d394c8934fc97-~1746799387420-~233502029,app-android,56,1,/,2025/5/10 10:52,2025/5/10 23:55,0,NULL,NULL
732154,25051074043989,231576604,1,已付款,2025/5/10 10:51,1746787427828,0,2,dd391ccef6b13960d42d394c8934fc97-~1746787427828-~231576604,app-android,15.3,1,/,2025/5/10 10:52,2025/5/10 23:55,0,NULL,NULL
732332,25051055648952,231576604,0,已失效,2025/5/10 10:52,1746836302305,0,2,dd391ccef6b13960d42d394c8934fc97-~1746836302305-~231576604,app-android,106,1,/,2025/5/10 10:53,2025/5/10 23:55,0,NULL,NULL
733176,25051074063375,231576604,1,已付款,2025/5/10 10:52,1746844741805,1.76,2,dd391ccef6b13960d42d394c8934fc97-~1746844741805-~231576604,app-android,22,0,待定,2025/5/10 10:55,2025/5/10 23:55,1,2025/5/10 11:09,NULL
733184,25051074043789,231576604,1,已付款,2025/5/10 10:51,1746787427828,0,2,dd391ccef6b13960d42d394c8934fc97-~1746787427828-~231576604,app-android,226.76,1,/,2025/5/10 10:55,2025/5/10 23:55,0,NULL,NULL
733185,25051056647245,231576604,1,已付款,2025/5/10 10:50,1746836302305,0,2,dd391ccef6b13960d42d394c8934fc97-~1746836302305-~231576604,app-android,115.9,1,/,2025/5/10 10:55,2025/5/10 23:55,0,NULL,NULL
733207,25051043731435,231576604,1,已付款,2025/5/10 10:54,1746763052735,14.42,2,dd391ccef6b13960d42d394c8934fc97-~1746763052735-~231576604,app-android,206,0,待定,2025/5/10 10:55,2025/5/10 23:55,1,2025/5/10 11:11,NULL
733214,25051073972489,233762582,1,已付款,2025/5/10 10:54,1746845340751,5.32,2,dd391ccef6b13960d42d394c8934fc97-~1746845340751-~233762582,app-android,133,0,待定,2025/5/10 10:55,2025/5/10 23:55,1,2025/5/10 11:11,NULL
733215,25051074121289,231576604,1,已付款,2025/5/10 10:51,1746828439482,0,2,dd391ccef6b13960d42d394c8934fc97-~1746828439482-~231576604,app-android,49,1,/,2025/5/10 10:55,2025/5/10 23:55,0,NULL,NULL
733237,25051052598952,233498046,1,已付款,2025/5/10 10:54,1746790411471,0,2,17d4ce1e68247e20b48538fc3d6e70f9-~1746790411471-~233498046,app-ios,1,1,/,2025/5/10 10:55,2025/5/10 23:55,0,NULL,NULL
733238,25051009117512,233460954,1,已付款,2025/5/10 10:54,1746771655734,1.44,2,dd391ccef6b13960d42d394c8934fc97-~1746771655734-~233460954,app-android,28.71,0,待定,2025/5/10 10:55,2025/5/10 23:55,1,2025/5/10 11:11,NULL
733252,25051074359975,231561881,1,已付款,2025/5/10 10:54,1746831214870,0.63,2,17d4ce1e68247e20b48538fc3d6e70f9-~1746831214870-~231561881,app-ios,63,0,待定,2025/5/10 10:55,2025/5/10 23:55,1,2025/5/10 11:11,NULL
733254,25051074155975,231576604,1,已付款,2025/5/10 10:50,1746844741805,3,2,dd391ccef6b13960d42d394c8934fc97-~1746844741805-~231576604,app-android,20,0,待定,2025/5/10 10:55,2025/5/10 23:55,1,2025/5/10 11:07,NULL
733264,25051073961989,233502029,1,已付款,2025/5/10 10:54,1746799387420,0,2,dd391ccef6b13960d42d394c8934fc97-~1746799387420-~233502029,app-android,57,1,/,2025/5/10 10:55,2025/5/10 23:55,0,NULL,NULL
733266,25051056603845,231576604,0,已失效,2025/5/10 10:51,1746787427828,0,2,dd391ccef6b13960d42d394c8934fc97-~1746787427828-~231576604,app-android,242.06,1,/,2025/5/10 10:55,2025/5/10 23:55,0,NULL,NULL
733297,25051073943489,231561881,1,已付款,2025/5/10 10:53,1746791553207,0,2,17d4ce1e68247e20b48538fc3d6e70f9-~1746791553207-~231561881,app-ios,390,1,/,2025/5/10 10:55,2025/5/10 23:55,0,NULL,NULL
733469,25051057073945,231561881,1,已付款,2025/5/10 10:56,1746840557894,3.52,2,17d4ce1e68247e20b48538fc3d6e70f9-~1746840557894-~231561881,app-ios,44,0,待定,2025/5/10 10:56,2025/5/10 23:55,1,2025/5/10 11:13,NULL
733508,25051057170645,233498046,1,已付款,2025/5/10 10:55,1746811563452,63.7,2,17d4ce1e68247e20b48538fc3d6e70f9-~1746811563452-~233498046,app-ios,910,0,待定,2025/5/10 10:56,2025/5/10 23:55,1,2025/5/10 11:12,NULL
733622,25051070960308,233502029,1,已付款,2025/5/10 10:56,1746798334371,0,2,dd391ccef6b13960d42d394c8934fc97-~1746798334371-~233502029,app-android,234,1,/,2025/5/10 10:56,2025/5/10 23:55,0,NULL,NULL
733786,25051009407512,231561881,1,已付款,2025/5/10 10:57,1746845222110,0.28,2,17d4ce1e68247e20b48538fc3d6e70f9-~1746845222110-~231561881,app-ios,32.6,0,待定,2025/5/10 10:57,2025/5/10 23:55,1,2025/5/10 11:14,NULL
733809,25051071530165,233460954,0,已失效,2025/5/10 10:54,1746806390043,1.03,2,dd391ccef6b13960d42d394c8934fc97-~1746806390043-~233460954,app-ios,34.3,0,待定,2025/5/10 10:57,2025/5/10 23:55,1,2025/5/10 11:11,NULL
733831,25051056966845,234061612,1,已付款,2025/5/10 10:57,1746789472313,20.32,2,17d4ce1e68247e20b48538fc3d6e70f9-~1746789472313-~234061612,app-ios,254,0,待定,2025/5/10 10:58,2025/5/10 23:55,1,2025/5/10 11:14,NULL
734105,25051043877335,231576604,1,已付款,2025/5/10 10:58,1746809451870,1.43,2,dd391ccef6b13960d42d394c8934fc97-~1746809451870-~231576604,app-android,143,0,待定,2025/5/10 10:59,2025/5/10 23:55,1,2025/5/10 11:15,NULL
734726,25051009309712,231576604,0,已失效,2025/5/10 10:59,1746806181521,3.21,2,dd391ccef6b13960d42d394c8934fc97-~1746806181521-~231576604,app-android,107,0,待定,2025/5/10 11:00,2025/5/10 23:55,1,2025/5/10 11:16,NULL
734727,25051009069712,233502003,0,已失效,2025/5/10 10:55,1746776302145,6.27,2,17d4ce1e68247e20b48538fc3d6e70f9-~1746776302145-~233502003,app-ios,179,0,待定,2025/5/10 11:00,2025/5/10 23:55,1,2025/5/10 11:12,NULL
734749,25051054075245,231561881,0,已失效,2025/5/10 10:59,1746771236952,24.25,2,17d4ce1e68247e20b48538fc3d6e70f9-~1746771236952-~231561881,app-ios,243.29,0,待定,2025/5/10 11:00,2025/5/10 23:55,1,2025/5/10 11:16,NULL
734780,25051071648265,233502003,1,已付款,2025/5/10 10:52,1746805866719,3.12,2,17d4ce1e68247e20b48538fc3d6e70f9-~1746805866719-~233502003,app-android,104,0,待定,2025/5/10 11:00,2025/5/10 23:55,1,2025/5/10 11:09,NULL
734831,25051074476389,231561881,1,已付款,2025/5/10 10:59,1746771236952,16.5,2,17d4ce1e68247e20b48538fc3d6e70f9-~1746771236952-~231561881,app-ios,164.99,0,待定,2025/5/10 11:00,2025/5/10 23:55,1,2025/5/10 11:16,NULL
734832,25051062140325,233460954,1,已付款,2025/5/10 10:56,1746806390043,1.03,2,dd391ccef6b13960d42d394c8934fc97-~1746806390043-~233460954,app-ios,34.3,0,待定,2025/5/10 11:00,2025/5/10 23:55,1,2025/5/10 11:13,NULL
734856,25051044016835,233502029,1,已付款,2025/5/10 10:55,1746844970963,32.22,2,dd391ccef6b13960d42d394c8934fc97-~1746844970963-~233502029,app-android,187.91,0,待定,2025/5/10 11:00,2025/5/10 23:55,1,2025/5/10 11:12,NULL
734867,25051074476289,231561881,1,已付款,2025/5/10 10:59,1746771236952,7.75,2,17d4ce1e68247e20b48538fc3d6e70f9-~1746771236952-~231561881,app-ios,78.3,0,待定,2025/5/10 11:00,2025/5/10 23:55,1,2025/5/10 11:16,NULL
735032,25051040897435,231576604,1,已付款,2025/5/10 11:00,1746833598903,0,2,dd391ccef6b13960d42d394c8934fc97-~1746833598903-~231576604,app-android,75,1,/,2025/5/10 11:01,2025/5/10 23:55,0,NULL,NULL
735397,25051074420275,233762542,1,已付款,2025/5/10 11:01,1746829390393,0.21,2,17d4ce1e68247e20b48538fc3d6e70f9-~1746829390393-~233762542,app-ios,41.65,0,待定,2025/5/10 11:02,2025/5/10 23:55,1,2025/5/10 11:18,NULL
735451,25051071429208,233762542,0,已失效,2025/5/10 11:03,1746795474268,113.83,2,17d4ce1e68247e20b48538fc3d6e70f9-~1746795474268-~233762542,app-ios,1997,0,待定,2025/5/10 11:03,2025/5/10 23:55,1,2025/5/10 11:20,NULL
736473,25051040837135,233762542,1,已付款,2025/5/10 11:03,1746795474268,25.2,2,17d4ce1e68247e20b48538fc3d6e70f9-~1746795474268-~233762542,app-ios,420,0,待定,2025/5/10 11:05,2025/5/10 23:55,1,2025/5/10 11:20,NULL
736475,25051074395275,231576604,1,已付款,2025/5/10 11:00,1746785844649,0.63,2,dd391ccef6b13960d42d394c8934fc97-~1746785844649-~231576604,app-android,8.99,0,待定,2025/5/10 11:05,2025/5/10 23:55,1,2025/5/10 11:17,NULL
736476,25051068965065,233762542,1,已付款,2025/5/10 11:03,1746795474268,88.63,2,17d4ce1e68247e20b48538fc3d6e70f9-~1746795474268-~233762542,app-ios,1577,0,待定,2025/5/10 11:05,2025/5/10 23:55,1,2025/5/10 11:20,NULL
736477,25051053984745,231576604,1,已付款,2025/5/10 11:01,1746845702701,1.5,2,dd391ccef6b13960d42d394c8934fc97-~1746845702701-~231576604,app-android,54.9,0,待定,2025/5/10 11:05,2025/5/10 23:55,1,2025/5/10 11:18,NULL
736478,25051041171335,231561881,1,已付款,2025/5/10 11:04,1746836550685,3.39,2,17d4ce1e68247e20b48538fc3d6e70f9-~1746836550685-~231561881,app-ios,113,0,待定,2025/5/10 11:05,2025/5/10 23:55,1,2025/5/10 11:21,NULL
736508,25051041139035,231561881,0,已失效,2025/5/10 11:05,1746790485237,0,2,17d4ce1e68247e20b48538fc3d6e70f9-~1746790485237-~231561881,app-ios,158,1,/,2025/5/10 11:05,2025/5/10 23:55,0,NULL,NULL
736543,25051074961975,231561881,1,已付款,2025/5/10 11:05,1746790485237,0,2,17d4ce1e68247e20b48538fc3d6e70f9-~1746790485237-~231561881,app-ios,79,1,/,2025/5/10 11:05,2025/5/10 23:55,0,NULL,NULL
736573,25051074961875,231561881,1,已付款,2025/5/10 11:05,1746790485237,0,2,17d4ce1e68247e20b48538fc3d6e70f9-~1746790485237-~231561881,app-ios,79,1,/,2025/5/10 11:05,2025/5/10 23:55,0,NULL,NULL
736729,25051053231352,233502029,1,已付款,2025/5/10 11:06,1746806609154,4.79,2,dd391ccef6b13960d42d394c8934fc97-~1746806609154-~233502029,app-android,31.95,0,待定,2025/5/10 11:07,2025/5/10 23:55,1,2025/5/10 11:23,NULL
736843,25051041018935,233762542,0,已失效,2025/5/10 11:07,1746767606366,0.48,2,17d4ce1e68247e20b48538fc3d6e70f9-~1746767606366-~233762542,app-ios,98.2,0,待定,2025/5/10 11:07,2025/5/10 23:55,1,2025/5/10 11:24,NULL
736864,25051053162452,231576604,1,已付款,2025/5/10 11:07,1746842672561,2.16,2,dd391ccef6b13960d42d394c8934fc97-~1746842672561-~231576604,app-android,215.71,0,待定,2025/5/10 11:07,2025/5/10 23:59,1,NULL,NULL
737080,25051053159152,231561881,1,已付款,2025/5/10 11:07,1746764400805,3.75,2,17d4ce1e68247e20b48538fc3d6e70f9-~1746764400805-~231561881,app-ios,125,0,待定,2025/5/10 11:08,2025/5/10 23:55,1,2025/5/10 11:24,NULL
737424,25051006663412,231561881,1,已付款,2025/5/10 11:09,1746834233886,0,2,17d4ce1e68247e20b48538fc3d6e70f9-~1746834233886-~231561881,app-ios,6.29,1,/,2025/5/10 11:10,2025/5/10 23:55,0,NULL,NULL
738064,25051041087535,231561881,1,已付款,2025/5/10 11:06,1746835342296,4.26,2,17d4ce1e68247e20b48538fc3d6e70f9-~1746835342296-~231561881,app-ios,142,0,待定,2025/5/10 11:10,2025/5/10 23:55,1,2025/5/10 11:23,NULL
738066,25051054109645,231561881,1,已付款,2025/5/10 11:06,1746834857716,3.39,2,17d4ce1e68247e20b48538fc3d6e70f9-~1746834857716-~231561881,app-ios,113,0,待定,2025/5/10 11:10,2025/5/10 23:55,1,2025/5/10 11:23,NULL
738068,25051041353035,231561881,1,已付款,2025/5/10 11:07,1746837301337,8.28,2,17d4ce1e68247e20b48538fc3d6e70f9-~1746837301337-~231561881,app-ios,276,0,待定,2025/5/10 11:10,2025/5/10 23:55,1,2025/5/10 11:24,NULL
738069,25051074911275,231561881,0,已失效,2025/5/10 11:06,1746764400805,7.65,2,17d4ce1e68247e20b48538fc3d6e70f9-~1746764400805-~231561881,app-ios,255,0,待定,2025/5/10 11:10,2025/5/10 23:55,1,2025/5/10 11:23,NULL
738073,25051052863752,233502029,1,已付款,2025/5/10 11:05,1746799387420,0,2,dd391ccef6b13960d42d394c8934fc97-~1746799387420-~233502029,app-android,93.1,1,/,2025/5/10 11:10,2025/5/10 23:55,0,NULL,NULL
738075,25051069071365,233502003,0,已失效,2025/5/10 11:09,1746838883469,3.59,2,17d4ce1e68247e20b48538fc3d6e70f9-~1746838883469-~233502003,app-ios,82,0,待定,2025/5/10 11:10,2025/5/10 23:55,1,2025/5/10 11:26,NULL
738077,25051053126852,231576604,1,已付款,2025/5/10 11:08,1746846379985,11.08,2,dd391ccef6b13960d42d394c8934fc97-~1746846379985-~231576604,app-android,138.53,0,待定,2025/5/10 11:10,2025/5/10 23:55,1,2025/5/10 11:44,NULL
738078,25051053158852,231561881,1,已付款,2025/5/10 11:07,1746764400805,3.9,2,17d4ce1e68247e20b48538fc3d6e70f9-~1746764400805-~231561881,app-ios,130,0,待定,2025/5/10 11:10,2025/5/10 23:55,1,2025/5/10 11:24,NULL
738080,25051054304545,231561881,1,已付款,2025/5/10 11:09,1746845254507,2.55,2,17d4ce1e68247e20b48538fc3d6e70f9-~1746845254507-~231561881,app-ios,90,0,待定,2025/5/10 11:10,2025/5/10 23:55,1,2025/5/10 11:26,NULL
738081,25051041199135,231576604,1,已付款,2025/5/10 11:10,1746844131363,0,2,dd391ccef6b13960d42d394c8934fc97-~1746844131363-~231576604,app-android,113.9,1,/,2025/5/10 11:11,2025/5/10 23:55,0,NULL,NULL
738166,25051075120275,231576604,1,已付款,2025/5/10 11:10,1746804343110,2.19,2,dd391ccef6b13960d42d394c8934fc97-~1746804343110-~231576604,app-android,27.39,0,待定,2025/5/10 11:11,2025/5/10 23:55,1,2025/5/10 11:27,NULL
738322,25051068475608,233762542,0,已失效,2025/5/10 11:11,1746767606366,0.48,2,17d4ce1e68247e20b48538fc3d6e70f9-~1746767606366-~233762542,app-ios,98.2,0,待定,2025/5/10 11:12,2025/5/10 23:55,1,2025/5/10 11:28,NULL
738373,25051054622545,231561881,0,已失效,2025/5/10 11:12,1746844951297,2.34,2,17d4ce1e68247e20b48538fc3d6e70f9-~1746844951297-~231561881,app-ios,78,0,待定,2025/5/10 11:12,2025/5/10 23:55,1,2025/5/10 11:29,NULL
738658,25051068858708,233498054,1,已付款,2025/5/10 11:13,1746828051486,5.38,2,dd391ccef6b13960d42d394c8934fc97-~1746828051486-~233498054,app-android,179.45,0,待定,2025/5/10 11:13,2025/5/10 23:55,1,2025/5/10 11:30,NULL
739576,25051069417065,233762582,1,已付款,2025/5/10 11:10,1746766523482,0,2,dd391ccef6b13960d42d394c8934fc97-~1746766523482-~233762582,app-android,21,1,/,2025/5/10 11:15,2025/5/10 23:55,0,NULL,NULL
739579,25051068726408,233502003,0,已失效,2025/5/10 11:14,1746838883469,3.58,2,17d4ce1e68247e20b48538fc3d6e70f9-~1746838883469-~233502003,app-ios,81.65,0,待定,2025/5/10 11:15,2025/5/10 23:55,1,2025/5/10 11:31,NULL
739587,25051063107425,231561881,1,已付款,2025/5/10 11:11,1746845711831,9.75,5,17d4ce1e68247e20b48538fc3d6e70f9-~1746845711831-~231561881,app-ios,325,0,待定,2025/5/10 11:15,2025/5/10 23:55,1,2025/5/10 11:28,NULL
739881,25051069032208,231576604,1,已付款,2025/5/10 11:16,1746793901940,0,2,dd391ccef6b13960d42d394c8934fc97-~1746793901940-~231576604,app-android,138.36,1,/,2025/5/10 11:16,2025/5/10 23:55,0,NULL,NULL
740128,25051053482552,233502029,1,已付款,2025/5/10 11:18,1746788566074,0,2,dd391ccef6b13960d42d394c8934fc97-~1746788566074-~233502029,app-android,58.49,1,/,2025/5/10 11:18,2025/5/10 23:55,0,NULL,NULL
740150,25051063210325,233502029,0,已失效,2025/5/10 11:17,1746788566074,0,2,dd391ccef6b13960d42d394c8934fc97-~1746788566074-~233502029,app-android,232.89,1,/,2025/5/10 11:18,2025/5/10 23:55,0,NULL,NULL
740161,25051053482452,233502029,1,已付款,2025/5/10 11:18,1746788566074,0,2,dd391ccef6b13960d42d394c8934fc97-~1746788566074-~233502029,app-android,80.31,1,/,2025/5/10 11:18,2025/5/10 23:55,0,NULL,NULL
740162,25051007070612,233502029,1,已付款,2025/5/10 11:18,1746788566074,0,2,dd391ccef6b13960d42d394c8934fc97-~1746788566074-~233502029,app-android,94.09,1,/,2025/5/10 11:18,2025/5/10 23:55,0,NULL,NULL
740328,25051053828952,233502003,1,已付款,2025/5/10 11:18,1746784377710,2.11,2,17d4ce1e68247e20b48538fc3d6e70f9-~1746784377710-~233502003,app-ios,70.47,0,待定,2025/5/10 11:19,2025/5/10 23:55,1,2025/5/10 11:35,NULL
740473,25051069770065,231561881,1,已付款,2025/5/10 11:19,1746826734109,12.9,2,17d4ce1e68247e20b48538fc3d6e70f9-~1746826734109-~231561881,app-ios,430,0,待定,2025/5/10 11:19,2025/5/10 23:55,1,2025/5/10 11:36,NULL
740807,25051041965335,234093274,0,已失效,2025/5/10 11:20,1746799764963,8.52,2,17d4ce1e68247e20b48538fc3d6e70f9-~1746799764963-~234093274,app-ios,51,0,待定,2025/5/10 11:20,2025/5/10 23:55,1,2025/5/10 11:37,NULL
741184,25051072262575,231576604,1,已付款,2025/5/10 11:18,1746803692839,1.32,2,dd391ccef6b13960d42d394c8934fc97-~1746803692839-~231576604,app-android,44.08,0,待定,2025/5/10 11:20,2025/5/10 23:55,1,2025/5/10 11:35,NULL
741187,25051069767565,231561881,1,已付款,2025/5/10 11:19,1746837301337,4.5,2,17d4ce1e68247e20b48538fc3d6e70f9-~1746837301337-~231561881,app-ios,226.62,0,待定,2025/5/10 11:20,2025/5/10 23:55,1,2025/5/10 11:36,NULL
741200,25051098428389,233476754,1,已付款,2025/5/10 11:19,1746765639762,0,2,17d4ce1e68247e20b48538fc3d6e70f9-~1746765639762-~233476754,app-ios,0,0,待定,2025/5/10 11:20,2025/5/10 23:55,0,NULL,NULL
741209,25051069052608,233502003,1,已付款,2025/5/10 11:17,1746801887522,7.6,2,17d4ce1e68247e20b48538fc3d6e70f9-~1746801887522-~233502003,app-ios,58.44,0,待定,2025/5/10 11:20,2025/5/10 23:55,1,2025/5/10 11:34,NULL
741210,25051006816512,234093274,1,已付款,2025/5/10 11:15,1746799764963,1.11,2,17d4ce1e68247e20b48538fc3d6e70f9-~1746799764963-~234093274,app-ios,27.71,0,待定,2025/5/10 11:20,2025/5/10 23:55,1,2025/5/10 11:32,NULL
741591,25051098335089,231561881,0,已失效,2025/5/10 11:22,1746776825919,4.71,2,17d4ce1e68247e20b48538fc3d6e70f9-~1746776825919-~231561881,app-ios,157,0,待定,2025/5/10 11:22,2025/5/10 23:55,1,2025/5/10 11:39,NULL
741635,25051098352089,231561881,1,已付款,2025/5/10 11:22,1746776825919,4.71,2,17d4ce1e68247e20b48538fc3d6e70f9-~1746776825919-~231561881,app-ios,157,0,待定,2025/5/10 11:23,2025/5/10 23:55,1,2025/5/10 11:39,NULL
741715,25051070059965,231561881,1,已付款,2025/5/10 11:23,1746802472967,0,2,17d4ce1e68247e20b48538fc3d6e70f9-~1746802472967-~231561881,app-ios,41.1,1,/,2025/5/10 11:23,2025/5/10 23:55,0,NULL,NULL
742820,25051070045865,234093274,1,已付款,2025/5/10 11:23,1746799764963,8.52,2,17d4ce1e68247e20b48538fc3d6e70f9-~1746799764963-~234093274,app-ios,51,0,待定,2025/5/10 11:25,2025/5/10 23:55,1,2025/5/10 11:40,NULL
742821,25051098342889,231561881,0,已失效,2025/5/10 11:22,1746776825919,9.42,2,17d4ce1e68247e20b48538fc3d6e70f9-~1746776825919-~231561881,app-ios,314,0,待定,2025/5/10 11:25,2025/5/10 23:55,1,2025/5/10 11:39,NULL
742822,25051098458889,231576604,1,已付款,2025/5/10 11:20,1746699444125,4.88,2,dd391ccef6b13960d42d394c8934fc97-~1746699444125-~231576604,app-android,48.8,0,待定,2025/5/10 11:25,2025/5/10 23:55,1,2025/5/10 11:37,NULL
742823,25051069790665,234061612,1,已付款,2025/5/10 11:20,1746793044783,0.89,2,17d4ce1e68247e20b48538fc3d6e70f9-~1746793044783-~234061612,app-ios,178,0,待定,2025/5/10 11:25,2025/5/10 23:55,1,2025/5/10 11:37,NULL
742833,25051007297412,231561881,1,已付款,2025/5/10 11:22,1746776825919,4.71,2,17d4ce1e68247e20b48538fc3d6e70f9-~1746776825919-~231561881,app-ios,157,0,待定,2025/5/10 11:25,2025/5/10 23:55,1,2025/5/10 11:39,NULL
742837,25051063400225,231561881,0,已失效,2025/5/10 11:21,1746776825919,9.42,2,17d4ce1e68247e20b48538fc3d6e70f9-~1746776825919-~231561881,app-ios,314,0,待定,2025/5/10 11:25,2025/5/10 23:55,1,2025/5/10 11:38,NULL
742838,25051063429825,233502003,0,已失效,2025/5/10 11:20,1746770730963,7.6,2,17d4ce1e68247e20b48538fc3d6e70f9-~1746770730963-~233502003,app-ios,95,0,待定,2025/5/10 11:25,2025/5/10 23:55,1,2025/5/10 11:37,NULL
742842,25051053683552,231561881,0,已失效,2025/5/10 11:22,1746776825919,4.71,2,17d4ce1e68247e20b48538fc3d6e70f9-~1746776825919-~231561881,app-ios,157,0,待定,2025/5/10 11:25,2025/5/10 23:55,1,2025/5/10 11:39,NULL
742915,25051098614289,233460954,0,已失效,2025/5/10 11:26,1746831712888,0,2,dd391ccef6b13960d42d394c8934fc97-~1746831712888-~233460954,app-android,260.89,0,待定,2025/5/10 11:26,2025/5/10 23:55,1,2025/5/10 11:43,NULL
743445,25051042376735,231561881,1,已付款,2025/5/10 11:28,1746803898120,0.7,2,17d4ce1e68247e20b48538fc3d6e70f9-~1746803898120-~231561881,app-ios,69.73,0,待定,2025/5/10 11:29,2025/5/10 23:55,1,2025/5/10 11:45,NULL
743513,25051055523345,231561881,1,已付款,2025/5/10 11:28,1746803898120,0.62,2,17d4ce1e68247e20b48538fc3d6e70f9-~1746803898120-~231561881,app-ios,61.76,0,待定,2025/5/10 11:29,2025/5/10 23:55,1,2025/5/10 11:45,NULL
744354,25051007474412,231561881,1,已付款,2025/5/10 11:28,1746803898120,0.7,2,17d4ce1e68247e20b48538fc3d6e70f9-~1746803898120-~231561881,app-ios,69.74,0,待定,2025/5/10 11:30,2025/5/10 23:55,1,2025/5/10 11:45,NULL
744356,25051042113035,231561881,1,已付款,2025/5/10 11:27,1746837007690,0.17,2,17d4ce1e68247e20b48538fc3d6e70f9-~1746837007690-~231561881,app-ios,17,0,待定,2025/5/10 11:30,2025/5/10 23:55,1,2025/5/10 11:44,NULL
744374,25051069386308,231561881,0,已失效,2025/5/10 11:28,1746803898120,2.02,2,17d4ce1e68247e20b48538fc3d6e70f9-~1746803898120-~231561881,app-ios,201.23,0,待定,2025/5/10 11:30,2025/5/10 23:55,1,2025/5/10 11:45,NULL
744384,25051053953952,233762582,1,已付款,2025/5/10 11:25,1746792386704,0.51,2,dd391ccef6b13960d42d394c8934fc97-~1746792386704-~233762582,app-android,55.65,0,待定,2025/5/10 11:30,2025/5/10 23:55,1,2025/5/10 11:42,NULL
745609,25051007955412,231576604,1,已付款,2025/5/10 11:34,1746781127462,0.6,2,dd391ccef6b13960d42d394c8934fc97-~1746781127462-~231576604,app-android,120,0,待定,2025/5/10 11:35,2025/5/10 23:55,1,2025/5/10 11:51,NULL
746070,25051073135575,231561881,1,已付款,2025/5/10 11:35,1746847624046,0,2,17d4ce1e68247e20b48538fc3d6e70f9-~1746847624046-~231561881,app-ios,38.2,1,/,2025/5/10 11:35,2025/5/10 23:55,0,NULL,NULL
746276,25051078509045,231576604,1,已付款,2025/5/10 11:36,1746829264651,2.18,2,dd391ccef6b13960d42d394c8934fc97-~1746829264651-~231576604,app-android,98.98,0,待定,2025/5/10 11:37,2025/5/10 23:55,1,2025/5/10 11:53,NULL
746775,25051067278165,231561881,1,已付款,2025/5/10 11:39,1746801575245,16.59,2,17d4ce1e68247e20b48538fc3d6e70f9-~1746801575245-~231561881,app-ios,158,0,待定,2025/5/10 11:39,2025/5/10 23:55,1,2025/5/10 11:56,NULL
746947,25051077508852,233498046,0,已失效,2025/5/10 11:39,1746807612757,3.45,2,17d4ce1e68247e20b48538fc3d6e70f9-~1746807612757-~233498046,app-ios,115,0,待定,2025/5/10 11:40,2025/5/10 23:55,1,2025/5/10 11:56,NULL
747664,25051069064165,231561881,1,已付款,2025/5/10 11:39,1746533199911,7.45,2,17d4ce1e68247e20b48538fc3d6e70f9-~1746533199911-~231561881,app-ios,149,0,待定,2025/5/10 11:40,2025/5/10 23:55,1,2025/5/10 11:56,NULL
747674,25051099314689,231576604,1,已付款,2025/5/10 11:37,1746848078469,1.45,2,dd391ccef6b13960d42d394c8934fc97-~1746848078469-~231576604,app-android,29,0,待定,2025/5/10 11:40,2025/5/10 23:55,1,2025/5/10 11:54,NULL
747740,25051073263475,231561881,1,已付款,2025/5/10 11:40,1746801575245,0.79,2,17d4ce1e68247e20b48538fc3d6e70f9-~1746801575245-~231561881,app-ios,7.9,0,待定,2025/5/10 11:41,2025/5/10 23:55,1,2025/5/10 11:57,NULL
748068,25051065602635,231576604,1,已付款,2025/5/10 11:42,1746775521642,6.72,2,dd391ccef6b13960d42d394c8934fc97-~1746775521642-~231576604,app-android,224,0,待定,2025/5/10 11:42,2025/5/10 23:55,1,2025/5/10 11:59,NULL
748175,25051061187625,233502003,1,已付款,2025/5/10 11:43,1746838883469,0.3,2,17d4ce1e68247e20b48538fc3d6e70f9-~1746838883469-~233502003,app-ios,35,0,待定,2025/5/10 11:43,2025/5/10 23:55,1,2025/5/10 12:00,NULL
748219,25051099391989,231576604,1,已付款,2025/5/10 11:43,1746848113157,131.6,2,dd391ccef6b13960d42d394c8934fc97-~1746848113157-~231576604,app-android,1880,0,待定,2025/5/10 11:43,2025/5/10 23:55,1,2025/5/10 12:00,NULL
748319,25051099496789,234061612,1,已付款,2025/5/10 11:41,1746788287059,0.75,2,17d4ce1e68247e20b48538fc3d6e70f9-~1746788287059-~234061612,app-ios,75,0,待定,2025/5/10 11:44,2025/5/10 23:55,1,2025/5/10 11:58,NULL
748340,25051099496689,234061612,1,已付款,2025/5/10 11:41,1746788287059,6.58,2,17d4ce1e68247e20b48538fc3d6e70f9-~1746788287059-~234061612,app-ios,94,0,待定,2025/5/10 11:44,2025/5/10 23:55,1,2025/5/10 11:58,NULL
748348,25051008043312,234061612,1,已付款,2025/5/10 11:41,1746788287059,0.75,2,17d4ce1e68247e20b48538fc3d6e70f9-~1746788287059-~234061612,app-ios,75,0,待定,2025/5/10 11:44,2025/5/10 23:55,1,2025/5/10 11:58,NULL
748349,25051070045008,234061612,0,已失效,2025/5/10 11:40,1746788287059,10.29,2,17d4ce1e68247e20b48538fc3d6e70f9-~1746788287059-~234061612,app-ios,465,0,待定,2025/5/10 11:44,2025/5/10 23:55,1,2025/5/10 11:57,NULL
748356,25051073282575,234061612,1,已付款,2025/5/10 11:41,1746788287059,0.61,2,17d4ce1e68247e20b48538fc3d6e70f9-~1746788287059-~234061612,app-ios,61,0,待定,2025/5/10 11:44,2025/5/10 23:55,1,2025/5/10 11:58,NULL
748370,25051069963308,234061612,1,已付款,2025/5/10 11:41,1746788287059,0.8,2,17d4ce1e68247e20b48538fc3d6e70f9-~1746788287059-~234061612,app-ios,80,0,待定,2025/5/10 11:44,2025/5/10 23:55,1,2025/5/10 11:58,NULL
748447,25051077716752,231561881,1,已付款,2025/5/10 11:44,1746840838802,0,2,17d4ce1e68247e20b48538fc3d6e70f9-~1746840838802-~231561881,app-ios,36.1,1,/,2025/5/10 11:44,2025/5/10 23:55,0,NULL,NULL
749240,25051073280675,234061612,1,已付款,2025/5/10 11:41,1746788287059,0.8,2,17d4ce1e68247e20b48538fc3d6e70f9-~1746788287059-~234061612,app-ios,80,0,待定,2025/5/10 11:45,2025/5/10 23:55,1,2025/5/10 11:58,NULL
749241,25051060955425,233498046,1,已付款,2025/5/10 11:40,1746810213925,0.23,2,17d4ce1e68247e20b48538fc3d6e70f9-~1746810213925-~233498046,app-ios,22.87,0,待定,2025/5/10 11:45,2025/5/10 23:55,1,2025/5/10 11:57,NULL
749656,25051096375389,231561881,1,已付款,2025/5/10 11:47,1746847218935,9.95,2,17d4ce1e68247e20b48538fc3d6e70f9-~1746847218935-~231561881,app-ios,199,0,待定,2025/5/10 11:47,2025/5/10 23:55,1,2025/5/10 12:04,NULL
750429,25051093379708,233502003,1,已付款,2025/5/10 11:50,1746836316656,0,2,17d4ce1e68247e20b48538fc3d6e70f9-~1746836316656-~233502003,app-ios,177.95,1,/,2025/5/10 11:50,2025/5/10 23:55,0,NULL,NULL
750912,25051096393889,231576604,0,已失效,2025/5/10 11:47,1746806448651,2.49,2,dd391ccef6b13960d42d394c8934fc97-~1746806448651-~231576604,app-android,87.87,0,待定,2025/5/10 11:50,2025/5/10 23:55,1,2025/5/10 12:04,NULL
750920,25051077973952,233762582,1,已付款,2025/5/10 11:48,1746848734795,2.43,2,dd391ccef6b13960d42d394c8934fc97-~1746848734795-~233762582,app-android,81,0,待定,2025/5/10 11:50,2025/5/10 23:55,1,2025/5/10 12:05,NULL
750921,25051077931552,231561881,1,已付款,2025/5/10 11:47,1746807001265,9.83,2,17d4ce1e68247e20b48538fc3d6e70f9-~1746807001265-~231561881,app-ios,140.48,0,待定,2025/5/10 11:50,2025/5/10 23:55,1,2025/5/10 12:04,NULL
751333,25051066345435,233762542,1,已付款,2025/5/10 11:52,1746847224973,0,2,17d4ce1e68247e20b48538fc3d6e70f9-~1746847224973-~233762542,app-ios,106,0,待定,2025/5/10 11:53,2025/5/10 23:55,0,NULL,NULL
751528,25051061624925,233498054,0,已失效,2025/5/10 11:53,1746833471452,0,2,dd391ccef6b13960d42d394c8934fc97-~1746833471452-~233498054,app-android,119.08,1,/,2025/5/10 11:54,2025/5/10 23:55,0,NULL,NULL
751837,25051096472689,231561881,0,已失效,2025/5/10 11:54,1746794907709,9.27,2,17d4ce1e68247e20b48538fc3d6e70f9-~1746794907709-~231561881,app-ios,309,0,待定,2025/5/10 11:55,2025/5/10 23:55,1,2025/5/10 12:11,NULL
752591,25051096467489,233502003,1,已付款,2025/5/10 11:54,1746790041600,0,2,17d4ce1e68247e20b48538fc3d6e70f9-~1746790041600-~233502003,app-ios,37.2,1,/,2025/5/10 11:55,2025/5/10 23:55,0,NULL,NULL
752609,25051061503325,233762542,1,已付款,2025/5/10 11:55,1746849120520,0.43,2,17d4ce1e68247e20b48538fc3d6e70f9-~1746849120520-~233762542,app-ios,8.5,0,待定,2025/5/10 11:56,2025/5/10 23:55,1,2025/5/10 12:12,NULL
752751,25051068206865,231576604,1,已付款,2025/5/10 11:56,1746775521642,10.53,2,dd391ccef6b13960d42d394c8934fc97-~1746775521642-~231576604,app-android,351,0,待定,2025/5/10 11:56,2025/5/10 23:55,1,2025/5/10 12:13,NULL
752798,25051068196965,231576604,1,已付款,2025/5/10 11:56,1746846628710,5.31,2,dd391ccef6b13960d42d394c8934fc97-~1746846628710-~231576604,app-android,59,0,待定,2025/5/10 11:56,2025/5/10 23:55,1,2025/5/10 12:13,NULL
753058,25051005341712,233502003,1,已付款,2025/5/10 11:57,1746791308291,10.79,2,17d4ce1e68247e20b48538fc3d6e70f9-~1746791308291-~233502003,app-ios,154.16,0,待定,2025/5/10 11:58,2025/5/10 23:55,1,2025/5/10 12:14,NULL
753318,25051068123065,231576604,1,已付款,2025/5/10 11:59,1746778620733,2.64,2,dd391ccef6b13960d42d394c8934fc97-~1746778620733-~231576604,app-android,263.9,0,待定,2025/5/10 11:59,2025/5/10 23:55,1,2025/5/10 12:16,NULL
753336,25051078236852,231576604,1,已付款,2025/5/10 11:59,1746778620733,1.95,2,dd391ccef6b13960d42d394c8934fc97-~1746778620733-~231576604,app-android,39.08,0,待定,2025/5/10 11:59,2025/5/10 23:55,1,2025/5/10 12:16,NULL
753551,25051096772789,233502029,1,已付款,2025/5/10 12:00,1746847894392,1.48,2,dd391ccef6b13960d42d394c8934fc97-~1746847894392-~233502029,app-android,148.22,0,待定,2025/5/10 12:00,2025/5/10 23:55,1,2025/5/10 12:17,NULL
753625,25051070863875,231576604,0,已失效,2025/5/10 11:59,1746778620733,4.59,2,dd391ccef6b13960d42d394c8934fc97-~1746778620733-~231576604,app-android,302.98,0,待定,2025/5/10 12:00,2025/5/10 23:55,1,2025/5/10 12:16,NULL
754179,25051079643745,231561881,1,已付款,2025/5/10 11:59,1746806832061,0,2,17d4ce1e68247e20b48538fc3d6e70f9-~1746806832061-~231561881,app-ios,51,1,/,2025/5/10 12:00,2025/5/10 23:55,0,NULL,NULL
754215,25051066461335,231561881,1,已付款,2025/5/10 12:00,1746848943501,0.75,2,17d4ce1e68247e20b48538fc3d6e70f9-~1746848943501-~231561881,app-ios,74.9,0,待定,2025/5/10 12:00,2025/5/10 23:55,1,2025/5/10 12:17,NULL
754289,25051005655012,231561881,0,已失效,2025/5/10 12:00,1746848943501,1.35,2,17d4ce1e68247e20b48538fc3d6e70f9-~1746848943501-~231561881,app-ios,135,0,待定,2025/5/10 12:00,2025/5/10 23:55,1,2025/5/10 12:17,NULL
754393,25051096697089,231561881,1,已付款,2025/5/10 12:00,1746848943501,0.6,5,17d4ce1e68247e20b48538fc3d6e70f9-~1746848943501-~231561881,app-ios,60.1,0,待定,2025/5/10 12:01,2025/5/10 23:55,1,2025/5/10 12:17,NULL
754806,25051068376665,233502003,1,已付款,2025/5/10 12:03,1746837627255,1.76,2,17d4ce1e68247e20b48538fc3d6e70f9-~1746837627255-~233502003,app-ios,35.27,0,待定,2025/5/10 12:03,2025/5/10 23:55,1,2025/5/10 12:20,NULL
754998,25051061967325,231561881,1,已付款,2025/5/10 12:04,1746801203710,0,2,17d4ce1e68247e20b48538fc3d6e70f9-~1746801203710-~231561881,app-ios,116,1,/,2025/5/10 12:04,2025/5/10 23:55,0,NULL,NULL
755016,25051066714135,231561881,1,已付款,2025/5/10 12:04,1746795648013,3.21,2,17d4ce1e68247e20b48538fc3d6e70f9-~1746795648013-~231561881,app-ios,107,0,待定,2025/5/10 12:04,2025/5/10 23:55,1,2025/5/10 12:21,NULL
755063,25051078534252,231561881,1,已付款,2025/5/10 12:04,1746848974009,1.74,2,17d4ce1e68247e20b48538fc3d6e70f9-~1746848974009-~231561881,app-ios,58,0,待定,2025/5/10 12:04,2025/5/10 23:55,1,2025/5/10 12:21,NULL
755418,25051005846512,231561881,1,已付款,2025/5/10 12:05,1746849397188,3.75,2,17d4ce1e68247e20b48538fc3d6e70f9-~1746849397188-~231561881,app-ios,125,0,待定,2025/5/10 12:05,2025/5/10 23:55,1,2025/5/10 12:22,NULL
756031,25051071005075,233502003,1,已付款,2025/5/10 12:05,1746793339226,2.43,2,17d4ce1e68247e20b48538fc3d6e70f9-~1746793339226-~233502003,app-ios,26.99,0,待定,2025/5/10 12:06,2025/5/10 23:55,1,2025/5/10 12:22,NULL
756116,25051061931125,233502003,0,已失效,2025/5/10 12:06,1746790041600,0,2,17d4ce1e68247e20b48538fc3d6e70f9-~1746790041600-~233502003,app-ios,94.8,1,/,2025/5/10 12:06,2025/5/10 23:55,0,NULL,NULL
756369,25051070965575,233502003,1,已付款,2025/5/10 12:07,1746790041600,0,2,17d4ce1e68247e20b48538fc3d6e70f9-~1746790041600-~233502003,app-ios,94.8,1,/,2025/5/10 12:08,2025/5/10 23:55,0,NULL,NULL
756601,25051075421052,233502029,1,已付款,2025/5/10 12:08,1746849881226,1.61,2,dd391ccef6b13960d42d394c8934fc97-~1746849881226-~233502029,app-android,53.6,0,待定,2025/5/10 12:09,2025/5/10 23:55,1,2025/5/10 12:25,NULL
756682,25051058956225,233762582,0,已失效,2025/5/10 12:09,1746843099084,0,2,dd391ccef6b13960d42d394c8934fc97-~1746843099084-~233762582,app-android,859.7,1,/,2025/5/10 12:09,2025/5/10 23:55,0,NULL,NULL
758070,25051075774952,233498046,0,已失效,2025/5/10 12:13,1746802777971,1.63,2,17d4ce1e68247e20b48538fc3d6e70f9-~1746802777971-~233498046,app-ios,162.35,0,待定,2025/5/10 12:13,2025/5/10 23:55,1,2025/5/10 12:29,NULL
758082,25051097232289,233762582,1,已付款,2025/5/10 12:09,1746830106623,0.71,2,dd391ccef6b13960d42d394c8934fc97-~1746830106623-~233762582,app-android,23.5,0,待定,2025/5/10 12:13,2025/5/10 23:55,1,2025/5/10 12:26,NULL
758157,25051094083308,233498046,1,已付款,2025/5/10 12:13,1746802777971,0.55,2,17d4ce1e68247e20b48538fc3d6e70f9-~1746802777971-~233498046,app-ios,54.77,0,待定,2025/5/10 12:13,2025/5/10 23:55,1,2025/5/10 12:30,NULL
758177,25051094084708,233498046,1,已付款,2025/5/10 12:13,1746802777971,0.54,2,17d4ce1e68247e20b48538fc3d6e70f9-~1746802777971-~233498046,app-ios,53.78,0,待定,2025/5/10 12:13,2025/5/10 23:55,1,2025/5/10 12:30,NULL
758194,25051094084608,233498046,1,已付款,2025/5/10 12:13,1746802777971,0.54,2,17d4ce1e68247e20b48538fc3d6e70f9-~1746802777971-~233498046,app-ios,53.79,0,待定,2025/5/10 12:13,2025/5/10 23:55,1,2025/5/10 12:30,NULL
758540,25051091638965,233498046,1,已付款,2025/5/10 12:14,1746836767668,134.83,2,17d4ce1e68247e20b48538fc3d6e70f9-~1746836767668-~233498046,app-ios,1639.15,0,待定,2025/5/10 12:15,2025/5/10 23:55,1,2025/5/10 12:31,NULL
758548,25051094460308,233498046,1,已付款,2025/5/10 12:14,1746836767668,0.1,2,17d4ce1e68247e20b48538fc3d6e70f9-~1746836767668-~233498046,app-ios,19,0,待定,2025/5/10 12:15,2025/5/10 23:55,1,2025/5/10 12:31,NULL
759320,25051075577052,231576604,1,已付款,2025/5/10 12:15,1746806448651,2.54,2,dd391ccef6b13960d42d394c8934fc97-~1746806448651-~231576604,app-android,84.61,0,待定,2025/5/10 12:16,2025/5/10 23:55,1,2025/5/10 12:32,NULL
759363,25051094399408,233498046,1,已付款,2025/5/10 12:15,1746794694826,0.48,2,17d4ce1e68247e20b48538fc3d6e70f9-~1746794694826-~233498046,app-ios,6,0,待定,2025/5/10 12:16,2025/5/10 23:55,1,2025/5/10 12:32,NULL
759490,25051075587752,233762542,1,已付款,2025/5/10 12:16,1746781792251,0.05,2,17d4ce1e68247e20b48538fc3d6e70f9-~1746781792251-~233762542,app-ios,9.9,0,待定,2025/5/10 12:16,2025/5/10 23:55,1,2025/5/10 12:33,NULL
759636,25051097324789,231576604,1,已付款,2025/5/10 12:17,1746840639418,0.76,2,dd391ccef6b13960d42d394c8934fc97-~1746840639418-~231576604,app-android,75.7,0,待定,2025/5/10 12:17,2025/5/10 23:55,1,2025/5/10 12:34,NULL
759750,25051091959665,231576604,0,已失效,2025/5/10 12:18,1746771899036,10.37,2,dd391ccef6b13960d42d394c8934fc97-~1746771899036-~231576604,app-android,249.2,0,待定,2025/5/10 12:18,2025/5/10 23:55,1,2025/5/10 12:35,NULL
759820,25051094282908,231576604,1,已付款,2025/5/10 12:18,1746771899036,2.67,2,dd391ccef6b13960d42d394c8934fc97-~1746771899036-~231576604,app-android,89,0,待定,2025/5/10 12:18,2025/5/10 23:55,1,2025/5/10 12:35,NULL
759825,25051097663289,231576604,1,已付款,2025/5/10 12:18,1746771899036,0.38,2,dd391ccef6b13960d42d394c8934fc97-~1746771899036-~231576604,app-android,38.2,0,待定,2025/5/10 12:18,2025/5/10 23:55,1,2025/5/10 12:35,NULL
759889,25051075974152,231576604,1,已付款,2025/5/10 12:18,1746771899036,7.32,2,dd391ccef6b13960d42d394c8934fc97-~1746771899036-~231576604,app-android,122,0,待定,2025/5/10 12:18,2025/5/10 23:55,1,2025/5/10 12:35,NULL
760400,25051064134135,233502029,1,已付款,2025/5/10 12:19,1746846144697,0.76,2,dd391ccef6b13960d42d394c8934fc97-~1746846144697-~233502029,app-android,76,0,待定,2025/5/10 12:20,2025/5/10 23:55,1,2025/5/10 12:36,NULL
760938,25051059281725,231561881,1,已付款,2025/5/10 12:20,1746804472169,1.38,2,17d4ce1e68247e20b48538fc3d6e70f9-~1746804472169-~231561881,app-ios,138,0,待定,2025/5/10 12:20,2025/5/10 23:55,1,2025/5/10 12:37,NULL
760988,25051006506512,233502003,1,已付款,2025/5/10 12:20,1746812088540,43.02,2,17d4ce1e68247e20b48538fc3d6e70f9-~1746812088540-~233502003,app-ios,1434,0,待定,2025/5/10 12:20,2025/5/10 23:55,1,2025/5/10 12:37,NULL
761007,25051091866665,233498046,1,已付款,2025/5/10 12:20,1746845017325,20.52,2,17d4ce1e68247e20b48538fc3d6e70f9-~1746845017325-~233498046,app-ios,444,0,待定,2025/5/10 12:20,2025/5/10 23:55,1,2025/5/10 12:37,NULL
761250,25051064011835,233502029,1,已付款,2025/5/10 12:21,1746846144697,2.52,2,dd391ccef6b13960d42d394c8934fc97-~1746846144697-~233502029,app-android,84,0,待定,2025/5/10 12:22,2025/5/10 23:55,1,2025/5/10 12:38,NULL
761272,25051006457812,233502029,1,已付款,2025/5/10 12:21,1746805794524,0.78,2,dd391ccef6b13960d42d394c8934fc97-~1746805794524-~233502029,app-android,9.7,0,待定,2025/5/10 12:22,2025/5/10 23:55,1,2025/5/10 12:38,NULL
761422,25051071623075,233762582,1,已付款,2025/5/10 12:22,1746844535780,0,2,dd391ccef6b13960d42d394c8934fc97-~1746844535780-~233762582,app-android,39.12,1,/,2025/5/10 12:23,2025/5/10 23:55,0,NULL,NULL
761476,25051063946835,231576604,1,已付款,2025/5/10 12:23,1746838769745,5.18,2,dd391ccef6b13960d42d394c8934fc97-~1746838769745-~231576604,app-android,79.03,0,待定,2025/5/10 12:23,2025/5/10 23:55,1,2025/5/10 12:40,NULL
761501,25051006401612,231561881,1,已付款,2025/5/10 12:23,1746806832061,0,2,17d4ce1e68247e20b48538fc3d6e70f9-~1746806832061-~231561881,app-ios,352,1,/,2025/5/10 12:23,2025/5/10 23:55,0,NULL,NULL
762961,25051071890275,231576604,0,已失效,2025/5/10 12:26,1746792776924,3.39,2,dd391ccef6b13960d42d394c8934fc97-~1746792776924-~231576604,app-android,33.89,0,待定,2025/5/10 12:27,2025/5/10 23:55,1,2025/5/10 12:43,NULL
762991,25051059525625,234093274,1,已付款,2025/5/10 12:27,1746803058750,3.87,2,17d4ce1e68247e20b48538fc3d6e70f9-~1746803058750-~234093274,app-ios,129,0,待定,2025/5/10 12:27,2025/5/10 23:55,1,2025/5/10 12:44,NULL
763151,25051076025352,231576604,1,已付款,2025/5/10 12:27,1746848988003,5.99,2,dd391ccef6b13960d42d394c8934fc97-~1746848988003-~231576604,app-android,106,0,待定,2025/5/10 12:28,2025/5/10 23:55,1,2025/5/10 12:44,NULL
763383,25051076378652,231576604,1,已付款,2025/5/10 12:29,1746834669966,5.97,2,dd391ccef6b13960d42d394c8934fc97-~1746834669966-~231576604,app-android,199,0,待定,2025/5/10 12:29,2025/5/10 23:55,1,2025/5/10 12:46,NULL
763674,25051091432608,231576604,1,已付款,2025/5/10 12:29,1746851069209,0.75,2,dd391ccef6b13960d42d394c8934fc97-~1746851069209-~231576604,app-android,75,0,待定,2025/5/10 12:30,2025/5/10 23:55,1,2025/5/10 12:46,NULL
764329,25051077648345,233476754,1,已付款,2025/5/10 12:30,1746851243239,8.02,2,17d4ce1e68247e20b48538fc3d6e70f9-~1746851243239-~233476754,app-ios,100.22,0,待定,2025/5/10 12:30,2025/5/10 23:55,1,2025/5/10 12:47,NULL
764619,25051077594845,231576604,0,已失效,2025/5/10 12:31,1746851283618,18.01,2,dd391ccef6b13960d42d394c8934fc97-~1746851283618-~231576604,app-android,252,0,待定,2025/5/10 12:32,2025/5/10 23:55,1,2025/5/10 12:48,NULL
764819,25051068745375,233502003,1,已付款,2025/5/10 12:33,1746801489329,0,2,17d4ce1e68247e20b48538fc3d6e70f9-~1746801489329-~233502003,app-ios,46,1,/,2025/5/10 12:33,2025/5/10 23:55,0,NULL,NULL
766538,25051059994825,233502003,1,已付款,2025/5/10 12:34,1746837295359,17.46,2,17d4ce1e68247e20b48538fc3d6e70f9-~1746837295359-~233502003,app-ios,582.2,0,待定,2025/5/10 12:38,2025/5/10 23:55,1,2025/5/10 12:51,NULL
766934,25051092781565,231561881,0,已失效,2025/5/10 12:39,1746773839252,2.23,2,17d4ce1e68247e20b48538fc3d6e70f9-~1746773839252-~231561881,app-ios,222.89,0,待定,2025/5/10 12:40,2025/5/10 23:55,1,2025/5/10 12:56,NULL
767002,25051092789865,233762582,1,已付款,2025/5/10 12:39,1746851111903,0.55,2,dd391ccef6b13960d42d394c8934fc97-~1746851111903-~233762582,app-android,60,0,待定,2025/5/10 12:40,2025/5/10 23:55,1,2025/5/10 12:56,NULL
767880,25051003766412,231576604,0,已失效,2025/5/10 12:40,1746792776924,1.62,2,dd391ccef6b13960d42d394c8934fc97-~1746792776924-~231576604,app-android,53.99,0,待定,2025/5/10 12:41,2025/5/10 23:55,1,2025/5/10 12:57,NULL
768011,25051095164189,233498054,1,已付款,2025/5/10 12:41,1746806381087,0,2,dd391ccef6b13960d42d394c8934fc97-~1746806381087-~233498054,app-android,105.99,1,/,2025/5/10 12:42,2025/5/10 23:55,0,NULL,NULL
768030,25051077965945,233476754,1,已付款,2025/5/10 12:41,1746802522986,0.64,2,17d4ce1e68247e20b48538fc3d6e70f9-~1746802522986-~233476754,app-ios,21.32,0,待定,2025/5/10 12:42,2025/5/10 23:55,1,2025/5/10 12:58,NULL
768290,25051060210525,233498054,1,已付款,2025/5/10 12:40,1746714920343,6.24,2,dd391ccef6b13960d42d394c8934fc97-~1746714920343-~233498054,app-android,48,0,待定,2025/5/10 12:43,2025/5/10 23:55,1,2025/5/10 12:57,NULL
768351,25051060122025,231576604,1,已付款,2025/5/10 12:43,1746850634957,0.62,2,dd391ccef6b13960d42d394c8934fc97-~1746850634957-~231576604,app-android,20.64,0,待定,2025/5/10 12:43,2025/5/10 23:55,1,2025/5/10 13:00,NULL
768400,25051064829435,231576604,1,已付款,2025/5/10 12:44,1746792776924,3.22,2,dd391ccef6b13960d42d394c8934fc97-~1746792776924-~231576604,app-android,45.99,0,待定,2025/5/10 12:44,2025/5/10 23:55,1,2025/5/10 13:01,NULL
768444,25051069252875,231576604,1,已付款,2025/5/10 12:43,1746850950682,0,2,dd391ccef6b13960d42d394c8934fc97-~1746850950682-~231576604,app-android,49.95,1,/,2025/5/10 12:44,2025/5/10 23:55,0,NULL,NULL
768456,25051092644165,233502029,1,已付款,2025/5/10 12:44,1746788266962,0.03,2,dd391ccef6b13960d42d394c8934fc97-~1746788266962-~233502029,app-android,6.28,0,待定,2025/5/10 12:44,2025/5/10 23:55,1,2025/5/10 13:01,NULL
769563,25051003969012,233498046,1,已付款,2025/5/10 12:46,1746780191883,5.37,2,17d4ce1e68247e20b48538fc3d6e70f9-~1746780191883-~233498046,app-ios,178.99,0,待定,2025/5/10 12:46,2025/5/10 23:55,1,2025/5/10 13:03,NULL
769654,25051060347125,231561881,1,已付款,2025/5/10 12:46,1746848283415,2.87,2,17d4ce1e68247e20b48538fc3d6e70f9-~1746848283415-~231561881,app-ios,28.67,0,待定,2025/5/10 12:46,2025/5/10 23:55,1,2025/5/10 13:03,NULL
769832,25051095376089,233762542,1,已付款,2025/5/10 12:47,1746804835818,0,2,17d4ce1e68247e20b48538fc3d6e70f9-~1746804835818-~233762542,app-ios,29,1,/,2025/5/10 12:47,2025/5/10 23:55,0,NULL,NULL
769980,25051069096775,231576604,1,已付款,2025/5/10 12:47,1746831393691,4.11,2,dd391ccef6b13960d42d394c8934fc97-~1746831393691-~231576604,app-android,136.99,0,待定,2025/5/10 12:48,2025/5/10 23:55,1,2025/5/10 13:04,NULL
769996,25051076889152,231561881,1,已付款,2025/5/10 12:48,1746843257165,0.67,2,17d4ce1e68247e20b48538fc3d6e70f9-~1746843257165-~231561881,app-ios,22.49,0,待定,2025/5/10 12:48,2025/5/10 23:55,1,2025/5/10 13:05,NULL
770193,25051060248925,231561881,1,已付款,2025/5/10 12:49,1746826975832,10.06,2,17d4ce1e68247e20b48538fc3d6e70f9-~1746826975832-~231561881,app-ios,163.76,0,待定,2025/5/10 12:49,2025/5/10 23:55,1,2025/5/10 13:06,NULL
770251,25051004220012,231576604,1,已付款,2025/5/10 12:49,1746844588612,3.89,2,dd391ccef6b13960d42d394c8934fc97-~1746844588612-~231576604,app-android,95,0,待定,2025/5/10 12:49,2025/5/10 23:55,1,2025/5/10 13:06,NULL
770601,25051069391275,233762542,0,已失效,2025/5/10 12:50,1746851685528,0.03,2,17d4ce1e68247e20b48538fc3d6e70f9-~1746851685528-~233762542,app-ios,6,0,待定,2025/5/10 12:50,2025/5/10 23:55,1,2025/5/10 13:07,NULL
771799,25051078418345,233502003,1,已付款,2025/5/10 12:53,1746835815215,0,2,17d4ce1e68247e20b48538fc3d6e70f9-~1746835815215-~233502003,app-ios,97.66,1,/,2025/5/10 12:54,2025/5/10 23:55,0,NULL,NULL
771827,25051092534208,233502029,1,已付款,2025/5/10 12:53,1746852148046,2.67,2,dd391ccef6b13960d42d394c8934fc97-~1746852148046-~233502029,app-android,89,0,待定,2025/5/10 12:54,2025/5/10 23:55,1,2025/5/10 13:10,NULL
771870,25051073745652,233498046,1,已付款,2025/5/10 12:54,1746807612757,3.45,2,17d4ce1e68247e20b48538fc3d6e70f9-~1746807612757-~233498046,app-ios,115,0,待定,2025/5/10 12:54,2025/5/10 23:55,1,2025/5/10 13:11,NULL
772075,25051065220835,231576604,1,已付款,2025/5/10 12:54,1746837090269,0,2,dd391ccef6b13960d42d394c8934fc97-~1746837090269-~231576604,app-android,93,1,/,2025/5/10 12:55,2025/5/10 23:55,0,NULL,NULL
773021,25051069517975,231576604,1,已付款,2025/5/10 12:56,1746839728475,0,2,dd391ccef6b13960d42d394c8934fc97-~1746839728475-~231576604,app-android,126.41,1,/,2025/5/10 12:56,2025/5/10 23:55,0,NULL,NULL
773038,25051090139665,231576604,1,已付款,2025/5/10 12:56,1746839728475,0,2,dd391ccef6b13960d42d394c8934fc97-~1746839728475-~231576604,app-android,136.82,1,/,2025/5/10 12:56,2025/5/10 23:55,0,NULL,NULL
773046,25051069609775,231576604,0,已失效,2025/5/10 12:56,1746839728475,0,2,dd391ccef6b13960d42d394c8934fc97-~1746839728475-~231576604,app-android,263.23,1,/,2025/5/10 12:56,2025/5/10 23:55,0,NULL,NULL
773048,25051057214125,231576604,1,已付款,2025/5/10 12:56,1746839728475,0,2,dd391ccef6b13960d42d394c8934fc97-~1746839728475-~231576604,app-android,411.78,1,/,2025/5/10 12:56,2025/5/10 23:55,0,NULL,NULL
773101,25051004380412,234061612,0,已失效,2025/5/10 12:56,1746852193263,1.2,2,17d4ce1e68247e20b48538fc3d6e70f9-~1746852193263-~234061612,app-ios,40,0,待定,2025/5/10 12:57,2025/5/10 23:55,1,2025/5/10 13:13,NULL
773183,25051074041952,231576604,1,已付款,2025/5/10 12:56,1746829310784,5.9,2,dd391ccef6b13960d42d394c8934fc97-~1746829310784-~231576604,app-android,196.8,0,待定,2025/5/10 12:57,2025/5/10 23:55,1,2025/5/10 13:13,NULL
773235,25051078334545,233498046,1,已付款,2025/5/10 12:54,1746808954160,1.76,2,17d4ce1e68247e20b48538fc3d6e70f9-~1746808954160-~233498046,app-ios,58.8,0,待定,2025/5/10 12:57,2025/5/10 23:55,1,2025/5/10 13:11,NULL
773367,25051069470375,234061612,1,已付款,2025/5/10 12:57,1746852193263,1.1,2,17d4ce1e68247e20b48538fc3d6e70f9-~1746852193263-~234061612,app-ios,36.78,0,待定,2025/5/10 12:58,2025/5/10 23:55,1,2025/5/10 13:14,NULL
773467,25051065252935,231576604,1,已付款,2025/5/10 12:55,1746534028562,22.08,2,dd391ccef6b13960d42d394c8934fc97-~1746534028562-~231576604,app-android,184,0,待定,2025/5/10 12:58,2025/5/10 23:55,1,2025/5/10 13:12,NULL
773556,25051075338345,234061612,1,已付款,2025/5/10 12:59,1746798117526,0.33,2,17d4ce1e68247e20b48538fc3d6e70f9-~1746798117526-~234061612,app-ios,65,0,待定,2025/5/10 12:59,2025/5/10 23:55,1,2025/5/10 13:15,NULL
773793,25051095740989,233762542,1,已付款,2025/5/10 13:00,1746852289842,2.56,2,17d4ce1e68247e20b48538fc3d6e70f9-~1746852289842-~233762542,app-ios,255.93,0,待定,2025/5/10 13:00,2025/5/10 23:55,1,2025/5/10 13:17,NULL
773820,25051004689112,231561881,1,已付款,2025/5/10 12:59,1746844233359,17.58,2,17d4ce1e68247e20b48538fc3d6e70f9-~1746844233359-~231561881,app-ios,293,0,待定,2025/5/10 13:00,2025/5/10 23:55,1,2025/5/10 13:16,NULL
773832,25051073957652,231561881,1,已付款,2025/5/10 12:59,1746829953421,2.9,2,17d4ce1e68247e20b48538fc3d6e70f9-~1746829953421-~231561881,app-ios,58,0,待定,2025/5/10 13:00,2025/5/10 23:55,1,2025/5/10 13:16,NULL
773843,25051091417808,231561881,1,已付款,2025/5/10 12:59,1746707921845,10.17,2,17d4ce1e68247e20b48538fc3d6e70f9-~1746707921845-~231561881,app-ios,339,0,待定,2025/5/10 13:00,2025/5/10 23:55,1,2025/5/10 13:16,NULL
774562,25051095651189,233762542,1,已付款,2025/5/10 13:00,1746791777710,0,2,17d4ce1e68247e20b48538fc3d6e70f9-~1746791777710-~233762542,app-ios,160,1,/,2025/5/10 13:00,2025/5/10 23:55,0,NULL,NULL
774587,25051004704812,231561881,0,已失效,2025/5/10 13:00,1746805715549,46.13,2,17d4ce1e68247e20b48538fc3d6e70f9-~1746805715549-~231561881,app-ios,483,0,待定,2025/5/10 13:00,2025/5/10 23:55,1,2025/5/10 13:17,NULL
774835,25051069811375,231576604,1,已付款,2025/5/10 13:01,1746784209492,4.81,2,dd391ccef6b13960d42d394c8934fc97-~1746784209492-~231576604,app-android,160.2,0,待定,2025/5/10 13:01,2025/5/10 23:55,1,2025/5/10 13:18,NULL
774900,25051090341465,231561881,1,已付款,2025/5/10 13:01,1746844951297,2.13,2,17d4ce1e68247e20b48538fc3d6e70f9-~1746844951297-~231561881,app-ios,71,0,待定,2025/5/10 13:02,2025/5/10 23:55,1,2025/5/10 13:18,NULL
775020,25051073935252,231576604,1,已付款,2025/5/10 12:59,1746852758672,3.34,2,dd391ccef6b13960d42d394c8934fc97-~1746852758672-~231576604,app-ios,55.7,0,待定,2025/5/10 13:02,2025/5/10 23:55,1,2025/5/10 13:16,NULL
775098,25051069675675,231576604,1,已付款,2025/5/10 13:03,1746766992035,1.31,2,dd391ccef6b13960d42d394c8934fc97-~1746766992035-~231576604,app-android,130.88,0,待定,2025/5/10 13:03,2025/5/10 23:55,1,2025/5/10 13:20,NULL
775180,25051075517245,231561881,1,已付款,2025/5/10 13:03,1746834298299,1.52,2,17d4ce1e68247e20b48538fc3d6e70f9-~1746834298299-~231561881,app-ios,50.72,0,待定,2025/5/10 13:03,2025/5/10 23:55,1,2025/5/10 13:20,NULL
775243,25051004518412,231561881,0,已失效,2025/5/10 13:03,1746834298299,6.53,2,17d4ce1e68247e20b48538fc3d6e70f9-~1746834298299-~231561881,app-ios,217.7,0,待定,2025/5/10 13:03,2025/5/10 23:55,1,2025/5/10 13:20,NULL
775276,25051090206465,231561881,1,已付款,2025/5/10 13:03,1746834298299,5.01,2,17d4ce1e68247e20b48538fc3d6e70f9-~1746834298299-~231561881,app-ios,166.98,0,待定,2025/5/10 13:03,2025/5/10 23:55,1,2025/5/10 13:20,NULL
775793,25051062442035,231561881,1,已付款,2025/5/10 13:05,1746790520901,1.89,2,17d4ce1e68247e20b48538fc3d6e70f9-~1746790520901-~231561881,app-ios,63,0,待定,2025/5/10 13:05,2025/5/10 23:55,1,2025/5/10 13:22,NULL
775800,25051074149552,231561881,1,已付款,2025/5/10 13:05,1746836286762,2.19,2,17d4ce1e68247e20b48538fc3d6e70f9-~1746836286762-~231561881,app-ios,218.69,0,待定,2025/5/10 13:05,2025/5/10 23:55,1,2025/5/10 13:21,NULL
776573,25051062376835,231576604,1,已付款,2025/5/10 13:06,1746853443649,5.4,5,dd391ccef6b13960d42d394c8934fc97-~1746853443649-~231576604,app-android,59,0,待定,2025/5/10 13:06,2025/5/10 23:55,1,2025/5/10 13:23,NULL
776850,25051069943275,231561881,1,已付款,2025/5/10 13:07,1746851754097,1.17,2,17d4ce1e68247e20b48538fc3d6e70f9-~1746851754097-~231561881,app-ios,39,0,待定,2025/5/10 13:08,2025/5/10 23:55,1,2025/5/10 13:24,NULL
777029,25051075806545,233762582,1,已付款,2025/5/10 13:08,1746846221066,0.34,2,dd391ccef6b13960d42d394c8934fc97-~1746846221066-~233762582,app-android,33.5,0,待定,2025/5/10 13:09,2025/5/10 23:55,1,2025/5/10 13:25,NULL
777171,25051096173189,231561881,1,已付款,2025/5/10 13:09,1746844951297,2.24,2,17d4ce1e68247e20b48538fc3d6e70f9-~1746844951297-~231561881,app-ios,56,0,待定,2025/5/10 13:09,2025/5/10 23:55,1,2025/5/10 13:26,NULL
777330,25051069914275,231561881,1,已付款,2025/5/10 13:09,1746851004965,11.84,2,17d4ce1e68247e20b48538fc3d6e70f9-~1746851004965-~231561881,app-ios,169.1,0,待定,2025/5/10 13:10,2025/5/10 23:55,1,2025/5/10 13:26,NULL
778425,25051074704952,231561881,1,已付款,2025/5/10 13:11,1746790153791,0,2,17d4ce1e68247e20b48538fc3d6e70f9-~1746790153791-~231561881,app-ios,443,1,/,2025/5/10 13:12,2025/5/10 23:55,0,NULL,NULL
778451,25051001756112,231576604,1,已付款,2025/5/10 13:11,1746853625576,6.8,2,dd391ccef6b13960d42d394c8934fc97-~1746853625576-~231576604,app-android,226.6,0,待定,2025/5/10 13:12,2025/5/10 23:55,1,2025/5/10 13:28,NULL
778478,25051001762312,231561881,1,已付款,2025/5/10 13:11,1746790153791,0,2,17d4ce1e68247e20b48538fc3d6e70f9-~1746790153791-~231561881,app-ios,77,1,/,2025/5/10 13:12,2025/5/10 23:55,0,NULL,NULL
778489,25051057797925,231561881,1,已付款,2025/5/10 13:11,1746790153791,0,2,17d4ce1e68247e20b48538fc3d6e70f9-~1746790153791-~231561881,app-ios,77,1,/,2025/5/10 13:12,2025/5/10 23:55,0,NULL,NULL
778534,25051074407252,233476754,1,已付款,2025/5/10 13:09,1746780425785,2.74,2,17d4ce1e68247e20b48538fc3d6e70f9-~1746780425785-~233476754,app-android,27.39,0,待定,2025/5/10 13:12,2025/5/10 23:55,1,2025/5/10 13:26,NULL
778694,25051096072289,231576604,1,已付款,2025/5/10 13:11,1746846473232,7.04,2,dd391ccef6b13960d42d394c8934fc97-~1746846473232-~231576604,app-android,88,0,待定,2025/5/10 13:13,2025/5/10 23:55,1,2025/5/10 13:28,NULL
778695,25051057792225,231561881,0,已失效,2025/5/10 13:11,1746790153791,0,2,17d4ce1e68247e20b48538fc3d6e70f9-~1746790153791-~231561881,app-ios,597,1,/,2025/5/10 13:13,2025/5/10 23:55,0,NULL,NULL
778876,25051074679752,231576604,1,已付款,2025/5/10 13:13,1746853888548,3.37,2,dd391ccef6b13960d42d394c8934fc97-~1746853888548-~231576604,app-android,112.4,0,待定,2025/5/10 13:14,2025/5/10 23:55,1,2025/5/10 13:30,NULL
779995,25051074738452,233762582,1,已付款,2025/5/10 13:12,1746790782159,3.41,2,dd391ccef6b13960d42d394c8934fc97-~1746790782159-~233762582,app-ios,34.11,0,待定,2025/5/10 13:15,2025/5/10 23:55,1,2025/5/10 13:29,NULL
780153,25051058062325,231561881,1,已下单,2025/5/10 13:16,1746803503643,2.72,2,17d4ce1e68247e20b48538fc3d6e70f9-~1746803503643-~231561881,app-ios,136,0,待定,2025/5/10 13:16,2025/5/10 23:55,1,2025/5/10 13:33,NULL
780410,25051001963012,233460954,1,已付款,2025/5/10 13:17,1746853758517,8.54,2,dd391ccef6b13960d42d394c8934fc97-~1746853758517-~233460954,app-android,122,0,待定,2025/5/10 13:17,2025/5/10 23:55,1,2025/5/10 13:34,NULL
780438,25051093020089,233502003,0,已失效,2025/5/10 13:17,1746770936574,0.55,2,17d4ce1e68247e20b48538fc3d6e70f9-~1746770936574-~233502003,app-ios,13.86,0,待定,2025/5/10 13:18,2025/5/10 23:55,1,2025/5/10 13:34,NULL
780575,25051062744335,231576604,1,已付款,2025/5/10 13:18,1746834765918,0.1,2,dd391ccef6b13960d42d394c8934fc97-~1746834765918-~231576604,app-android,9.51,0,待定,2025/5/10 13:18,2025/5/10 23:55,1,2025/5/10 13:35,NULL
780621,25051093380989,233762542,1,已付款,2025/5/10 13:19,1746791872096,4.93,2,17d4ce1e68247e20b48538fc3d6e70f9-~1746791872096-~233762542,app-ios,164.42,0,待定,2025/5/10 13:19,2025/5/10 23:55,1,2025/5/10 13:36,NULL
781155,25051093316489,233502003,1,已付款,2025/5/10 13:20,1746804783770,2,2,17d4ce1e68247e20b48538fc3d6e70f9-~1746804783770-~233502003,app-ios,200,0,待定,2025/5/10 13:20,2025/5/10 23:55,1,2025/5/10 13:37,NULL
782080,25051067309075,231561881,1,已付款,2025/5/10 13:22,1746838828569,23.22,2,17d4ce1e68247e20b48538fc3d6e70f9-~1746838828569-~231561881,app-ios,331.7,0,待定,2025/5/10 13:22,2025/5/10 23:55,1,2025/5/10 13:39,NULL
782184,25051075124752,231576604,1,已付款,2025/5/10 13:22,1746850613260,34.21,2,dd391ccef6b13960d42d394c8934fc97-~1746850613260-~231576604,app-android,562.5,0,待定,2025/5/10 13:23,2025/5/10 23:55,1,2025/5/10 13:39,NULL
782312,25051091132965,233502003,1,已付款,2025/5/10 13:23,1746770936574,0.52,2,17d4ce1e68247e20b48538fc3d6e70f9-~1746770936574-~233502003,app-ios,13,0,待定,2025/5/10 13:23,2025/5/10 23:55,1,2025/5/10 13:40,NULL
782634,25051063269835,231561881,1,已付款,2025/5/10 13:24,1746791748373,8.57,2,17d4ce1e68247e20b48538fc3d6e70f9-~1746791748373-~231561881,app-ios,171.45,0,待定,2025/5/10 13:25,2025/5/10 23:55,1,2025/5/10 13:41,NULL
782662,25051076408545,231561881,1,已付款,2025/5/10 13:24,1746852921001,1.05,5,17d4ce1e68247e20b48538fc3d6e70f9-~1746852921001-~231561881,支付宝小程序,40,0,待定,2025/5/10 13:25,2025/5/10 23:55,1,2025/5/10 13:41,NULL
783576,25051067231575,231576604,1,已付款,2025/5/10 13:25,1746844375197,2.24,2,dd391ccef6b13960d42d394c8934fc97-~1746844375197-~231576604,app-android,22.38,0,待定,2025/5/10 13:26,2025/5/10 23:55,1,2025/5/10 13:42,NULL
783638,25051091042465,233502029,1,已付款,2025/5/10 13:26,1746801404467,7.74,2,dd391ccef6b13960d42d394c8934fc97-~1746801404467-~233502029,app-android,258,0,待定,2025/5/10 13:26,2025/5/10 23:55,1,2025/5/10 13:43,NULL
783672,25051002088312,231561881,1,已付款,2025/5/10 13:26,1746845603089,29.96,2,17d4ce1e68247e20b48538fc3d6e70f9-~1746845603089-~231561881,app-ios,428,0,待定,2025/5/10 13:26,2025/5/10 23:55,1,2025/5/10 13:43,NULL
783776,25051067581175,231576604,1,已付款,2025/5/10 13:27,1746843841003,2.29,2,dd391ccef6b13960d42d394c8934fc97-~1746843841003-~231576604,app-android,228.65,0,待定,2025/5/10 13:27,2025/5/10 23:55,1,2025/5/10 13:43,NULL
784531,25051076296645,231576604,1,已付款,2025/5/10 13:27,1746838447972,53.41,2,dd391ccef6b13960d42d394c8934fc97-~1746838447972-~231576604,app-android,763,0,待定,2025/5/10 13:30,2025/5/10 23:55,1,2025/5/10 13:44,NULL
785141,25051091220765,231561881,1,已付款,2025/5/10 13:30,1746854623555,0,2,17d4ce1e68247e20b48538fc3d6e70f9-~1746854623555-~231561881,app-ios,116.95,1,/,2025/5/10 13:30,2025/5/10 23:55,0,NULL,NULL
785281,25051002353312,231561881,0,已失效,2025/5/10 13:30,1746854623555,0,2,17d4ce1e68247e20b48538fc3d6e70f9-~1746854623555-~231561881,app-ios,335.25,1,/,2025/5/10 13:30,2025/5/10 23:55,0,NULL,NULL
785411,25051090766808,231561881,0,已失效,2025/5/10 13:30,1746854623555,0,2,17d4ce1e68247e20b48538fc3d6e70f9-~1746854623555-~231561881,app-ios,31.25,1,/,2025/5/10 13:31,2025/5/10 23:55,0,NULL,NULL
785429,25051063487635,231561881,0,已失效,2025/5/10 13:30,1746854623555,0,2,17d4ce1e68247e20b48538fc3d6e70f9-~1746854623555-~231561881,app-ios,259.8,1,/,2025/5/10 13:31,2025/5/10 23:55,0,NULL,NULL
785452,25051067417675,231561881,0,已失效,2025/5/10 13:30,1746854623555,0,2,17d4ce1e68247e20b48538fc3d6e70f9-~1746854623555-~231561881,app-ios,44.2,1,/,2025/5/10 13:31,2025/5/10 23:55,0,NULL,NULL
785481,25051076548545,231576604,1,已付款,2025/5/10 13:31,1746841625032,0,2,dd391ccef6b13960d42d394c8934fc97-~1746841625032-~231576604,app-android,29.26,1,/,2025/5/10 13:31,2025/5/10 23:55,0,NULL,NULL
785533,25051057400625,231561881,1,已付款,2025/5/10 13:31,1746526621139,8.98,2,17d4ce1e68247e20b48538fc3d6e70f9-~1746526621139-~231561881,app-ios,179.58,0,待定,2025/5/10 13:31,2025/5/10 23:55,1,2025/5/10 13:48,NULL
785680,25051093658689,231561881,1,已付款,2025/5/10 13:31,1746777600470,16.8,2,17d4ce1e68247e20b48538fc3d6e70f9-~1746777600470-~231561881,app-ios,239.98,0,待定,2025/5/10 13:32,2025/5/10 23:55,1,2025/5/10 13:48,NULL
786119,25051072286452,231561881,0,已失效,2025/5/10 13:34,1746854623555,0,2,17d4ce1e68247e20b48538fc3d6e70f9-~1746854623555-~231561881,app-ios,50.54,1,/,2025/5/10 13:34,2025/5/10 23:55,0,NULL,NULL
786169,25051058621125,233502003,0,已失效,2025/5/10 13:34,1746854461512,0,2,17d4ce1e68247e20b48538fc3d6e70f9-~1746854461512-~233502003,app-ios,168,1,/,2025/5/10 13:34,2025/5/10 23:55,0,NULL,NULL
786170,25051091561765,233502003,0,已失效,2025/5/10 13:34,1746854461512,0,2,17d4ce1e68247e20b48538fc3d6e70f9-~1746854461512-~233502003,app-ios,148,1,/,2025/5/10 13:34,2025/5/10 23:55,0,NULL,NULL
787153,25051002536412,231576604,1,已付款,2025/5/10 13:35,1746854997373,4.21,2,dd391ccef6b13960d42d394c8934fc97-~1746854997373-~231576604,app-android,26.3,0,待定,2025/5/10 13:35,2025/5/10 23:55,1,2025/5/10 13:52,NULL
787217,25051072216552,231576604,1,已付款,2025/5/10 13:35,1746837750258,5.22,2,dd391ccef6b13960d42d394c8934fc97-~1746837750258-~231576604,app-android,174,0,待定,2025/5/10 13:35,2025/5/10 23:55,1,2025/5/10 13:52,NULL
787274,25051072224852,233502003,1,已付款,2025/5/10 13:35,1746854461512,0,2,17d4ce1e68247e20b48538fc3d6e70f9-~1746854461512-~233502003,app-ios,303,1,/,2025/5/10 13:36,2025/5/10 23:55,0,NULL,NULL
787307,25051067709675,233502003,1,已付款,2025/5/10 13:35,1746854461512,0,2,17d4ce1e68247e20b48538fc3d6e70f9-~1746854461512-~233502003,app-ios,168,1,/,2025/5/10 13:36,2025/5/10 23:55,0,NULL,NULL
787313,25051055706825,233502003,1,已付款,2025/5/10 13:35,1746854461512,0,2,17d4ce1e68247e20b48538fc3d6e70f9-~1746854461512-~233502003,app-ios,148,1,/,2025/5/10 13:36,2025/5/10 23:55,0,NULL,NULL
787358,25051093942489,231561881,1,已付款,2025/5/10 13:36,1746854623555,1.52,2,17d4ce1e68247e20b48538fc3d6e70f9-~1746854623555-~231561881,app-ios,50.54,0,待定,2025/5/10 13:36,2025/5/10 23:55,1,2025/5/10 13:53,NULL
787365,25051072240152,231576604,1,已付款,2025/5/10 13:36,1746838408623,2.31,2,dd391ccef6b13960d42d394c8934fc97-~1746838408623-~231576604,app-android,76.86,0,待定,2025/5/10 13:36,2025/5/10 23:55,1,2025/5/10 13:53,NULL
787773,25051091403765,231561881,1,已付款,2025/5/10 13:38,1746855327019,23.31,2,17d4ce1e68247e20b48538fc3d6e70f9-~1746855327019-~231561881,app-ios,333,0,待定,2025/5/10 13:39,2025/5/10 23:55,1,2025/5/10 13:55,NULL
787810,25051068008875,231576604,1,已付款,2025/5/10 13:38,1746854192588,0.28,2,dd391ccef6b13960d42d394c8934fc97-~1746854192588-~231576604,app-android,14.49,0,待定,2025/5/10 13:39,2025/5/10 23:55,1,2025/5/10 13:55,NULL
789462,25051067848975,231576604,1,已付款,2025/5/10 13:42,1746852354475,0.39,2,dd391ccef6b13960d42d394c8934fc97-~1746852354475-~231576604,app-android,77,0,待定,2025/5/10 13:43,2025/5/10 23:55,1,2025/5/10 13:59,NULL
789676,25051055802825,233460954,1,已付款,2025/5/10 13:44,1746854263424,5.15,2,dd391ccef6b13960d42d394c8934fc97-~1746854263424-~233460954,app-android,71,0,待定,2025/5/10 13:44,2025/5/10 23:55,1,2025/5/10 14:01,NULL
789934,25051060508535,231561881,0,已失效,2025/5/10 13:44,1746851229603,2.17,0,17d4ce1e68247e20b48538fc3d6e70f9-~1746851229603-~231561881,app-ios,53,0,待定,2025/5/10 13:45,2025/5/10 23:55,1,2025/5/10 14:01,NULL
790921,25051094373489,231576604,1,已付款,2025/5/10 13:45,1746830895731,0.77,2,dd391ccef6b13960d42d394c8934fc97-~1746830895731-~231576604,app-android,25.73,0,待定,2025/5/10 13:46,2025/5/10 23:55,1,2025/5/10 14:02,NULL
791579,25051073834045,233502003,1,已付款,2025/5/10 13:49,1746800978592,0.55,2,17d4ce1e68247e20b48538fc3d6e70f9-~1746800978592-~233502003,app-ios,27.4,0,待定,2025/5/10 13:49,2025/5/10 23:55,1,2025/5/10 14:06,NULL
791588,25051068402075,233762582,1,已付款,2025/5/10 13:49,1746789661292,8.46,2,dd391ccef6b13960d42d394c8934fc97-~1746789661292-~233762582,app-android,281.79,0,待定,2025/5/10 13:49,2025/5/10 23:55,1,2025/5/10 14:06,NULL
791607,25051091349908,233502003,1,已付款,2025/5/10 13:49,1746800978592,3.84,2,17d4ce1e68247e20b48538fc3d6e70f9-~1746800978592-~233502003,app-ios,64,0,待定,2025/5/10 13:49,2025/5/10 23:55,1,2025/5/10 14:06,NULL
792681,25051094230389,233502029,1,已付款,2025/5/10 13:50,1746839884811,0.5,2,dd391ccef6b13960d42d394c8934fc97-~1746839884811-~233502029,app-android,100,0,待定,2025/5/10 13:50,2025/5/10 23:55,1,2025/5/10 14:07,NULL
792720,25051068434475,233502029,1,已付款,2025/5/10 13:50,1746839884811,0.04,2,dd391ccef6b13960d42d394c8934fc97-~1746839884811-~233502029,app-android,7,0,待定,2025/5/10 13:50,2025/5/10 23:55,1,2025/5/10 14:07,NULL
792763,25051072891452,233498046,1,已付款,2025/5/10 13:51,1746808665601,0.83,2,17d4ce1e68247e20b48538fc3d6e70f9-~1746808665601-~233498046,app-ios,83,0,待定,2025/5/10 13:51,2025/5/10 23:55,1,2025/5/10 14:08,NULL
792799,25051094247889,233502029,1,已付款,2025/5/10 13:51,1746848228564,17.01,2,dd391ccef6b13960d42d394c8934fc97-~1746848228564-~233502029,app-android,189,0,待定,2025/5/10 13:51,2025/5/10 23:55,1,2025/5/10 14:07,NULL
792973,25051003146712,231561881,1,已付款,2025/5/10 13:52,1746807267107,38.54,2,17d4ce1e68247e20b48538fc3d6e70f9-~1746807267107-~231561881,app-ios,511,0,待定,2025/5/10 13:52,2025/5/10 23:55,1,2025/5/10 14:09,NULL
793383,25051056271125,231561881,1,已付款,2025/5/10 13:54,1746803787047,0,5,17d4ce1e68247e20b48538fc3d6e70f9-~1746803787047-~231561881,app-ios,133.4,1,/,2025/5/10 13:54,2025/5/10 23:55,0,NULL,NULL
793538,25051094495989,231576604,1,已付款,2025/5/10 13:54,1746830240515,1.57,2,dd391ccef6b13960d42d394c8934fc97-~1746830240515-~231576604,app-android,157,0,待定,2025/5/10 13:55,2025/5/10 23:55,1,2025/5/10 14:11,NULL
793606,25051068590275,231576604,0,已失效,2025/5/10 13:54,1746855759206,0.3,2,dd391ccef6b13960d42d394c8934fc97-~1746855759206-~231576604,app-android,34.8,0,待定,2025/5/10 13:55,2025/5/10 23:55,1,2025/5/10 15:29,NULL
794515,25051072838952,231576604,1,已付款,2025/5/10 13:52,1746802348122,1.3,2,dd391ccef6b13960d42d394c8934fc97-~1746802348122-~231576604,app-android,130,0,待定,2025/5/10 13:55,2025/5/10 23:55,1,2025/5/10 14:09,NULL
794688,25051056235825,231561881,1,已付款,2025/5/10 13:56,1746854795842,4.7,2,17d4ce1e68247e20b48538fc3d6e70f9-~1746854795842-~231561881,app-ios,94,0,待定,2025/5/10 13:56,2025/5/10 23:55,1,2025/5/10 14:13,NULL
794701,25051068632975,231561881,1,已付款,2025/5/10 13:56,1746854795842,1.47,2,17d4ce1e68247e20b48538fc3d6e70f9-~1746854795842-~231561881,app-ios,48.9,0,待定,2025/5/10 13:56,2025/5/10 23:55,1,2025/5/10 14:13,NULL
794728,25051073974245,231561881,0,已失效,2025/5/10 13:56,1746854795842,6.17,2,17d4ce1e68247e20b48538fc3d6e70f9-~1746854795842-~231561881,app-ios,142.9,0,待定,2025/5/10 13:56,2025/5/10 23:55,1,2025/5/10 14:13,NULL
794760,25051073100152,233502003,1,已付款,2025/5/10 13:57,1746848898023,0,2,17d4ce1e68247e20b48538fc3d6e70f9-~1746848898023-~233502003,app-ios,289,1,/,2025/5/10 13:57,2025/5/10 23:55,0,NULL,NULL
795152,25051061223035,231576604,1,已付款,2025/5/10 13:58,1746855870709,0.49,5,dd391ccef6b13960d42d394c8934fc97-~1746855870709-~231576604,app-android,53.9,0,待定,2025/5/10 13:59,2025/5/10 23:55,1,2025/5/10 14:15,NULL
796573,25051088942065,231576604,1,已付款,2025/5/10 14:01,1746779922827,0,2,dd391ccef6b13960d42d394c8934fc97-~1746779922827-~231576604,app-android,84,1,/,2025/5/10 14:01,2025/5/10 23:55,0,NULL,NULL
796621,25051074170145,231561881,1,已付款,2025/5/10 14:01,1746833494810,3.66,2,17d4ce1e68247e20b48538fc3d6e70f9-~1746833494810-~231561881,app-ios,45.76,0,待定,2025/5/10 14:01,2025/5/10 23:55,1,2025/5/10 14:18,NULL
796754,25051056374325,233502003,1,已付款,2025/5/10 14:02,1746855919035,0.75,2,17d4ce1e68247e20b48538fc3d6e70f9-~1746855919035-~233502003,app-ios,29.9,0,待定,2025/5/10 14:02,2025/5/10 23:55,1,2025/5/10 14:19,NULL
796843,25051088346808,231576604,0,已失效,2025/5/10 14:03,1746852938416,0,2,dd391ccef6b13960d42d394c8934fc97-~1746852938416-~231576604,app-android,437.76,1,/,2025/5/10 14:03,2025/5/10 23:55,0,NULL,NULL
796853,25051089318165,231576604,1,已付款,2025/5/10 14:03,1746852938416,0,2,dd391ccef6b13960d42d394c8934fc97-~1746852938416-~231576604,app-android,255.28,1,/,2025/5/10 14:03,2025/5/10 23:55,0,NULL,NULL
796854,25051074529045,231576604,0,已失效,2025/5/10 14:03,1746852938416,0,2,dd391ccef6b13960d42d394c8934fc97-~1746852938416-~231576604,app-android,32.45,1,/,2025/5/10 14:03,2025/5/10 23:55,0,NULL,NULL
796871,25051089318065,231576604,0,已失效,2025/5/10 14:03,1746852938416,0,2,dd391ccef6b13960d42d394c8934fc97-~1746852938416-~231576604,app-android,182.48,1,/,2025/5/10 14:03,2025/5/10 23:55,0,NULL,NULL
796980,25051000283312,231576604,1,已付款,2025/5/10 14:03,1746855906160,6.08,2,dd391ccef6b13960d42d394c8934fc97-~1746855906160-~231576604,app-android,40.56,0,待定,2025/5/10 14:03,2025/5/10 23:55,1,2025/5/10 14:20,NULL
796990,25051074540845,234093274,1,已付款,2025/5/10 14:03,1746841190975,1.68,2,17d4ce1e68247e20b48538fc3d6e70f9-~1746841190975-~234093274,app-ios,28,0,待定,2025/5/10 14:03,2025/5/10 23:55,1,2025/5/10 14:20,NULL
797080,25051000207312,233762542,1,已付款,2025/5/10 14:04,1746847856714,1.47,2,17d4ce1e68247e20b48538fc3d6e70f9-~1746847856714-~233762542,app-ios,29.4,0,待定,2025/5/10 14:04,2025/5/10 23:55,1,2025/5/10 14:21,NULL
797171,25051056740625,233762542,1,已付款,2025/5/10 14:04,1746856782308,0,2,17d4ce1e68247e20b48538fc3d6e70f9-~1746856782308-~233762542,app-ios,0,0,待定,2025/5/10 14:04,2025/5/10 23:55,0,NULL,NULL
798611,25051073164552,231576604,1,已付款,2025/5/10 14:07,1746857053860,12.7,2,dd391ccef6b13960d42d394c8934fc97-~1746857053860-~231576604,app-android,127,0,待定,2025/5/10 14:07,2025/5/10 23:55,1,2025/5/10 14:24,NULL
798701,25051091961675,233502029,0,已失效,2025/5/10 14:07,1746856391019,0,2,dd391ccef6b13960d42d394c8934fc97-~1746856391019-~233502029,app-android,456.01,1,/,2025/5/10 14:08,2025/5/10 23:55,0,NULL,NULL
798737,25051061349535,233498046,1,已付款,2025/5/10 14:08,1746857232383,0.26,2,17d4ce1e68247e20b48538fc3d6e70f9-~1746857232383-~233498046,app-ios,26.3,0,待定,2025/5/10 14:08,2025/5/10 23:55,1,2025/5/10 14:25,NULL
798746,25051074402745,233502003,0,已失效,2025/5/10 14:08,1746848742101,4.92,2,17d4ce1e68247e20b48538fc3d6e70f9-~1746848742101-~233502003,app-ios,164,0,待定,2025/5/10 14:08,2025/5/10 23:55,1,2025/5/10 14:24,NULL
798780,25051074408145,233502029,1,已付款,2025/5/10 14:08,1746856391019,0,2,dd391ccef6b13960d42d394c8934fc97-~1746856391019-~233502029,app-android,38.67,1,/,2025/5/10 14:08,2025/5/10 23:55,0,NULL,NULL
798830,25051000559812,233502029,1,已付款,2025/5/10 14:08,1746856391019,0,2,dd391ccef6b13960d42d394c8934fc97-~1746856391019-~233502029,app-android,312.33,1,/,2025/5/10 14:08,2025/5/10 23:55,0,NULL,NULL
798831,25051088635908,231561881,1,已付款,2025/5/10 14:08,1746787242621,0.23,2,17d4ce1e68247e20b48538fc3d6e70f9-~1746787242621-~231561881,app-ios,45.7,0,待定,2025/5/10 14:08,2025/5/10 23:55,1,2025/5/10 14:25,NULL
798879,25051091923089,233502003,1,已付款,2025/5/10 14:08,1746805866719,8.18,2,17d4ce1e68247e20b48538fc3d6e70f9-~1746805866719-~233502003,app-ios,116.9,0,待定,2025/5/10 14:09,2025/5/10 23:55,1,2025/5/10 14:25,NULL
799036,25051089488065,233502029,1,已付款,2025/5/10 14:08,1746856391019,0,2,dd391ccef6b13960d42d394c8934fc97-~1746856391019-~233502029,app-android,105.01,1,/,2025/5/10 14:09,2025/5/10 23:55,0,NULL,NULL
799161,25051091955689,231576604,1,已付款,2025/5/10 14:09,1746806152933,0,2,dd391ccef6b13960d42d394c8934fc97-~1746806152933-~231576604,app-android,61,1,/,2025/5/10 14:10,2025/5/10 23:55,0,NULL,NULL
799688,25051073373652,231561881,1,已付款,2025/5/10 14:10,1746856723403,8.4,2,17d4ce1e68247e20b48538fc3d6e70f9-~1746856723403-~231561881,app-ios,74.99,0,待定,2025/5/10 14:10,2025/5/10 23:55,1,2025/5/10 14:27,NULL
800202,25051091895089,233762582,1,已付款,2025/5/10 14:11,1746787263428,0,2,dd391ccef6b13960d42d394c8934fc97-~1746787263428-~233762582,app-android,265,1,/,2025/5/10 14:11,2025/5/10 23:55,0,NULL,NULL
800218,25051091882575,231561881,1,已付款,2025/5/10 14:10,1746829349583,0,2,17d4ce1e68247e20b48538fc3d6e70f9-~1746829349583-~231561881,app-ios,44.14,1,/,2025/5/10 14:11,2025/5/10 23:55,0,NULL,NULL
800426,25051091821675,233498046,1,已付款,2025/5/10 14:12,1746809596538,2.37,2,17d4ce1e68247e20b48538fc3d6e70f9-~1746809596538-~233498046,app-ios,79,0,待定,2025/5/10 14:12,2025/5/10 23:55,1,2025/5/10 14:29,NULL
800438,25051073330952,233498046,1,已付款,2025/5/10 14:12,1746809596538,5.25,2,17d4ce1e68247e20b48538fc3d6e70f9-~1746809596538-~233498046,app-ios,175,0,待定,2025/5/10 14:12,2025/5/10 23:55,1,2025/5/10 14:29,NULL
800466,25051073330652,233498046,1,已付款,2025/5/10 14:12,1746809596538,2.25,2,17d4ce1e68247e20b48538fc3d6e70f9-~1746809596538-~233498046,app-ios,75,0,待定,2025/5/10 14:12,2025/5/10 23:55,1,2025/5/10 14:29,NULL
800660,25051061609635,233502029,1,已付款,2025/5/10 14:12,1746835021595,0,2,dd391ccef6b13960d42d394c8934fc97-~1746835021595-~233502029,app-android,34.14,1,/,2025/5/10 14:13,2025/5/10 23:55,0,NULL,NULL
800712,25051088820208,234061612,1,已付款,2025/5/10 14:13,1746842281692,13.4,2,17d4ce1e68247e20b48538fc3d6e70f9-~1746842281692-~234061612,app-ios,134,0,待定,2025/5/10 14:13,2025/5/10 23:55,1,2025/5/10 14:30,NULL
800871,25051089711865,231576604,1,已付款,2025/5/10 14:14,1746796777494,5.55,2,dd391ccef6b13960d42d394c8934fc97-~1746796777494-~231576604,app-android,185,0,待定,2025/5/10 14:14,2025/5/10 23:55,1,2025/5/10 14:31,NULL
800895,25051088753908,233502029,1,已付款,2025/5/10 14:14,1746841671217,46.82,2,dd391ccef6b13960d42d394c8934fc97-~1746841671217-~233502029,app-android,668.88,0,待定,2025/5/10 14:14,2025/5/10 23:55,1,2025/5/10 14:31,NULL
802094,25051074646145,233498046,0,已失效,2025/5/10 14:11,1746809596538,9.87,2,17d4ce1e68247e20b48538fc3d6e70f9-~1746809596538-~233498046,app-ios,329,0,待定,2025/5/10 14:15,2025/5/10 23:55,1,2025/5/10 14:28,NULL
802098,25051073328352,233502029,1,已付款,2025/5/10 14:12,1746853512818,0,2,dd391ccef6b13960d42d394c8934fc97-~1746853512818-~233502029,app-android,638,0,待定,2025/5/10 14:15,2025/5/10 23:55,0,NULL,NULL
802400,25051057112125,231576604,0,已失效,2025/5/10 14:17,1746855759206,2.46,2,dd391ccef6b13960d42d394c8934fc97-~1746855759206-~231576604,app-android,113.8,0,待定,2025/5/10 14:17,2025/5/10 23:55,1,2025/5/10 15:29,NULL
802401,25051092013789,233762542,1,已付款,2025/5/10 14:17,1746851685528,0,2,17d4ce1e68247e20b48538fc3d6e70f9-~1746851685528-~233762542,app-ios,6,0,待定,2025/5/10 14:17,2025/5/10 23:55,0,NULL,NULL
802462,25051057092525,233762542,1,已付款,2025/5/10 14:17,1746847683247,0,2,17d4ce1e68247e20b48538fc3d6e70f9-~1746847683247-~233762542,app-ios,215.7,1,/,2025/5/10 14:17,2025/5/10 23:55,0,NULL,NULL
802475,25051092024489,233762582,1,已付款,2025/5/10 14:17,1746857225187,1.7,2,dd391ccef6b13960d42d394c8934fc97-~1746857225187-~233762582,app-android,22,0,待定,2025/5/10 14:17,2025/5/10 23:55,1,2025/5/10 14:34,NULL
802494,25051073626852,233762542,1,已付款,2025/5/10 14:14,1746831034298,0,2,17d4ce1e68247e20b48538fc3d6e70f9-~1746831034298-~233762542,app-android,1,0,待定,2025/5/10 14:17,2025/5/10 23:55,0,NULL,NULL
802511,25051057117625,231576604,1,已付款,2025/5/10 14:18,1746855759206,0.47,2,dd391ccef6b13960d42d394c8934fc97-~1746855759206-~231576604,app-android,47.36,0,待定,2025/5/10 14:18,2025/5/10 23:55,1,2025/5/10 15:29,NULL
802575,25051092035689,231576604,1,已付款,2025/5/10 14:18,1746855759206,1.99,2,dd391ccef6b13960d42d394c8934fc97-~1746855759206-~231576604,app-android,66.44,0,待定,2025/5/10 14:18,2025/5/10 23:55,1,2025/5/10 15:29,NULL
802582,25051001019912,233502003,1,已付款,2025/5/10 14:18,1746857827883,8.48,2,17d4ce1e68247e20b48538fc3d6e70f9-~1746857827883-~233502003,app-ios,106,0,待定,2025/5/10 14:18,2025/5/10 23:55,1,2025/5/10 14:35,NULL
802799,25051092388575,231561881,1,已付款,2025/5/10 14:19,1746844735557,0.11,2,17d4ce1e68247e20b48538fc3d6e70f9-~1746844735557-~231561881,app-ios,16,0,待定,2025/5/10 14:19,2025/5/10 23:55,1,2025/5/10 14:36,NULL
803190,25051089917365,233498046,1,已付款,2025/5/10 14:20,1746840850075,4.59,0,17d4ce1e68247e20b48538fc3d6e70f9-~1746840850075-~233498046,app-ios,137,0,待定,2025/5/10 14:20,2025/5/10 23:55,1,2025/5/10 14:37,NULL
803230,25051092006189,231576604,1,已付款,2025/5/10 14:19,1746856594598,4.83,2,dd391ccef6b13960d42d394c8934fc97-~1746856594598-~231576604,app-android,69,0,待定,2025/5/10 14:20,2025/5/10 23:55,1,2025/5/10 14:36,NULL
804043,25051089637665,233502003,1,已付款,2025/5/10 14:15,1746848742101,4.92,2,17d4ce1e68247e20b48538fc3d6e70f9-~1746848742101-~233502003,app-ios,164,0,待定,2025/5/10 14:20,2025/5/10 23:55,1,2025/5/10 14:32,NULL
804048,25051089047008,234093274,1,已下单,2025/5/10 14:19,1746846804679,7.3,2,17d4ce1e68247e20b48538fc3d6e70f9-~1746846804679-~234093274,app-ios,146,0,待定,2025/5/10 14:20,2025/5/10 23:55,1,2025/5/10 14:36,NULL
804518,25051062084235,231561881,1,已付款,2025/5/10 14:23,1746837396155,0,2,17d4ce1e68247e20b48538fc3d6e70f9-~1746837396155-~231561881,app-ios,0,0,待定,2025/5/10 14:23,2025/5/10 23:55,0,NULL,NULL
804592,25051092227475,233502029,1,已付款,2025/5/10 14:23,1746856340491,0,2,dd391ccef6b13960d42d394c8934fc97-~1746856340491-~233502029,app-android,51.7,1,/,2025/5/10 14:24,2025/5/10 23:55,0,NULL,NULL
804660,25051092571675,233502003,1,已付款,2025/5/10 14:24,1746829114248,5.68,2,17d4ce1e68247e20b48538fc3d6e70f9-~1746829114248-~233502003,app-ios,37.87,0,待定,2025/5/10 14:24,2025/5/10 23:55,1,2025/5/10 14:41,NULL
804748,25051089209508,231576604,1,已付款,2025/5/10 14:24,1746847923603,2.41,2,dd391ccef6b13960d42d394c8934fc97-~1746847923603-~231576604,app-android,34.48,0,待定,2025/5/10 14:24,2025/5/10 23:55,1,2025/5/10 14:41,NULL
804883,25051089771465,231561881,1,已付款,2025/5/10 14:24,1746776718399,0,2,17d4ce1e68247e20b48538fc3d6e70f9-~1746776718399-~231561881,app-ios,501,1,/,2025/5/10 14:25,2025/5/10 23:55,0,NULL,NULL
804903,25051089220708,233502003,1,已付款,2025/5/10 14:24,1746829114248,0.28,2,17d4ce1e68247e20b48538fc3d6e70f9-~1746829114248-~233502003,app-ios,55.83,0,待定,2025/5/10 14:25,2025/5/10 23:55,1,2025/5/10 14:41,NULL
805393,25051061939735,233502003,1,已付款,2025/5/10 14:25,1746857401528,7.32,2,17d4ce1e68247e20b48538fc3d6e70f9-~1746857401528-~233502003,app-ios,61,0,待定,2025/5/10 14:25,2025/5/10 23:55,1,2025/5/10 14:42,NULL
805447,25051086825865,231576604,1,已付款,2025/5/10 14:25,1746857790765,1.27,2,dd391ccef6b13960d42d394c8934fc97-~1746857790765-~231576604,app-android,25.44,0,待定,2025/5/10 14:25,2025/5/10 23:55,1,2025/5/10 14:42,NULL
805900,25051061676835,233762582,1,已付款,2025/5/10 14:20,1746799304958,2.26,2,dd391ccef6b13960d42d394c8934fc97-~1746799304958-~233762582,app-android,45.12,0,待定,2025/5/10 14:25,2025/5/10 23:55,1,2025/5/10 14:37,NULL
805909,25051089205408,233502003,0,已失效,2025/5/10 14:24,1746829114248,5.96,2,17d4ce1e68247e20b48538fc3d6e70f9-~1746829114248-~233502003,app-ios,93.7,0,待定,2025/5/10 14:25,2025/5/10 23:55,1,2025/5/10 14:40,NULL
805911,25051088977408,233502003,1,已付款,2025/5/10 14:20,1746848742101,1.72,2,17d4ce1e68247e20b48538fc3d6e70f9-~1746848742101-~233502003,app-ios,172,0,待定,2025/5/10 14:25,2025/5/10 23:55,1,2025/5/10 14:37,NULL
806538,25051058914135,233502029,1,已付款,2025/5/10 14:29,1746852594495,7.56,2,dd391ccef6b13960d42d394c8934fc97-~1746852594495-~233502029,app-android,90,0,待定,2025/5/10 14:29,2025/5/10 23:55,1,2025/5/10 14:46,NULL
806846,25051054167125,234093274,1,已付款,2025/5/10 14:29,1746843562366,1.74,2,17d4ce1e68247e20b48538fc3d6e70f9-~1746843562366-~234093274,app-ios,58,0,待定,2025/5/10 14:30,2025/5/10 23:55,1,2025/5/10 14:46,NULL
807874,25051053913825,231561881,1,已付款,2025/5/10 14:25,1746842109981,0,2,17d4ce1e68247e20b48538fc3d6e70f9-~1746842109981-~231561881,app-ios,6,1,/,2025/5/10 14:30,2025/5/10 23:55,0,NULL,NULL
807998,25051054117625,233502003,1,已付款,2025/5/10 14:31,1746850891803,0.03,2,17d4ce1e68247e20b48538fc3d6e70f9-~1746850891803-~233502003,app-ios,5.81,0,待定,2025/5/10 14:31,2025/5/10 23:55,1,2025/5/10 14:48,NULL
808104,25051089392408,233502003,0,已失效,2025/5/10 14:32,1746848742101,1.26,2,17d4ce1e68247e20b48538fc3d6e70f9-~1746848742101-~233502003,app-ios,126,0,待定,2025/5/10 14:32,2025/5/10 23:55,1,2025/5/10 14:49,NULL
808215,25051072314645,231561881,0,已失效,2025/5/10 14:32,1746857543344,12.15,2,17d4ce1e68247e20b48538fc3d6e70f9-~1746857543344-~231561881,app-ios,126,0,待定,2025/5/10 14:32,2025/5/10 23:55,1,2025/5/10 14:49,NULL
808346,25051092660975,231576604,1,已付款,2025/5/10 14:32,1746856859177,4.45,1,dd391ccef6b13960d42d394c8934fc97-~1746856859177-~231576604,app-android,89,0,待定,2025/5/10 14:33,2025/5/10 23:55,1,2025/5/10 14:49,NULL
808515,25051092703989,233502029,1,已付款,2025/5/10 14:33,1746844371941,0,2,dd391ccef6b13960d42d394c8934fc97-~1746844371941-~233502029,app-android,0,0,待定,2025/5/10 14:34,2025/5/10 23:55,0,NULL,NULL
808598,25051054428025,231561881,0,已失效,2025/5/10 14:34,1746857543344,12.15,2,17d4ce1e68247e20b48538fc3d6e70f9-~1746857543344-~231561881,app-ios,81,0,待定,2025/5/10 14:34,2025/5/10 23:55,1,2025/5/10 14:51,NULL
808685,25051070999652,233460954,1,已付款,2025/5/10 14:33,1746858069678,0.68,2,dd391ccef6b13960d42d394c8934fc97-~1746858069678-~233460954,app-android,72.98,0,待定,2025/5/10 14:34,2025/5/10 23:55,1,2025/5/10 14:50,NULL
808935,25051070863452,231576604,1,已付款,2025/5/10 14:34,1746834567844,11.7,2,dd391ccef6b13960d42d394c8934fc97-~1746834567844-~231576604,app-android,167.2,0,待定,2025/5/10 14:35,2025/5/10 23:55,1,2025/5/10 14:51,NULL
809014,25051072205545,233502003,1,已付款,2025/5/10 14:35,1746858092355,5.52,2,17d4ce1e68247e20b48538fc3d6e70f9-~1746858092355-~233502003,app-ios,184,0,待定,2025/5/10 14:35,2025/5/10 23:55,1,2025/5/10 14:52,NULL
809015,25051072201545,231576604,1,已付款,2025/5/10 14:35,1746850557236,2.54,2,dd391ccef6b13960d42d394c8934fc97-~1746850557236-~231576604,app-android,84.78,0,待定,2025/5/10 14:35,2025/5/10 23:55,1,2025/5/10 14:52,NULL
809863,25051001594112,231561881,0,已失效,2025/5/10 14:34,1746857543344,0,2,17d4ce1e68247e20b48538fc3d6e70f9-~1746857543344-~231561881,app-ios,45,0,待定,2025/5/10 14:35,2025/5/10 23:55,0,NULL,NULL
809939,25051070906252,231561881,1,已付款,2025/5/10 14:36,1746850767069,0.45,2,17d4ce1e68247e20b48538fc3d6e70f9-~1746850767069-~231561881,app-ios,90,0,待定,2025/5/10 14:36,2025/5/10 23:55,1,2025/5/10 14:53,NULL
809964,25051086904165,231561881,1,已付款,2025/5/10 14:36,1746850767069,2.01,2,17d4ce1e68247e20b48538fc3d6e70f9-~1746850767069-~231561881,app-ios,67.2,0,待定,2025/5/10 14:36,2025/5/10 23:55,1,2025/5/10 14:53,NULL
809965,25051072131045,231561881,0,已失效,2025/5/10 14:35,1746850767069,2.46,2,17d4ce1e68247e20b48538fc3d6e70f9-~1746850767069-~231561881,app-ios,157.2,0,待定,2025/5/10 14:36,2025/5/10 23:55,1,2025/5/10 14:52,NULL
810181,25051092940089,231576604,1,已付款,2025/5/10 14:37,1746800270465,3.25,2,dd391ccef6b13960d42d394c8934fc97-~1746800270465-~231576604,app-android,64.9,0,待定,2025/5/10 14:38,2025/5/10 23:55,1,2025/5/10 14:54,NULL
810508,25051001463412,233502003,0,已失效,2025/5/10 14:39,1746848742101,1.12,2,17d4ce1e68247e20b48538fc3d6e70f9-~1746848742101-~233502003,app-ios,112,0,待定,2025/5/10 14:39,2025/5/10 23:55,1,2025/5/10 14:56,NULL
810545,25051087219465,233476754,0,已失效,2025/5/10 14:39,1746858930413,1.05,2,17d4ce1e68247e20b48538fc3d6e70f9-~1746858930413-~233476754,app-ios,20.65,0,待定,2025/5/10 14:39,2025/5/10 23:55,1,2025/5/10 14:56,NULL
810669,25051054703825,233762582,1,已付款,2025/5/10 14:39,1746844436003,0,2,dd391ccef6b13960d42d394c8934fc97-~1746844436003-~233762582,app-android,0,0,待定,2025/5/10 14:40,2025/5/10 23:55,0,NULL,NULL
811246,25051092811375,231561881,1,已付款,2025/5/10 14:40,1746851137539,0,2,17d4ce1e68247e20b48538fc3d6e70f9-~1746851137539-~231561881,app-ios,128,1,/,2025/5/10 14:40,2025/5/10 23:55,0,NULL,NULL
811252,25051092918189,233502029,1,已付款,2025/5/10 14:40,1746834669328,183.48,2,dd391ccef6b13960d42d394c8934fc97-~1746834669328-~233502029,app-android,9174,0,待定,2025/5/10 14:40,2025/5/10 23:55,1,2025/5/10 14:57,NULL
811842,25051072403945,231561881,1,已付款,2025/5/10 14:40,1746857543344,0,2,17d4ce1e68247e20b48538fc3d6e70f9-~1746857543344-~231561881,app-ios,50,0,待定,2025/5/10 14:41,2025/5/10 23:55,0,NULL,NULL
811992,25051072438645,233762582,0,已失效,2025/5/10 14:38,1746830106623,44.99,2,dd391ccef6b13960d42d394c8934fc97-~1746830106623-~233762582,app-android,4499,0,待定,2025/5/10 14:42,2025/5/10 23:55,1,2025/5/10 14:55,NULL
812020,25051086555408,231576604,1,已付款,2025/5/10 14:41,1746828576096,16.28,2,dd391ccef6b13960d42d394c8934fc97-~1746828576096-~231576604,app-android,307.43,0,待定,2025/5/10 14:42,2025/5/10 23:55,1,2025/5/10 14:58,NULL
812108,25051054588625,233476754,1,已付款,2025/5/10 14:42,1746853503923,0,2,17d4ce1e68247e20b48538fc3d6e70f9-~1746853503923-~233476754,app-ios,4.4,1,/,2025/5/10 14:42,2025/5/10 23:55,0,NULL,NULL
812239,25051059294635,231576604,1,已付款,2025/5/10 14:42,1746855306503,0,2,dd391ccef6b13960d42d394c8934fc97-~1746855306503-~231576604,app-android,1.24,1,/,2025/5/10 14:43,2025/5/10 23:55,0,NULL,NULL
812339,25051059314635,231561881,1,已付款,2025/5/10 14:43,1746855576082,0,2,17d4ce1e68247e20b48538fc3d6e70f9-~1746855576082-~231561881,app-ios,217,1,/,2025/5/10 14:43,2025/5/10 23:55,0,NULL,NULL
812766,25051093198375,231576604,1,已付款,2025/5/10 14:42,1746850960003,2.8,2,dd391ccef6b13960d42d394c8934fc97-~1746850960003-~231576604,app-android,56,0,待定,2025/5/10 14:45,2025/5/10 23:55,1,2025/5/10 14:59,NULL
813363,25051089822489,231561881,1,已付款,2025/5/10 14:45,1746779156363,0,2,17d4ce1e68247e20b48538fc3d6e70f9-~1746779156363-~231561881,app-ios,127,1,/,2025/5/10 14:45,2025/5/10 23:55,0,NULL,NULL
813763,25051071449152,233476754,1,已付款,2025/5/10 14:42,1746858930413,1.05,2,17d4ce1e68247e20b48538fc3d6e70f9-~1746858930413-~233476754,app-ios,20.51,0,待定,2025/5/10 14:46,2025/5/10 23:55,1,2025/5/10 14:59,NULL
813995,25051093055575,233460954,1,已付款,2025/5/10 14:47,1746843439940,0,2,dd391ccef6b13960d42d394c8934fc97-~1746843439940-~233460954,app-android,299,1,/,2025/5/10 14:47,2025/5/10 23:55,0,NULL,NULL
814027,25051071291952,233762542,1,已付款,2025/5/10 14:47,1746830194153,2.19,2,17d4ce1e68247e20b48538fc3d6e70f9-~1746830194153-~233762542,app-ios,73,0,待定,2025/5/10 14:47,2025/5/10 23:55,1,2025/5/10 15:04,NULL
814073,25051072536445,231561881,0,已失效,2025/5/10 14:47,1746779753215,0.06,2,17d4ce1e68247e20b48538fc3d6e70f9-~1746779753215-~231561881,app-ios,11.3,0,待定,2025/5/10 14:47,2025/5/10 23:55,1,2025/5/10 15:04,NULL
814077,25051024982812,231561881,0,已失效,2025/5/10 14:47,1746779753215,0.39,2,17d4ce1e68247e20b48538fc3d6e70f9-~1746779753215-~231561881,app-ios,9.68,0,待定,2025/5/10 14:47,2025/5/10 23:55,1,2025/5/10 15:04,NULL
814313,25051024917812,233502029,1,已付款,2025/5/10 14:48,1746856756990,0.37,2,dd391ccef6b13960d42d394c8934fc97-~1746856756990-~233502029,app-android,79.7,0,待定,2025/5/10 14:48,2025/5/10 23:55,1,2025/5/10 15:05,NULL
814381,25051059615835,233762582,1,已付款,2025/5/10 14:46,1746830106623,37.99,2,dd391ccef6b13960d42d394c8934fc97-~1746830106623-~233762582,app-android,3799,0,待定,2025/5/10 14:49,2025/5/10 23:55,1,2025/5/10 15:02,NULL
814518,25051072918545,231576604,1,已付款,2025/5/10 14:49,1746829878703,1.11,2,dd391ccef6b13960d42d394c8934fc97-~1746829878703-~231576604,app-android,21.85,0,待定,2025/5/10 14:49,2025/5/10 23:55,1,2025/5/10 15:06,NULL
815769,25051090119075,231561881,1,已付款,2025/5/10 14:48,1746779753215,0.39,2,17d4ce1e68247e20b48538fc3d6e70f9-~1746779753215-~231561881,app-ios,9.68,0,待定,2025/5/10 14:51,2025/5/10 23:55,1,2025/5/10 15:05,NULL
815770,25051059564035,231576604,1,已付款,2025/5/10 14:47,1746801168555,0,2,dd391ccef6b13960d42d394c8934fc97-~1746801168555-~231576604,app-android,52,1,/,2025/5/10 14:51,2025/5/10 23:55,0,NULL,NULL
815775,25051054779425,233460954,1,已付款,2025/5/10 14:48,1746843439940,0,2,dd391ccef6b13960d42d394c8934fc97-~1746843439940-~233460954,app-android,87,1,/,2025/5/10 14:51,2025/5/10 23:55,0,NULL,NULL
815783,25051086803008,231576604,1,已付款,2025/5/10 14:45,1746853084176,11.21,2,dd391ccef6b13960d42d394c8934fc97-~1746853084176-~231576604,app-android,193.6,0,待定,2025/5/10 14:51,2025/5/10 23:55,1,2025/5/10 15:02,NULL
815897,25051087098908,231576604,1,已付款,2025/5/10 14:51,1746812319806,2.94,2,dd391ccef6b13960d42d394c8934fc97-~1746812319806-~231576604,app-android,42.12,0,待定,2025/5/10 14:51,2025/5/10 23:55,1,2025/5/10 15:08,NULL
816264,25051087043308,233460954,1,已下单,2025/5/10 14:52,1746837437356,7.91,2,dd391ccef6b13960d42d394c8934fc97-~1746837437356-~233460954,app-android,113,0,待定,2025/5/10 14:53,2025/5/10 23:55,1,2025/5/10 15:09,NULL
816282,25051087043208,231561881,1,已付款,2025/5/10 14:52,1746849435160,0,2,17d4ce1e68247e20b48538fc3d6e70f9-~1746849435160-~231561881,app-ios,48.67,1,/,2025/5/10 14:53,2025/5/10 23:55,0,NULL,NULL
816412,25051086982808,231561881,1,已付款,2025/5/10 14:54,1746841817465,4.15,2,17d4ce1e68247e20b48538fc3d6e70f9-~1746841817465-~231561881,app-ios,105.38,0,待定,2025/5/10 14:54,2025/5/10 23:55,1,2025/5/10 15:11,NULL
817123,25051073111545,231561881,1,已付款,2025/5/10 14:55,1746804988901,2.61,2,17d4ce1e68247e20b48538fc3d6e70f9-~1746804988901-~231561881,app-ios,87,0,待定,2025/5/10 14:55,2025/5/10 23:55,1,2025/5/10 15:12,NULL
817176,25051090272589,231576604,1,已付款,2025/5/10 14:55,1746859344743,1.02,2,dd391ccef6b13960d42d394c8934fc97-~1746859344743-~231576604,app-android,36.5,0,待定,2025/5/10 14:55,2025/5/10 23:55,1,2025/5/10 15:12,NULL
817187,25051090260875,231576604,0,已失效,2025/5/10 14:55,1746859344743,4.42,2,dd391ccef6b13960d42d394c8934fc97-~1746859344743-~231576604,app-android,56,0,待定,2025/5/10 14:55,2025/5/10 23:55,1,2025/5/10 15:12,NULL
817193,25051054930025,231576604,1,已付款,2025/5/10 14:55,1746859344743,3.4,2,dd391ccef6b13960d42d394c8934fc97-~1746859344743-~231576604,app-android,19.5,0,待定,2025/5/10 14:55,2025/5/10 23:55,1,2025/5/10 15:12,NULL
817684,25051025091012,231561881,1,已付款,2025/5/10 14:53,1746786408711,19.11,2,17d4ce1e68247e20b48538fc3d6e70f9-~1746786408711-~231561881,app-ios,273.05,0,待定,2025/5/10 14:55,2025/5/10 23:55,1,2025/5/10 15:10,NULL
817701,25051072769345,234093274,1,已付款,2025/5/10 14:54,1746859732771,1.35,2,17d4ce1e68247e20b48538fc3d6e70f9-~1746859732771-~234093274,app-ios,63.91,0,待定,2025/5/10 14:55,2025/5/10 23:55,1,2025/5/10 15:11,NULL
818277,25051071685552,231561881,1,已付款,2025/5/10 14:58,1746859717130,9.18,2,17d4ce1e68247e20b48538fc3d6e70f9-~1746859717130-~231561881,app-ios,306,0,待定,2025/5/10 14:58,2025/5/10 23:55,1,2025/5/10 15:15,NULL
818381,25051090190575,233762542,1,已付款,2025/5/10 14:59,1746792897917,0,2,17d4ce1e68247e20b48538fc3d6e70f9-~1746792897917-~233762542,app-ios,18.55,1,/,2025/5/10 14:59,2025/5/10 23:55,0,NULL,NULL
819313,25051088071165,233762582,1,已付款,2025/5/10 15:00,1746855383051,0,2,dd391ccef6b13960d42d394c8934fc97-~1746855383051-~233762582,app-android,18.84,1,/,2025/5/10 15:00,2025/5/10 23:55,0,NULL,NULL
819365,25051087197808,231576604,1,已付款,2025/5/10 15:00,1746776187346,0.38,2,dd391ccef6b13960d42d394c8934fc97-~1746776187346-~231576604,app-android,75,0,待定,2025/5/10 15:00,2025/5/10 23:55,1,2025/5/10 15:17,NULL
819742,25051073062945,231576604,1,已付款,2025/5/10 14:56,1746834235021,0.37,2,dd391ccef6b13960d42d394c8934fc97-~1746834235021-~231576604,app-android,42,0,待定,2025/5/10 15:01,2025/5/10 23:55,1,2025/5/10 15:13,NULL
819862,25051090478975,234061612,0,已失效,2025/5/10 15:01,1746843262547,11.64,2,17d4ce1e68247e20b48538fc3d6e70f9-~1746843262547-~234061612,app-ios,134.99,0,待定,2025/5/10 15:01,2025/5/10 23:55,1,2025/5/10 15:18,NULL
819910,25051090501489,234093274,1,已付款,2025/5/10 15:01,1746833074447,1.09,5,17d4ce1e68247e20b48538fc3d6e70f9-~1746833074447-~234093274,app-ios,32,0,待定,2025/5/10 15:01,2025/5/10 23:55,1,2025/5/10 15:18,NULL
819995,25051090517589,234061612,1,已付款,2025/5/10 15:01,1746843262547,7.8,2,17d4ce1e68247e20b48538fc3d6e70f9-~1746843262547-~234061612,app-ios,70.95,0,待定,2025/5/10 15:02,2025/5/10 23:55,1,2025/5/10 15:18,NULL
820061,25051072019752,234061612,1,已付款,2025/5/10 15:01,1746843262547,3.84,2,17d4ce1e68247e20b48538fc3d6e70f9-~1746843262547-~234061612,app-ios,64.04,0,待定,2025/5/10 15:02,2025/5/10 23:55,1,2025/5/10 15:18,NULL
820095,25051055489525,233762582,0,已失效,2025/5/10 15:02,1746799837268,0,2,dd391ccef6b13960d42d394c8934fc97-~1746799837268-~233762582,app-android,155,1,/,2025/5/10 15:02,2025/5/10 23:55,0,NULL,NULL
820110,25051090417875,233498046,1,已付款,2025/5/10 15:02,1746805640817,58.82,2,17d4ce1e68247e20b48538fc3d6e70f9-~1746805640817-~233498046,app-ios,840.05,0,待定,2025/5/10 15:02,2025/5/10 23:55,1,2025/5/10 15:19,NULL
820176,25051090423675,233762582,1,已付款,2025/5/10 15:02,1746799837268,0,2,dd391ccef6b13960d42d394c8934fc97-~1746799837268-~233762582,app-android,88,1,/,2025/5/10 15:03,2025/5/10 23:55,0,NULL,NULL
820239,25051071947852,233762582,1,已付款,2025/5/10 15:02,1746799837268,0,2,dd391ccef6b13960d42d394c8934fc97-~1746799837268-~233762582,app-android,67,1,/,2025/5/10 15:03,2025/5/10 23:55,0,NULL,NULL
820323,25051060216335,233502003,0,已失效,2025/5/10 15:03,1746856728103,0,2,17d4ce1e68247e20b48538fc3d6e70f9-~1746856728103-~233502003,app-ios,5999,0,待定,2025/5/10 15:03,2025/5/10 23:55,0,NULL,NULL
820446,25051073321545,231576604,1,已付款,2025/5/10 15:01,1746859070566,0,2,dd391ccef6b13960d42d394c8934fc97-~1746859070566-~231576604,app-ios,40.04,1,/,2025/5/10 15:04,2025/5/10 23:55,0,NULL,NULL
820824,25051060173435,233502003,0,已失效,2025/5/10 15:05,1746856728103,0,2,17d4ce1e68247e20b48538fc3d6e70f9-~1746856728103-~233502003,app-ios,5999,0,待定,2025/5/10 15:05,2025/5/10 23:55,0,NULL,NULL
820836,25051072031352,231576604,1,已付款,2025/5/10 15:02,1746859070566,0,2,dd391ccef6b13960d42d394c8934fc97-~1746859070566-~231576604,app-ios,26.4,1,/,2025/5/10 15:05,2025/5/10 23:55,0,NULL,NULL
821605,25051090346289,231576604,1,已付款,2025/5/10 15:05,1746816109857,0,2,dd391ccef6b13960d42d394c8934fc97-~1746816109857-~231576604,app-android,78,1,/,2025/5/10 15:05,2025/5/10 23:55,0,NULL,NULL
821613,25051025524112,231576604,0,已失效,2025/5/10 15:05,1746816109857,0,2,dd391ccef6b13960d42d394c8934fc97-~1746816109857-~231576604,app-android,137,1,/,2025/5/10 15:05,2025/5/10 23:55,0,NULL,NULL
821655,25051068985352,231576604,1,已付款,2025/5/10 15:05,1746816109857,0,2,dd391ccef6b13960d42d394c8934fc97-~1746816109857-~231576604,app-android,59,1,/,2025/5/10 15:05,2025/5/10 23:55,0,NULL,NULL
821819,25051087493508,231576604,1,已付款,2025/5/10 15:02,1746800950007,30.5,2,dd391ccef6b13960d42d394c8934fc97-~1746800950007-~231576604,app-android,371,0,待定,2025/5/10 15:06,2025/5/10 23:55,1,2025/5/10 15:19,NULL
821869,25051088258865,231576604,0,已失效,2025/5/10 15:06,1746858821671,4.54,2,dd391ccef6b13960d42d394c8934fc97-~1746858821671-~231576604,app-android,64.83,0,待定,2025/5/10 15:06,2025/5/10 23:55,1,2025/5/10 15:23,NULL
821946,25051025460312,231576604,1,已付款,2025/5/10 15:06,1746858821671,4.54,2,dd391ccef6b13960d42d394c8934fc97-~1746858821671-~231576604,app-android,64.83,0,待定,2025/5/10 15:06,2025/5/10 23:55,1,2025/5/10 15:23,NULL
821964,25051069008852,231576604,1,已付款,2025/5/10 15:06,1746852758672,5.12,2,dd391ccef6b13960d42d394c8934fc97-~1746852758672-~231576604,app-android,138.4,0,待定,2025/5/10 15:06,2025/5/10 23:55,1,2025/5/10 15:23,NULL
821993,25051090694189,233762542,0,已失效,2025/5/10 15:06,1746830194153,4.94,2,17d4ce1e68247e20b48538fc3d6e70f9-~1746830194153-~233762542,app-ios,32.9,0,待定,2025/5/10 15:06,2025/5/10 23:55,1,2025/5/10 15:23,NULL
822224,25051088227965,231576604,1,已付款,2025/5/10 15:08,1746796777494,2.88,2,dd391ccef6b13960d42d394c8934fc97-~1746796777494-~231576604,app-android,96,0,待定,2025/5/10 15:08,2025/5/10 23:55,1,2025/5/10 15:25,NULL
822399,25051087696108,231576604,1,已付款,2025/5/10 15:08,1746858821671,4.54,2,dd391ccef6b13960d42d394c8934fc97-~1746858821671-~231576604,app-android,64.83,0,待定,2025/5/10 15:09,2025/5/10 23:55,1,2025/5/10 15:25,NULL
822659,25051060440235,231576604,1,已付款,2025/5/10 15:09,1746835663218,0,2,dd391ccef6b13960d42d394c8934fc97-~1746835663218-~231576604,app-android,31.82,1,/,2025/5/10 15:10,2025/5/10 23:55,0,NULL,NULL
823790,25051090371589,231561881,1,已付款,2025/5/10 15:06,1746777573255,4.68,2,17d4ce1e68247e20b48538fc3d6e70f9-~1746777573255-~231561881,app-ios,78,0,待定,2025/5/10 15:11,2025/5/10 23:55,1,2025/5/10 15:23,NULL
823791,25051090373989,233460954,1,已付款,2025/5/10 15:06,1746779093758,7.84,2,dd391ccef6b13960d42d394c8934fc97-~1746779093758-~233460954,app-android,83.36,0,待定,2025/5/10 15:11,2025/5/10 23:55,1,2025/5/10 15:23,NULL
823792,25051073190245,231576604,1,已付款,2025/5/10 15:06,1746833573880,0,2,dd391ccef6b13960d42d394c8934fc97-~1746833573880-~231576604,app-android,45,1,/,2025/5/10 15:11,2025/5/10 23:55,0,NULL,NULL
823796,25051087905665,233502029,1,已付款,2025/5/10 15:04,1746803535438,2.06,2,dd391ccef6b13960d42d394c8934fc97-~1746803535438-~233502029,app-android,68.5,0,待定,2025/5/10 15:11,2025/5/10 23:55,1,2025/5/10 15:21,NULL
823797,25051055479425,231576604,0,已失效,2025/5/10 15:05,1746858821671,3.64,2,dd391ccef6b13960d42d394c8934fc97-~1746858821671-~231576604,app-android,52,0,待定,2025/5/10 15:11,2025/5/10 23:55,1,2025/5/10 15:22,NULL
823817,25051090529689,233498054,0,已失效,2025/5/10 15:10,1746805285620,1.21,2,dd391ccef6b13960d42d394c8934fc97-~1746805285620-~233498054,app-android,11,0,待定,2025/5/10 15:11,2025/5/10 23:55,1,2025/5/10 15:27,NULL
823864,25051060373135,231561881,1,已付款,2025/5/10 15:10,1746791075429,0.15,2,17d4ce1e68247e20b48538fc3d6e70f9-~1746791075429-~231561881,app-ios,29.9,0,待定,2025/5/10 15:11,2025/5/10 23:55,1,2025/5/10 15:27,NULL
824403,25051070482045,231576604,1,已付款,2025/5/10 15:13,1746859766824,2.25,2,dd391ccef6b13960d42d394c8934fc97-~1746859766824-~231576604,app-android,64.42,0,待定,2025/5/10 15:14,2025/5/10 23:55,1,2025/5/10 15:30,NULL
825485,25051025962412,231576604,1,已付款,2025/5/10 15:15,1746859054789,22.82,2,dd391ccef6b13960d42d394c8934fc97-~1746859054789-~231576604,app-android,326,0,待定,2025/5/10 15:15,2025/5/10 23:55,1,2025/5/10 19:26,NULL
825879,25051090946375,231576604,1,已付款,2025/5/10 15:11,1746859919125,2.97,2,dd391ccef6b13960d42d394c8934fc97-~1746859919125-~231576604,app-android,99,0,待定,2025/5/10 15:16,2025/5/10 23:55,1,2025/5/10 15:28,NULL
825884,25051087522308,233498046,1,已付款,2025/5/10 15:12,1746851652964,0.08,2,17d4ce1e68247e20b48538fc3d6e70f9-~1746851652964-~233498046,app-ios,1,0,待定,2025/5/10 15:16,2025/5/10 23:55,1,2025/5/10 15:29,NULL
826003,25051069035452,231576604,1,已付款,2025/5/10 15:16,1746839659336,10.79,2,dd391ccef6b13960d42d394c8934fc97-~1746839659336-~231576604,app-android,83,0,待定,2025/5/10 15:16,2025/5/10 23:55,1,2025/5/10 15:33,NULL
826124,25051087802808,233498054,0,已失效,2025/5/10 15:17,1746805285620,0.97,2,dd391ccef6b13960d42d394c8934fc97-~1746805285620-~233498054,app-android,8.8,0,待定,2025/5/10 15:17,2025/5/10 23:55,1,2025/5/10 15:34,NULL
826197,25051078752125,233502003,1,已付款,2025/5/10 15:17,1746860771029,0.03,2,17d4ce1e68247e20b48538fc3d6e70f9-~1746860771029-~233502003,app-ios,5.38,0,待定,2025/5/10 15:17,2025/5/10 23:55,1,2025/5/10 15:34,NULL
826601,25051088095708,234061612,1,已付款,2025/5/10 15:19,1746856981573,0,5,17d4ce1e68247e20b48538fc3d6e70f9-~1746856981573-~234061612,app-ios,90,1,/,2025/5/10 15:19,2025/5/10 23:55,0,NULL,NULL
826949,25051069369852,231576604,1,已付款,2025/5/10 15:19,1746850954637,0,2,dd391ccef6b13960d42d394c8934fc97-~1746850954637-~231576604,app-android,0,0,待定,2025/5/10 15:20,2025/5/10 23:55,0,NULL,NULL
827728,25051079075925,234093274,1,已付款,2025/5/10 15:20,1746858135818,4.1,2,17d4ce1e68247e20b48538fc3d6e70f9-~1746858135818-~234093274,app-ios,87,0,待定,2025/5/10 15:20,2025/5/10 23:55,1,2025/5/10 15:37,NULL
827764,25051088027308,234093274,1,已付款,2025/5/10 15:20,1746861332968,5.04,2,17d4ce1e68247e20b48538fc3d6e70f9-~1746861332968-~234093274,app-ios,168,0,待定,2025/5/10 15:20,2025/5/10 23:55,1,2025/5/10 15:37,NULL
827979,25051025827112,233502003,1,已付款,2025/5/10 15:19,1746842928163,23.41,2,17d4ce1e68247e20b48538fc3d6e70f9-~1746842928163-~233502003,app-ios,329.99,0,待定,2025/5/10 15:21,2025/5/10 23:55,1,2025/5/10 15:36,NULL
827986,25051057284935,231576604,1,已付款,2025/5/10 15:16,1746800339754,43.72,2,dd391ccef6b13960d42d394c8934fc97-~1746800339754-~231576604,app-ios,583,0,待定,2025/5/10 15:21,2025/5/10 23:55,1,2025/5/10 15:33,NULL
828000,25051087786208,233498046,1,已付款,2025/5/10 15:16,1746809755917,0,2,17d4ce1e68247e20b48538fc3d6e70f9-~1746809755917-~233498046,app-ios,0,0,待定,2025/5/10 15:21,2025/5/10 23:55,0,NULL,NULL
828001,25051025966112,231576604,1,已付款,2025/5/10 15:15,1746858821671,5.95,2,dd391ccef6b13960d42d394c8934fc97-~1746858821671-~231576604,app-android,85,0,待定,2025/5/10 15:21,2025/5/10 23:55,1,2025/5/10 15:32,NULL
828267,25051026204912,231576604,0,已失效,2025/5/10 15:22,1746833042268,0.09,2,dd391ccef6b13960d42d394c8934fc97-~1746833042268-~231576604,app-android,18,0,待定,2025/5/10 15:22,2025/5/10 23:55,1,2025/5/10 15:38,NULL
828361,25051078933425,231576604,1,已付款,2025/5/10 15:22,1746828496549,0.08,2,dd391ccef6b13960d42d394c8934fc97-~1746828496549-~231576604,app-android,15.61,0,待定,2025/5/10 15:22,2025/5/10 23:55,1,2025/5/10 15:39,NULL
828483,25051069584652,231576604,1,已付款,2025/5/10 15:23,1746802479555,0,2,dd391ccef6b13960d42d394c8934fc97-~1746802479555-~231576604,app-android,3.13,1,/,2025/5/10 15:23,2025/5/10 23:55,0,NULL,NULL
828634,25051087942008,231576604,1,已付款,2025/5/10 15:24,1746858821671,8.99,2,dd391ccef6b13960d42d394c8934fc97-~1746858821671-~231576604,app-android,128.4,0,待定,2025/5/10 15:24,2025/5/10 23:55,1,2025/5/10 15:41,NULL
828854,25051070871945,231576604,1,已付款,2025/5/10 15:24,1746861763522,0.57,2,dd391ccef6b13960d42d394c8934fc97-~1746861763522-~231576604,app-android,18.9,0,待定,2025/5/10 15:25,2025/5/10 23:55,1,2025/5/10 15:41,NULL
829334,25051085548465,231576604,0,已失效,2025/5/10 15:25,1746858821671,5.4,2,dd391ccef6b13960d42d394c8934fc97-~1746858821671-~231576604,app-android,77.2,0,待定,2025/5/10 15:25,2025/5/10 23:55,1,2025/5/10 15:42,NULL
830007,25051057500935,231576604,1,已付款,2025/5/10 15:22,1746850954637,0,2,dd391ccef6b13960d42d394c8934fc97-~1746850954637-~231576604,app-android,0,0,待定,2025/5/10 15:26,2025/5/10 23:55,0,NULL,NULL
830011,25051070521445,231576604,1,已付款,2025/5/10 15:23,1746861567967,5.34,2,dd391ccef6b13960d42d394c8934fc97-~1746861567967-~231576604,app-android,485,0,待定,2025/5/10 15:26,2025/5/10 23:55,1,2025/5/10 15:40,NULL
830185,25051091269075,233762542,1,已付款,2025/5/10 15:26,1746849452759,0,2,17d4ce1e68247e20b48538fc3d6e70f9-~1746849452759-~233762542,app-ios,85.27,1,/,2025/5/10 15:26,2025/5/10 23:55,0,NULL,NULL
830605,25051085441165,231576604,1,已付款,2025/5/10 15:28,1746861243963,7.74,2,dd391ccef6b13960d42d394c8934fc97-~1746861243963-~231576604,app-android,129,0,待定,2025/5/10 15:28,2025/5/10 23:55,1,2025/5/10 15:45,NULL
830732,25051091275389,233460954,1,已付款,2025/5/10 15:26,1746858196440,22.37,2,dd391ccef6b13960d42d394c8934fc97-~1746858196440-~233460954,app-android,494.75,0,待定,2025/5/10 15:29,2025/5/10 23:55,1,2025/5/10 15:43,NULL
830997,25051023006412,231576604,1,已付款,2025/5/10 15:29,1746861637209,4.47,2,dd391ccef6b13960d42d394c8934fc97-~1746861637209-~231576604,app-android,149,0,待定,2025/5/10 15:30,2025/5/10 23:55,1,2025/5/10 15:46,NULL
832150,25051069817252,231576604,1,已付款,2025/5/10 15:29,1746859054789,0.37,2,dd391ccef6b13960d42d394c8934fc97-~1746859054789-~231576604,app-android,74,0,待定,2025/5/10 15:31,2025/5/10 23:55,1,2025/5/10 19:26,NULL
832156,25051070758145,233762582,1,已付款,2025/5/10 15:27,1746795104626,0,2,dd391ccef6b13960d42d394c8934fc97-~1746795104626-~233762582,app-android,27.7,1,/,2025/5/10 15:31,2025/5/10 23:55,0,NULL,NULL
832376,25051085245308,231576604,0,已失效,2025/5/10 15:32,1746833042268,1.15,2,dd391ccef6b13960d42d394c8934fc97-~1746833042268-~231576604,app-android,38.2,0,待定,2025/5/10 15:32,2025/5/10 23:55,1,2025/5/10 15:48,NULL
832377,25051085242908,233460954,1,已付款,2025/5/10 15:31,1746861957474,2.65,2,dd391ccef6b13960d42d394c8934fc97-~1746861957474-~233460954,app-android,83.13,0,待定,2025/5/10 15:32,2025/5/10 23:55,1,2025/5/10 15:48,NULL
832840,25051057902735,231576604,1,已下单,2025/5/10 15:33,1746859054789,26.53,2,dd391ccef6b13960d42d394c8934fc97-~1746859054789-~231576604,app-android,379,0,待定,2025/5/10 15:34,2025/5/10 23:55,1,2025/5/10 19:26,NULL
834318,25051022970112,233502003,1,已付款,2025/5/10 15:31,1746848303981,2.88,2,17d4ce1e68247e20b48538fc3d6e70f9-~1746848303981-~233502003,app-ios,288,0,待定,2025/5/10 15:36,2025/5/10 23:55,1,2025/5/10 15:48,NULL
834419,25051088423275,233502003,1,已付款,2025/5/10 15:35,1746846341680,3.3,2,17d4ce1e68247e20b48538fc3d6e70f9-~1746846341680-~233502003,app-ios,110,0,待定,2025/5/10 15:36,2025/5/10 23:55,1,2025/5/10 15:52,NULL
834826,25051085926365,231561881,1,已付款,2025/5/10 15:38,1746842504479,0,2,17d4ce1e68247e20b48538fc3d6e70f9-~1746842504479-~231561881,app-ios,224.49,0,待定,2025/5/10 15:39,2025/5/10 23:55,0,NULL,NULL
834983,25051085936465,231576604,1,已付款,2025/5/10 15:39,1746829753304,1.99,2,dd391ccef6b13960d42d394c8934fc97-~1746829753304-~231576604,app-android,66.4,0,待定,2025/5/10 15:39,2025/5/10 23:55,1,2025/5/10 15:56,NULL
835138,25051088355889,231561881,1,已付款,2025/5/10 15:39,1746830206669,1.95,2,17d4ce1e68247e20b48538fc3d6e70f9-~1746830206669-~231561881,app-ios,92.26,0,待定,2025/5/10 15:40,2025/5/10 23:55,1,2025/5/10 15:56,NULL
835148,25051085412208,231561881,1,已付款,2025/5/10 15:39,1746830206669,17.83,2,17d4ce1e68247e20b48538fc3d6e70f9-~1746830206669-~231561881,app-ios,180.05,0,待定,2025/5/10 15:40,2025/5/10 23:55,1,2025/5/10 15:56,NULL
835156,25051088351375,231576604,1,已付款,2025/5/10 15:39,1746812078885,0,2,dd391ccef6b13960d42d394c8934fc97-~1746812078885-~231576604,app-android,48.03,1,/,2025/5/10 15:40,2025/5/10 23:55,0,NULL,NULL
835603,25051069878652,231576604,1,已付款,2025/5/10 15:40,1746859054789,9.03,2,dd391ccef6b13960d42d394c8934fc97-~1746859054789-~231576604,app-android,129,0,待定,2025/5/10 15:40,2025/5/10 23:55,1,2025/5/10 19:26,NULL
835642,25051079564725,231561881,1,已付款,2025/5/10 15:40,1746830206669,15.33,2,17d4ce1e68247e20b48538fc3d6e70f9-~1746830206669-~231561881,app-ios,219,0,待定,2025/5/10 15:40,2025/5/10 23:55,1,2025/5/10 15:57,NULL
835643,25051085870165,231561881,0,已失效,2025/5/10 15:40,1746782085953,17.06,2,17d4ce1e68247e20b48538fc3d6e70f9-~1746782085953-~231561881,app-ios,426.7,0,待定,2025/5/10 15:40,2025/5/10 23:55,1,2025/5/10 15:57,NULL
835644,25051085866965,231561881,1,已付款,2025/5/10 15:40,1746830206669,1.08,2,17d4ce1e68247e20b48538fc3d6e70f9-~1746830206669-~231561881,app-ios,36,0,待定,2025/5/10 15:40,2025/5/10 23:55,1,2025/5/10 15:56,NULL
836353,25051085418408,231561881,0,已失效,2025/5/10 15:37,1746830206669,20.95,2,17d4ce1e68247e20b48538fc3d6e70f9-~1746830206669-~231561881,app-ios,282.7,0,待定,2025/5/10 15:41,2025/5/10 23:55,1,2025/5/10 15:54,NULL
836472,25051069970052,231576604,1,已付款,2025/5/10 15:36,1746840282711,7.5,2,dd391ccef6b13960d42d394c8934fc97-~1746840282711-~231576604,app-android,150,0,待定,2025/5/10 15:41,2025/5/10 23:55,1,2025/5/10 15:53,NULL
836483,25051079637825,231561881,0,已失效,2025/5/10 15:39,1746830206669,19.78,2,17d4ce1e68247e20b48538fc3d6e70f9-~1746830206669-~231561881,app-ios,272.3,0,待定,2025/5/10 15:41,2025/5/10 23:55,1,2025/5/10 15:56,NULL
836534,25051069910552,231576604,1,已付款,2025/5/10 15:38,1746788135389,0.7,2,dd391ccef6b13960d42d394c8934fc97-~1746788135389-~231576604,app-android,69.79,0,待定,2025/5/10 15:41,2025/5/10 23:55,1,2025/5/10 15:55,NULL
838531,25051085876265,231561881,1,已付款,2025/5/10 15:40,1746782085953,15.1,2,17d4ce1e68247e20b48538fc3d6e70f9-~1746782085953-~231561881,app-ios,230.7,0,待定,2025/5/10 15:46,2025/5/10 23:55,1,2025/5/10 15:57,NULL
838546,25051088542375,231576604,1,已付款,2025/5/10 15:44,1746855763827,4.06,2,dd391ccef6b13960d42d394c8934fc97-~1746855763827-~231576604,app-android,87.09,0,待定,2025/5/10 15:46,2025/5/10 23:55,1,2025/5/10 16:01,NULL
838547,25051058127335,231561881,1,已付款,2025/5/10 15:40,1746782085953,1.96,2,17d4ce1e68247e20b48538fc3d6e70f9-~1746782085953-~231561881,app-ios,196,0,待定,2025/5/10 15:46,2025/5/10 23:55,1,2025/5/10 15:57,NULL
838648,25051088573489,233502003,0,已失效,2025/5/10 15:46,1746786656463,4.26,0,17d4ce1e68247e20b48538fc3d6e70f9-~1746786656463-~233502003,app-ios,142,0,待定,2025/5/10 15:46,2025/5/10 23:55,1,2025/5/10 16:03,NULL
838658,25051070072752,231576604,1,已付款,2025/5/10 15:45,1746833042268,3.44,2,dd391ccef6b13960d42d394c8934fc97-~1746833042268-~231576604,app-android,71.9,0,待定,2025/5/10 15:46,2025/5/10 23:55,1,2025/5/10 16:02,NULL
838719,25051023680312,233502003,1,已付款,2025/5/10 15:46,1746786656463,1.57,0,17d4ce1e68247e20b48538fc3d6e70f9-~1746786656463-~233502003,app-ios,52.32,0,待定,2025/5/10 15:46,2025/5/10 23:55,1,2025/5/10 16:03,NULL
838847,25051085556308,231576604,1,已付款,2025/5/10 15:46,1746858664965,0.73,2,dd391ccef6b13960d42d394c8934fc97-~1746858664965-~231576604,app-android,146.18,0,待定,2025/5/10 15:47,2025/5/10 23:55,1,2025/5/10 16:03,NULL
838852,25051088496689,231576604,1,已付款,2025/5/10 15:46,1746858664965,2.86,2,dd391ccef6b13960d42d394c8934fc97-~1746858664965-~231576604,app-android,95.37,0,待定,2025/5/10 15:47,2025/5/10 23:55,1,2025/5/10 16:03,NULL
839152,25051079735025,231576604,1,已付款,2025/5/10 15:48,1746800270465,5.27,2,dd391ccef6b13960d42d394c8934fc97-~1746800270465-~231576604,app-android,108.9,0,待定,2025/5/10 15:48,2025/5/10 23:55,1,2025/5/10 16:05,NULL
839320,25051023589912,231576604,1,已付款,2025/5/10 15:49,1746800095233,0,2,dd391ccef6b13960d42d394c8934fc97-~1746800095233-~231576604,app-android,26.82,1,/,2025/5/10 15:49,2025/5/10 23:55,0,NULL,NULL
840430,25051071561845,231576604,1,已付款,2025/5/10 15:50,1746862008320,3.3,1,dd391ccef6b13960d42d394c8934fc97-~1746862008320-~231576604,app-android,110.1,0,待定,2025/5/10 15:50,2025/5/10 23:55,1,2025/5/10 16:07,NULL
840733,25051079777225,231576604,1,已付款,2025/5/10 15:46,1746858664965,0.45,2,dd391ccef6b13960d42d394c8934fc97-~1746858664965-~231576604,app-android,45.45,0,待定,2025/5/10 15:51,2025/5/10 23:55,1,2025/5/10 16:03,NULL
840767,25051085539908,233502003,1,已付款,2025/5/10 15:46,1746786656463,2.69,0,17d4ce1e68247e20b48538fc3d6e70f9-~1746786656463-~233502003,app-ios,89.68,0,待定,2025/5/10 15:51,2025/5/10 23:55,1,2025/5/10 16:03,NULL
840789,25051023682112,231576604,0,已失效,2025/5/10 15:46,1746858664965,4.04,2,dd391ccef6b13960d42d394c8934fc97-~1746858664965-~231576604,app-android,287,0,待定,2025/5/10 15:51,2025/5/10 23:55,1,2025/5/10 16:03,NULL
840799,25051088745789,233762542,1,已付款,2025/5/10 15:51,1746786100328,1.07,2,17d4ce1e68247e20b48538fc3d6e70f9-~1746786100328-~233762542,app-ios,26.3,0,待定,2025/5/10 15:51,2025/5/10 23:55,1,2025/5/10 16:07,NULL
840985,25051089076975,231576604,0,已失效,2025/5/10 15:51,1746862929220,0.8,2,dd391ccef6b13960d42d394c8934fc97-~1746862929220-~231576604,app-android,159,0,待定,2025/5/10 15:51,2025/5/10 23:55,1,2025/5/10 16:08,NULL
841085,25051089103375,231576604,1,已下单,2025/5/10 15:52,1746858937195,4.76,2,dd391ccef6b13960d42d394c8934fc97-~1746858937195-~231576604,app-android,68,0,待定,2025/5/10 15:52,2025/5/10 23:55,1,2025/5/10 16:09,NULL
841431,25051023848312,233502029,1,已付款,2025/5/10 15:54,1746862428706,0,2,dd391ccef6b13960d42d394c8934fc97-~1746862428706-~233502029,app-android,56.9,1,/,2025/5/10 15:54,2025/5/10 23:55,0,NULL,NULL
841442,25051058493335,233502029,1,已付款,2025/5/10 15:54,1746862428706,0,2,dd391ccef6b13960d42d394c8934fc97-~1746862428706-~233502029,app-android,2324.84,1,/,2025/5/10 15:54,2025/5/10 23:55,0,NULL,NULL
841465,25051058491635,233502029,0,已失效,2025/5/10 15:53,1746862428706,0,2,dd391ccef6b13960d42d394c8934fc97-~1746862428706-~233502029,app-android,2381.74,1,/,2025/5/10 15:54,2025/5/10 23:55,0,NULL,NULL
841488,25051089066575,231576604,1,已付款,2025/5/10 15:54,1746806820959,0.01,2,dd391ccef6b13960d42d394c8934fc97-~1746806820959-~231576604,app-android,1.66,0,待定,2025/5/10 15:54,2025/5/10 23:55,1,2025/5/10 16:11,NULL
842066,25051071829245,231576604,0,已失效,2025/5/10 15:55,1746860401023,0,2,dd391ccef6b13960d42d394c8934fc97-~1746860401023-~231576604,app-android,296.26,1,/,2025/5/10 15:55,2025/5/10 23:55,0,NULL,NULL
842945,25051058417835,231576604,1,已付款,2025/5/10 15:54,1746829753304,2.56,2,dd391ccef6b13960d42d394c8934fc97-~1746829753304-~231576604,app-android,85.2,0,待定,2025/5/10 15:56,2025/5/10 23:55,1,2025/5/10 16:11,NULL
842955,25051080030025,233502029,1,已付款,2025/5/10 15:51,1746861926572,0.43,2,dd391ccef6b13960d42d394c8934fc97-~1746861926572-~233502029,app-android,4.32,0,待定,2025/5/10 15:56,2025/5/10 23:55,1,2025/5/10 16:08,NULL
842990,25051067304452,231561881,1,已付款,2025/5/10 15:54,1746849256227,5.52,5,17d4ce1e68247e20b48538fc3d6e70f9-~1746849256227-~231561881,支付宝小程序,74,0,待定,2025/5/10 15:56,2025/5/10 23:55,1,2025/5/10 16:11,NULL
843186,25051085998708,231576604,1,已付款,2025/5/10 15:56,1746849111835,11.67,2,dd391ccef6b13960d42d394c8934fc97-~1746849111835-~231576604,app-android,389,0,待定,2025/5/10 15:57,2025/5/10 23:55,1,2025/5/10 16:13,NULL
843344,25051058724635,231576604,1,已付款,2025/5/10 15:57,1746825909066,0.49,5,dd391ccef6b13960d42d394c8934fc97-~1746825909066-~231576604,app-android,49,0,待定,2025/5/10 15:58,2025/5/10 23:55,1,2025/5/10 16:14,NULL
843708,25051085892208,231576604,1,已付款,2025/5/10 15:59,1746862590323,2.31,2,dd391ccef6b13960d42d394c8934fc97-~1746862590323-~231576604,app-android,38,0,待定,2025/5/10 15:59,2025/5/10 23:55,1,2025/5/10 16:16,NULL
845123,25051067313252,231561881,1,已下单,2025/5/10 15:55,1746857245742,2.13,2,17d4ce1e68247e20b48538fc3d6e70f9-~1746857245742-~231561881,app-ios,71,0,待定,2025/5/10 16:01,2025/5/10 23:55,1,2025/5/10 16:12,NULL
845182,25051083511065,231576604,1,已付款,2025/5/10 16:00,1746799743855,0.65,2,dd391ccef6b13960d42d394c8934fc97-~1746799743855-~231576604,app-android,64.9,0,待定,2025/5/10 16:01,2025/5/10 23:55,1,2025/5/10 16:17,NULL
845481,25051083478265,233498046,1,已付款,2025/5/10 16:02,1746780413193,0.33,2,17d4ce1e68247e20b48538fc3d6e70f9-~1746780413193-~233498046,app-ios,66,0,待定,2025/5/10 16:02,2025/5/10 23:55,1,2025/5/10 16:19,NULL
845823,25051089501875,233502003,1,已付款,2025/5/10 16:04,1746838926002,33.18,2,17d4ce1e68247e20b48538fc3d6e70f9-~1746838926002-~233502003,app-ios,474,0,待定,2025/5/10 16:04,2025/5/10 23:55,1,2025/5/10 16:21,NULL
845856,25051089101789,231561881,1,已付款,2025/5/10 16:04,1746760622532,0,2,17d4ce1e68247e20b48538fc3d6e70f9-~1746760622532-~231561881,app-ios,11.99,1,/,2025/5/10 16:04,2025/5/10 23:55,0,NULL,NULL
845924,25051055685235,233460954,1,已付款,2025/5/10 16:04,1746831712888,2.91,2,dd391ccef6b13960d42d394c8934fc97-~1746831712888-~233460954,app-android,290.89,0,待定,2025/5/10 16:04,2025/5/10 23:55,1,2025/5/10 16:21,NULL
847394,25051067427852,231561881,1,已付款,2025/5/10 16:04,1746760622532,0,2,17d4ce1e68247e20b48538fc3d6e70f9-~1746760622532-~231561881,app-ios,14.8,1,/,2025/5/10 16:06,2025/5/10 23:55,0,NULL,NULL
847397,25051024286112,233502029,1,已付款,2025/5/10 16:03,1746862474269,4.9,2,dd391ccef6b13960d42d394c8934fc97-~1746862474269-~233502029,app-android,48.99,0,待定,2025/5/10 16:06,2025/5/10 23:55,1,2025/5/10 16:20,NULL
847398,25051085919008,233498054,0,已失效,2025/5/10 16:00,1746863264265,1.77,2,dd391ccef6b13960d42d394c8934fc97-~1746863264265-~233498054,app-android,64,0,待定,2025/5/10 16:06,2025/5/10 23:55,1,2025/5/10 16:17,NULL
847475,25051077076625,231576604,1,已付款,2025/5/10 16:06,1746864209401,1.14,2,dd391ccef6b13960d42d394c8934fc97-~1746864209401-~231576604,app-android,43,0,待定,2025/5/10 16:06,2025/5/10 23:55,1,2025/5/10 16:23,NULL
847711,25051067429852,231576604,1,已付款,2025/5/10 16:04,1746788135389,1.44,2,dd391ccef6b13960d42d394c8934fc97-~1746788135389-~231576604,app-android,47.9,0,待定,2025/5/10 16:07,2025/5/10 23:55,1,2025/5/10 16:21,NULL
848190,25051086342008,231576604,1,已付款,2025/5/10 16:09,1746789894883,2.22,2,dd391ccef6b13960d42d394c8934fc97-~1746789894883-~231576604,app-android,74.05,0,待定,2025/5/10 16:10,2025/5/10 23:55,1,2025/5/10 16:26,NULL
849647,25051089500075,233460954,1,已付款,2025/5/10 16:03,1746858196440,0.71,2,dd391ccef6b13960d42d394c8934fc97-~1746858196440-~233460954,app-android,71,0,待定,2025/5/10 16:11,2025/5/10 23:55,1,2025/5/10 16:20,NULL
849649,25051089433289,233498046,1,已付款,2025/5/10 16:08,1746861286132,0,2,17d4ce1e68247e20b48538fc3d6e70f9-~1746861286132-~233498046,app-ios,68.17,1,/,2025/5/10 16:11,2025/5/10 23:55,0,NULL,NULL
849650,25051077403625,233502003,0,已失效,2025/5/10 16:06,1746859169494,0.37,2,17d4ce1e68247e20b48538fc3d6e70f9-~1746859169494-~233502003,app-ios,37.1,0,待定,2025/5/10 16:11,2025/5/10 23:55,1,2025/5/10 16:23,NULL
849652,25051089341575,233498046,1,已付款,2025/5/10 16:08,1746861286132,0,2,17d4ce1e68247e20b48538fc3d6e70f9-~1746861286132-~233498046,app-ios,26,1,/,2025/5/10 16:11,2025/5/10 23:55,0,NULL,NULL
849653,25051055556935,233498046,0,已失效,2025/5/10 16:06,1746861286132,0,2,17d4ce1e68247e20b48538fc3d6e70f9-~1746861286132-~233498046,app-ios,94.17,1,/,2025/5/10 16:11,2025/5/10 23:55,0,NULL,NULL
850093,25051083384408,231576604,1,已付款,2025/5/10 16:13,1746861132230,1.08,2,dd391ccef6b13960d42d394c8934fc97-~1746861132230-~231576604,app-android,12,0,待定,2025/5/10 16:13,2025/5/10 23:55,1,2025/5/10 16:30,NULL
850257,25051077622925,233498046,1,已付款,2025/5/10 16:13,1746847346562,4.92,2,17d4ce1e68247e20b48538fc3d6e70f9-~1746847346562-~233498046,app-ios,492.3,0,待定,2025/5/10 16:14,2025/5/10 23:55,1,2025/5/10 16:30,NULL
851222,25051056047635,233476754,1,已付款,2025/5/10 16:15,1746856633253,1.59,2,17d4ce1e68247e20b48538fc3d6e70f9-~1746856633253-~233476754,app-ios,52.89,0,待定,2025/5/10 16:15,2025/5/10 23:55,1,2025/5/10 16:32,NULL
851817,25051024373612,233502029,1,已付款,2025/5/10 16:12,1746862152026,4.98,2,dd391ccef6b13960d42d394c8934fc97-~1746862152026-~233502029,app-android,88,0,待定,2025/5/10 16:16,2025/5/10 23:55,1,2025/5/10 16:29,NULL
851821,25051089648489,231561881,1,已付款,2025/5/10 16:14,1746828025101,14.64,2,17d4ce1e68247e20b48538fc3d6e70f9-~1746828025101-~231561881,app-ios,488,0,待定,2025/5/10 16:16,2025/5/10 23:55,1,2025/5/10 16:31,NULL
851832,25051083394208,233502003,1,已付款,2025/5/10 16:13,1746863679153,0.7,2,17d4ce1e68247e20b48538fc3d6e70f9-~1746863679153-~233502003,app-ios,8.7,0,待定,2025/5/10 16:16,2025/5/10 23:55,1,2025/5/10 16:30,NULL
852201,25051068178452,231561881,1,已付款,2025/5/10 16:17,1746850254698,7.7,2,17d4ce1e68247e20b48538fc3d6e70f9-~1746850254698-~231561881,app-ios,77,0,待定,2025/5/10 16:17,2025/5/10 23:55,1,2025/5/10 16:34,NULL
852423,25051083257808,231561881,1,已付款,2025/5/10 16:18,1746832950142,0,2,17d4ce1e68247e20b48538fc3d6e70f9-~1746832950142-~231561881,app-ios,0,0,待定,2025/5/10 16:18,2025/5/10 23:55,0,NULL,NULL
852853,25051084086265,231576604,1,已付款,2025/5/10 16:20,1746833042268,1.79,2,dd391ccef6b13960d42d394c8934fc97-~1746833042268-~231576604,app-android,25.5,0,待定,2025/5/10 16:20,2025/5/10 23:55,1,2025/5/10 16:37,NULL
854107,25051021351912,231561881,1,已付款,2025/5/10 16:16,1746826291071,2.45,5,17d4ce1e68247e20b48538fc3d6e70f9-~1746826291071-~231561881,app-ios,53.96,0,待定,2025/5/10 16:21,2025/5/10 23:55,1,2025/5/10 16:33,NULL
854110,25051077492325,231561881,1,已付款,2025/5/10 16:18,1746832950142,0.44,2,17d4ce1e68247e20b48538fc3d6e70f9-~1746832950142-~231561881,app-ios,44.1,0,待定,2025/5/10 16:21,2025/5/10 23:55,1,2025/5/10 16:35,NULL
854111,25051083352708,231576604,1,已付款,2025/5/10 16:15,1746864340217,0.14,5,dd391ccef6b13960d42d394c8934fc97-~1746864340217-~231576604,app-android,19,0,待定,2025/5/10 16:21,2025/5/10 23:55,1,2025/5/10 16:32,NULL
854116,25051083311008,231561881,1,已付款,2025/5/10 16:17,1746845195909,0,2,17d4ce1e68247e20b48538fc3d6e70f9-~1746845195909-~231561881,app-ios,259,1,/,2025/5/10 16:21,2025/5/10 23:55,0,NULL,NULL
854197,25051084012465,234061612,1,已付款,2025/5/10 16:21,1746864223991,4.88,2,17d4ce1e68247e20b48538fc3d6e70f9-~1746864223991-~234061612,app-ios,61,0,待定,2025/5/10 16:21,2025/5/10 23:55,1,2025/5/10 16:38,NULL
854551,25051083518008,231561881,1,已付款,2025/5/10 16:23,1746859388178,0.31,2,17d4ce1e68247e20b48538fc3d6e70f9-~1746859388178-~231561881,app-ios,30.9,0,待定,2025/5/10 16:23,2025/5/10 23:55,1,2025/5/10 16:40,NULL
855454,25051083789908,231561881,1,已付款,2025/5/10 16:25,1746804919977,0,2,17d4ce1e68247e20b48538fc3d6e70f9-~1746804919977-~231561881,app-ios,240,1,/,2025/5/10 16:25,2025/5/10 23:55,0,NULL,NULL
856402,25051086533989,231576604,1,已付款,2025/5/10 16:22,1746833042268,1.15,2,dd391ccef6b13960d42d394c8934fc97-~1746833042268-~231576604,app-android,38.2,0,待定,2025/5/10 16:26,2025/5/10 23:55,1,2025/5/10 16:39,NULL
856404,25051021505412,231561881,1,已付款,2025/5/10 16:24,1746833799792,1.84,2,17d4ce1e68247e20b48538fc3d6e70f9-~1746833799792-~231561881,app-ios,36.8,0,待定,2025/5/10 16:26,2025/5/10 23:55,1,2025/5/10 16:41,NULL
856408,25051086496289,231576604,1,已付款,2025/5/10 16:21,1746864295168,0,2,dd391ccef6b13960d42d394c8934fc97-~1746864295168-~231576604,app-android,1,0,待定,2025/5/10 16:26,2025/5/10 23:55,0,NULL,NULL
856409,25051086569089,231561881,1,已付款,2025/5/10 16:20,1746856584710,0,5,17d4ce1e68247e20b48538fc3d6e70f9-~1746856584710-~231561881,app-ios,55.15,0,待定,2025/5/10 16:26,2025/5/10 23:55,0,NULL,NULL
856547,25051068200152,233502029,1,已付款,2025/5/10 16:27,1746848109870,6.84,2,dd391ccef6b13960d42d394c8934fc97-~1746848109870-~233502029,app-android,75.98,0,待定,2025/5/10 16:27,2025/5/10 23:59,1,NULL,NULL
856781,25051083683508,233502029,1,已付款,2025/5/10 16:28,1746864971132,0.63,2,dd391ccef6b13960d42d394c8934fc97-~1746864971132-~233502029,app-android,10.5,0,待定,2025/5/10 16:28,2025/5/10 23:55,1,2025/5/10 16:44,NULL
856866,25051077927125,231576604,0,已失效,2025/5/10 16:28,1746837126815,0,2,dd391ccef6b13960d42d394c8934fc97-~1746837126815-~231576604,app-android,475,1,/,2025/5/10 16:28,2025/5/10 23:55,0,NULL,NULL
856990,25051056411635,231576604,1,已付款,2025/5/10 16:28,1746837126815,0,2,dd391ccef6b13960d42d394c8934fc97-~1746837126815-~231576604,app-android,59.34,1,/,2025/5/10 16:29,2025/5/10 23:55,0,NULL,NULL
857220,25051056439835,231576604,1,已付款,2025/5/10 16:29,1746861332855,3.9,2,dd391ccef6b13960d42d394c8934fc97-~1746861332855-~231576604,app-android,35,0,待定,2025/5/10 16:30,2025/5/10 23:55,1,2025/5/10 16:46,NULL
858594,25051069825645,231561881,1,已付款,2025/5/10 16:29,1746803956687,4.87,2,17d4ce1e68247e20b48538fc3d6e70f9-~1746803956687-~231561881,app-ios,150.1,0,待定,2025/5/10 16:31,2025/5/10 23:55,1,2025/5/10 16:46,NULL
858595,25051077957325,231576604,1,已付款,2025/5/10 16:28,1746837126815,0,2,dd391ccef6b13960d42d394c8934fc97-~1746837126815-~231576604,app-android,415.66,1,/,2025/5/10 16:31,2025/5/10 23:55,0,NULL,NULL
858614,25051077991525,233502029,1,已付款,2025/5/10 16:27,1746848109870,0.32,2,dd391ccef6b13960d42d394c8934fc97-~1746848109870-~233502029,app-android,32.32,0,待定,2025/5/10 16:31,2025/5/10 23:59,1,NULL,NULL
858615,25051086786789,233502029,0,已失效,2025/5/10 16:26,1746848109870,7.16,2,dd391ccef6b13960d42d394c8934fc97-~1746848109870-~233502029,app-android,108.3,0,待定,2025/5/10 16:31,2025/5/10 23:59,1,NULL,NULL
859227,25051084434765,233460954,1,已付款,2025/5/10 16:33,1746865713165,0.27,2,dd391ccef6b13960d42d394c8934fc97-~1746865713165-~233460954,app-android,5,0,待定,2025/5/10 16:33,2025/5/10 23:55,1,2025/5/10 16:50,NULL
859234,25051069668445,233762542,1,已付款,2025/5/10 16:34,1746858967833,8.11,2,17d4ce1e68247e20b48538fc3d6e70f9-~1746858967833-~233762542,app-ios,159,0,待定,2025/5/10 16:34,2025/5/10 23:55,1,2025/5/10 16:50,NULL
859300,25051087249875,233762542,0,已失效,2025/5/10 16:33,1746858967833,16.22,2,17d4ce1e68247e20b48538fc3d6e70f9-~1746858967833-~233762542,app-ios,318,0,待定,2025/5/10 16:34,2025/5/10 23:55,1,2025/5/10 16:50,NULL
860939,25051083889508,233762542,1,已付款,2025/5/10 16:34,1746858967833,8.11,2,17d4ce1e68247e20b48538fc3d6e70f9-~1746858967833-~233762542,app-ios,159,0,待定,2025/5/10 16:36,2025/5/10 23:55,1,2025/5/10 16:50,NULL
861126,25051086923889,231576604,1,已付款,2025/5/10 16:33,1746843270872,0,2,dd391ccef6b13960d42d394c8934fc97-~1746843270872-~231576604,app-ios,17,1,/,2025/5/10 16:36,2025/5/10 23:55,0,NULL,NULL
863029,25051078366925,231576604,1,已付款,2025/5/10 16:40,1746822604022,53.36,2,dd391ccef6b13960d42d394c8934fc97-~1746822604022-~231576604,app-android,790,0,待定,2025/5/10 16:41,2025/5/10 23:55,1,2025/5/10 16:57,NULL
863271,25051078457825,231576604,0,已失效,2025/5/10 16:37,1746864185086,0,2,dd391ccef6b13960d42d394c8934fc97-~1746864185086-~231576604,app-android,173,1,/,2025/5/10 16:41,2025/5/10 23:55,0,NULL,NULL
863332,25051065708852,233502003,1,已付款,2025/5/10 16:41,1746836666586,42.1,2,17d4ce1e68247e20b48538fc3d6e70f9-~1746836666586-~233502003,app-ios,421,0,待定,2025/5/10 16:41,2025/5/10 23:55,1,2025/5/10 16:58,NULL
863594,25051084952665,231561881,1,已付款,2025/5/10 16:42,1746795036475,0,2,17d4ce1e68247e20b48538fc3d6e70f9-~1746795036475-~231561881,app-ios,1349,1,/,2025/5/10 16:43,2025/5/10 23:55,0,NULL,NULL
864106,25051057162935,233502029,1,已付款,2025/5/10 16:44,1746856840028,3.78,2,dd391ccef6b13960d42d394c8934fc97-~1746856840028-~233502029,app-android,59,0,待定,2025/5/10 16:45,2025/5/10 23:55,1,2025/5/10 20:59,NULL
865491,25051065702152,231576604,1,已付款,2025/5/10 16:41,1746866435436,2.89,2,dd391ccef6b13960d42d394c8934fc97-~1746866435436-~231576604,app-android,57.84,0,待定,2025/5/10 16:46,2025/5/10 23:55,1,2025/5/10 16:58,NULL
865509,25051069941345,233502003,1,已付款,2025/5/10 16:39,1746855812228,1.11,2,17d4ce1e68247e20b48538fc3d6e70f9-~1746855812228-~233502003,app-ios,39.7,0,待定,2025/5/10 16:46,2025/5/10 23:55,1,2025/5/10 16:55,NULL
865793,25051065907952,231561881,1,已付款,2025/5/10 16:47,1746859382156,0,2,17d4ce1e68247e20b48538fc3d6e70f9-~1746859382156-~231561881,app-ios,18.97,1,/,2025/5/10 16:47,2025/5/10 23:55,0,NULL,NULL
865829,25051087602075,233762542,1,已付款,2025/5/10 16:47,1746857786269,0,2,17d4ce1e68247e20b48538fc3d6e70f9-~1746857786269-~233762542,app-ios,6.1,0,待定,2025/5/10 16:47,2025/5/10 23:55,0,NULL,NULL
866262,25051067140245,231561881,1,已付款,2025/5/10 16:49,1746793506035,3.26,2,17d4ce1e68247e20b48538fc3d6e70f9-~1746793506035-~231561881,app-ios,651.18,0,待定,2025/5/10 16:49,2025/5/10 23:55,1,2025/5/10 17:06,NULL
866612,25051087586089,233762542,1,已付款,2025/5/10 16:50,1746795033587,6.65,2,17d4ce1e68247e20b48538fc3d6e70f9-~1746795033587-~233762542,app-ios,95,0,待定,2025/5/10 16:50,2025/5/10 23:55,1,2025/5/10 17:07,NULL
867862,25051087346689,231576604,1,已付款,2025/5/10 16:46,1746787816605,0,2,dd391ccef6b13960d42d394c8934fc97-~1746787816605-~231576604,app-android,10,1,/,2025/5/10 16:51,2025/5/10 23:55,0,NULL,NULL
868184,25051087874075,231576604,1,已付款,2025/5/10 16:52,1746753310031,6.3,2,dd391ccef6b13960d42d394c8934fc97-~1746753310031-~231576604,app-android,210.12,0,待定,2025/5/10 16:52,2025/5/10 23:55,1,2025/5/10 17:09,NULL
868276,25051087468989,233762542,1,已付款,2025/5/10 16:53,1746853134912,3.08,2,17d4ce1e68247e20b48538fc3d6e70f9-~1746853134912-~233762542,app-ios,61.59,0,待定,2025/5/10 16:53,2025/5/10 23:55,1,2025/5/10 17:10,NULL
868481,25051066142652,233762542,1,已付款,2025/5/10 16:54,1746862109150,1.05,2,17d4ce1e68247e20b48538fc3d6e70f9-~1746862109150-~233762542,app-ios,35,0,待定,2025/5/10 16:54,2025/5/10 23:55,1,2025/5/10 17:11,NULL
868665,25051087741975,233762542,1,已下单,2025/5/10 16:54,1746862109150,1.05,2,17d4ce1e68247e20b48538fc3d6e70f9-~1746862109150-~233762542,app-ios,35,0,待定,2025/5/10 16:55,2025/5/10 23:55,1,2025/5/10 17:11,NULL
869209,25051087856689,233762542,0,已失效,2025/5/10 16:55,1746867104033,3.5,2,17d4ce1e68247e20b48538fc3d6e70f9-~1746867104033-~233762542,app-ios,50,0,待定,2025/5/10 16:55,2025/5/10 23:55,1,2025/5/10 17:12,NULL
869907,25051087770775,233502003,0,已失效,2025/5/10 16:55,1746791622247,0,2,17d4ce1e68247e20b48538fc3d6e70f9-~1746791622247-~233502003,app-ios,1874.86,1,/,2025/5/10 16:56,2025/5/10 23:55,0,NULL,NULL
870203,25051084456808,231576604,0,已失效,2025/5/10 16:53,1746841127030,0,2,dd391ccef6b13960d42d394c8934fc97-~1746841127030-~231576604,app-android,89,1,/,2025/5/10 16:56,2025/5/10 23:55,0,NULL,NULL
870223,25051053975235,233762542,1,已付款,2025/5/10 16:53,1746867005746,0.05,2,17d4ce1e68247e20b48538fc3d6e70f9-~1746867005746-~233762542,app-ios,9.9,0,待定,2025/5/10 16:56,2025/5/10 23:55,1,2025/5/10 17:10,NULL
870283,25051054263735,233502003,0,已失效,2025/5/10 16:56,1746791622247,0,2,17d4ce1e68247e20b48538fc3d6e70f9-~1746791622247-~233502003,app-ios,1499,1,/,2025/5/10 16:56,2025/5/10 23:55,0,NULL,NULL
870337,25051075707625,233502003,0,已失效,2025/5/10 16:56,1746791622247,0,2,17d4ce1e68247e20b48538fc3d6e70f9-~1746791622247-~233502003,app-ios,375.86,1,/,2025/5/10 16:56,2025/5/10 23:55,0,NULL,NULL
870432,25051054285835,233476754,1,已付款,2025/5/10 16:56,1746857592457,0,2,17d4ce1e68247e20b48538fc3d6e70f9-~1746857592457-~233476754,app-ios,58.99,1,/,2025/5/10 16:57,2025/5/10 23:55,0,NULL,NULL
870459,25051075745625,231576604,1,已付款,2025/5/10 16:57,1746866913221,10.33,2,dd391ccef6b13960d42d394c8934fc97-~1746866913221-~231576604,app-android,267,0,待定,2025/5/10 16:57,2025/5/10 23:55,1,2025/5/10 17:14,NULL
870698,25051084705108,233762542,1,已付款,2025/5/10 16:58,1746840308144,3.12,2,17d4ce1e68247e20b48538fc3d6e70f9-~1746840308144-~233762542,app-ios,104.1,0,待定,2025/5/10 16:58,2025/5/10 23:55,1,2025/5/10 17:15,NULL
872406,25051084700408,234093274,1,已付款,2025/5/10 16:57,1746866273882,126.85,2,17d4ce1e68247e20b48538fc3d6e70f9-~1746866273882-~234093274,app-ios,1509,0,待定,2025/5/10 17:01,2025/5/10 23:55,1,2025/5/10 17:14,NULL
872493,25051081984165,231561881,1,已付款,2025/5/10 16:58,1746803695024,0.05,2,17d4ce1e68247e20b48538fc3d6e70f9-~1746803695024-~231561881,app-ios,5.3,0,待定,2025/5/10 17:01,2025/5/10 23:55,1,2025/5/10 17:15,NULL
872528,25051082278365,231576604,1,已付款,2025/5/10 17:00,1746862137081,0,2,dd391ccef6b13960d42d394c8934fc97-~1746862137081-~231576604,app-android,91,1,/,2025/5/10 17:01,2025/5/10 23:55,0,NULL,NULL
872533,25051066266652,231576604,1,已付款,2025/5/10 17:00,1746797746325,1.56,2,dd391ccef6b13960d42d394c8934fc97-~1746797746325-~231576604,app-android,52.1,0,待定,2025/5/10 17:01,2025/5/10 23:55,1,2025/5/10 17:17,NULL
872728,25051082208765,233502029,0,已失效,2025/5/10 17:02,1746859051045,10.85,2,dd391ccef6b13960d42d394c8934fc97-~1746859051045-~233502029,app-android,155,0,待定,2025/5/10 17:02,2025/5/10 23:55,1,2025/5/10 17:18,NULL
872942,25051054487835,231576604,1,已付款,2025/5/10 17:02,1746791736714,3.54,5,dd391ccef6b13960d42d394c8934fc97-~1746791736714-~231576604,app-android,118,0,待定,2025/5/10 17:03,2025/5/10 23:55,1,2025/5/10 17:19,NULL
873275,25051067429045,233498054,1,已付款,2025/5/10 17:04,1746866223211,0,2,dd391ccef6b13960d42d394c8934fc97-~1746866223211-~233498054,app-android,1,1,/,2025/5/10 17:04,2025/5/10 23:55,0,NULL,NULL
875115,25051066198952,231576604,1,已付款,2025/5/10 17:05,1746865939545,0,2,dd391ccef6b13960d42d394c8934fc97-~1746865939545-~231576604,app-android,337.8,1,/,2025/5/10 17:06,2025/5/10 23:55,0,NULL,NULL
877577,25051067989645,231576604,0,已失效,2025/5/10 17:12,1746852938416,0,2,dd391ccef6b13960d42d394c8934fc97-~1746852938416-~231576604,app-android,93.62,1,/,2025/5/10 17:12,2025/5/10 23:55,0,NULL,NULL
877578,25051082743565,231576604,1,已付款,2025/5/10 17:12,1746852938416,0,2,dd391ccef6b13960d42d394c8934fc97-~1746852938416-~231576604,app-android,57.32,1,/,2025/5/10 17:12,2025/5/10 23:55,0,NULL,NULL
877584,25051081779308,231576604,0,已失效,2025/5/10 17:12,1746852938416,0,2,dd391ccef6b13960d42d394c8934fc97-~1746852938416-~231576604,app-android,116.99,1,/,2025/5/10 17:12,2025/5/10 23:55,0,NULL,NULL
877600,25051066747752,231576604,1,已付款,2025/5/10 17:12,1746852938416,0,2,dd391ccef6b13960d42d394c8934fc97-~1746852938416-~231576604,app-android,23.37,1,/,2025/5/10 17:12,2025/5/10 23:55,0,NULL,NULL
877610,25051076038525,231561881,0,已失效,2025/5/10 17:12,1746800532030,18.4,2,17d4ce1e68247e20b48538fc3d6e70f9-~1746800532030-~231561881,app-ios,547.98,0,待定,2025/5/10 17:13,2025/5/10 23:55,1,2025/5/10 17:29,NULL
877616,25051066761052,231561881,1,已付款,2025/5/10 17:12,1746800532030,14.61,2,17d4ce1e68247e20b48538fc3d6e70f9-~1746800532030-~231561881,app-ios,486.99,0,待定,2025/5/10 17:13,2025/5/10 23:55,1,2025/5/10 17:29,NULL
877617,25051081795708,231561881,0,已失效,2025/5/10 17:12,1746800532030,3.48,2,17d4ce1e68247e20b48538fc3d6e70f9-~1746800532030-~231561881,app-ios,116,0,待定,2025/5/10 17:13,2025/5/10 23:55,1,2025/5/10 17:29,NULL
877638,25051019966712,231561881,1,已付款,2025/5/10 17:12,1746800532030,2.8,2,17d4ce1e68247e20b48538fc3d6e70f9-~1746800532030-~231561881,app-ios,27.99,0,待定,2025/5/10 17:13,2025/5/10 23:55,1,2025/5/10 17:29,NULL
877681,25051054607535,231561881,1,已付款,2025/5/10 17:12,1746800532030,0.99,2,17d4ce1e68247e20b48538fc3d6e70f9-~1746800532030-~231561881,app-ios,33,0,待定,2025/5/10 17:13,2025/5/10 23:55,1,2025/5/10 17:29,NULL
877984,25051082156908,233502029,1,已付款,2025/5/10 17:14,1746855340248,6.72,2,dd391ccef6b13960d42d394c8934fc97-~1746855340248-~233502029,app-android,96.01,0,待定,2025/5/10 17:14,2025/5/10 23:55,1,2025/5/10 17:31,NULL
880154,25051076231125,233502003,1,已付款,2025/5/10 17:18,1746844587534,1.07,5,17d4ce1e68247e20b48538fc3d6e70f9-~1746844587534-~233502003,app-ios,40.82,0,待定,2025/5/10 17:18,2025/5/10 23:55,1,2025/5/10 17:35,NULL
880211,25051011231780,231561881,1,已付款,2025/5/10 17:17,1746867243896,0,2,17d4ce1e68247e20b48538fc3d6e70f9-~1746867243896-~231561881,app-ios,57,1,/,2025/5/10 17:18,2025/5/10 23:55,0,NULL,NULL
880272,25051011262480,231561881,1,已付款,2025/5/10 17:18,1746848414059,2.28,2,17d4ce1e68247e20b48538fc3d6e70f9-~1746848414059-~231561881,app-ios,76.15,0,待定,2025/5/10 17:19,2025/5/10 23:55,1,2025/5/10 17:35,NULL
880708,25051011574180,231561881,1,已付款,2025/5/10 17:19,1746867243896,0,2,17d4ce1e68247e20b48538fc3d6e70f9-~1746867243896-~231561881,app-ios,33.3,1,/,2025/5/10 17:20,2025/5/10 23:55,0,NULL,NULL
882219,25051085262975,231576604,1,已付款,2025/5/10 17:22,1746852892739,11.4,2,dd391ccef6b13960d42d394c8934fc97-~1746852892739-~231576604,app-android,114,0,待定,2025/5/10 17:22,2025/5/10 23:55,1,2025/5/10 17:39,NULL
882599,25051076486825,233502003,0,已失效,2025/5/10 17:23,1746791622247,0,2,17d4ce1e68247e20b48538fc3d6e70f9-~1746791622247-~233502003,app-ios,174.36,1,/,2025/5/10 17:24,2025/5/10 23:55,0,NULL,NULL
882825,25051067124752,233502029,1,已付款,2025/5/10 17:24,1746862169685,0,2,dd391ccef6b13960d42d394c8934fc97-~1746862169685-~233502029,app-android,5237.08,0,待定,2025/5/10 17:25,2025/5/10 23:55,0,NULL,NULL
883337,25051083158865,233502029,1,已付款,2025/5/10 17:25,1746796044903,22.41,2,dd391ccef6b13960d42d394c8934fc97-~1746796044903-~233502029,app-android,249,0,待定,2025/5/10 17:25,2025/5/10 23:55,1,2025/5/10 17:42,NULL
883367,25051076430025,231561881,1,已付款,2025/5/10 17:25,1746800532030,3.48,2,17d4ce1e68247e20b48538fc3d6e70f9-~1746800532030-~231561881,app-ios,116,0,待定,2025/5/10 17:25,2025/5/10 23:55,1,2025/5/10 17:42,NULL
884433,25051055093635,233502029,1,已付款,2025/5/10 17:21,1746787825000,0,2,dd391ccef6b13960d42d394c8934fc97-~1746787825000-~233502029,app-android,16.5,1,/,2025/5/10 17:26,2025/5/10 23:55,0,NULL,NULL
884605,25051082553708,234061612,1,已付款,2025/5/10 17:27,1746837733549,6.3,2,17d4ce1e68247e20b48538fc3d6e70f9-~1746837733549-~234061612,app-ios,63,0,待定,2025/5/10 17:27,2025/5/10 23:55,1,2025/5/10 17:43,NULL
884914,25051076742825,231561881,1,已付款,2025/5/10 17:28,1746868829240,1.81,2,17d4ce1e68247e20b48538fc3d6e70f9-~1746868829240-~231561881,app-ios,36.1,0,待定,2025/5/10 17:28,2025/5/10 23:55,1,2025/5/10 17:45,NULL
885961,25051083018165,233460954,1,已付款,2025/5/10 17:30,1746868252079,0.17,2,dd391ccef6b13960d42d394c8934fc97-~1746868252079-~233460954,app-android,34.5,0,待定,2025/5/10 17:30,2025/5/10 23:55,1,2025/5/10 17:47,NULL
886794,25051076722025,231561881,1,已付款,2025/5/10 17:31,1746867537526,10.8,2,17d4ce1e68247e20b48538fc3d6e70f9-~1746867537526-~231561881,app-ios,108,0,待定,2025/5/10 17:31,2025/5/10 23:55,1,2025/5/10 17:48,NULL
886804,25051011627880,231561881,1,已付款,2025/5/10 17:30,1746855757981,0,2,17d4ce1e68247e20b48538fc3d6e70f9-~1746855757981-~231561881,app-ios,259,1,/,2025/5/10 17:31,2025/5/10 23:55,0,NULL,NULL
887428,25051082775308,231576604,0,已失效,2025/5/10 17:34,1746801577996,2.27,2,dd391ccef6b13960d42d394c8934fc97-~1746801577996-~231576604,app-android,50.3,0,待定,2025/5/10 17:34,2025/5/10 23:55,1,2025/5/10 17:50,NULL
887780,25051068585945,233498054,1,已付款,2025/5/10 17:35,1746802056796,10.5,2,dd391ccef6b13960d42d394c8934fc97-~1746802056796-~233498054,app-android,150,0,待定,2025/5/10 17:35,2025/5/10 23:55,1,2025/5/10 17:52,NULL
887819,25051083262765,231576604,1,已付款,2025/5/10 17:34,1746794625211,0,2,dd391ccef6b13960d42d394c8934fc97-~1746794625211-~231576604,app-android,0,0,待定,2025/5/10 17:35,2025/5/10 23:55,0,NULL,NULL
887837,25051073678025,234093274,1,已付款,2025/5/10 17:35,1746862733373,0,2,17d4ce1e68247e20b48538fc3d6e70f9-~1746862733373-~234093274,app-ios,1317,1,/,2025/5/10 17:35,2025/5/10 23:55,0,NULL,NULL
888578,25051073690425,233502029,1,已付款,2025/5/10 17:35,1746853130451,2.35,2,dd391ccef6b13960d42d394c8934fc97-~1746853130451-~233502029,app-android,47,0,待定,2025/5/10 17:35,2025/5/10 23:55,1,2025/5/10 17:52,NULL
888635,25051085681675,231561881,1,已付款,2025/5/10 17:35,1746793463674,2.2,2,17d4ce1e68247e20b48538fc3d6e70f9-~1746793463674-~231561881,app-ios,31.4,0,待定,2025/5/10 17:35,2025/5/10 23:55,1,2025/5/10 17:52,NULL
889199,25051083325665,234093274,0,已失效,2025/5/10 17:33,1746862733373,0,2,17d4ce1e68247e20b48538fc3d6e70f9-~1746862733373-~234093274,app-ios,2481,1,/,2025/5/10 17:36,2025/5/10 23:55,0,NULL,NULL
889204,25051068513245,233762582,1,已付款,2025/5/10 17:35,1746801819493,2.22,2,dd391ccef6b13960d42d394c8934fc97-~1746801819493-~233762582,app-android,222,0,待定,2025/5/10 17:36,2025/5/10 23:55,1,2025/5/10 17:52,NULL
889367,25051086024975,233502029,0,已失效,2025/5/10 17:36,1746850444622,9.01,2,dd391ccef6b13960d42d394c8934fc97-~1746850444622-~233502029,app-android,160,0,待定,2025/5/10 17:36,2025/5/10 23:55,1,2025/5/10 17:53,NULL
889421,25051055474235,233502029,1,已付款,2025/5/10 17:37,1746850444622,5.35,2,dd391ccef6b13960d42d394c8934fc97-~1746850444622-~233502029,app-android,20.58,0,待定,2025/5/10 17:37,2025/5/10 23:55,1,2025/5/10 17:54,NULL
889426,25051068445945,233502029,1,已付款,2025/5/10 17:37,1746850444622,3.55,2,dd391ccef6b13960d42d394c8934fc97-~1746850444622-~233502029,app-android,118.33,0,待定,2025/5/10 17:37,2025/5/10 23:55,1,2025/5/10 17:54,NULL
889481,25051082663308,233502029,1,已付款,2025/5/10 17:37,1746850444622,0.11,2,dd391ccef6b13960d42d394c8934fc97-~1746850444622-~233502029,app-android,21.09,0,待定,2025/5/10 17:37,2025/5/10 23:55,1,2025/5/10 17:54,NULL
889555,25051020745012,231561881,1,已付款,2025/5/10 17:37,1746852671350,0,5,17d4ce1e68247e20b48538fc3d6e70f9-~1746852671350-~231561881,app-ios,49.55,1,/,2025/5/10 17:37,2025/5/10 23:55,0,NULL,NULL
889786,25051020786412,231576604,1,已付款,2025/5/10 17:38,1746860723960,0.71,2,dd391ccef6b13960d42d394c8934fc97-~1746860723960-~231576604,app-android,11.9,0,待定,2025/5/10 17:39,2025/5/10 23:55,1,2025/5/10 17:55,NULL
891291,25051073952725,233762542,1,已付款,2025/5/10 17:40,1746865661050,36.09,2,17d4ce1e68247e20b48538fc3d6e70f9-~1746865661050-~233762542,app-ios,427,0,待定,2025/5/10 17:41,2025/5/10 23:55,1,2025/5/10 17:57,NULL
891306,25051080162065,233762582,1,已付款,2025/5/10 17:40,1746862137665,13.9,2,dd391ccef6b13960d42d394c8934fc97-~1746862137665-~233762582,app-android,278,0,待定,2025/5/10 17:41,2025/5/10 23:55,1,2025/5/10 17:57,NULL
891666,25051085665475,234093274,1,已付款,2025/5/10 17:35,1746862733373,0,2,17d4ce1e68247e20b48538fc3d6e70f9-~1746862733373-~234093274,app-ios,1164,1,/,2025/5/10 17:41,2025/5/10 23:55,0,NULL,NULL
891876,25051073895325,233502029,1,已付款,2025/5/10 17:42,1746830638098,0,2,dd391ccef6b13960d42d394c8934fc97-~1746830638098-~233502029,app-android,30,1,/,2025/5/10 17:42,2025/5/10 23:55,0,NULL,NULL
891931,25051020993812,233502029,0,已失效,2025/5/10 17:42,1746830638098,0,2,dd391ccef6b13960d42d394c8934fc97-~1746830638098-~233502029,app-android,175,1,/,2025/5/10 17:42,2025/5/10 23:55,0,NULL,NULL
892108,25051090332152,231576604,1,已付款,2025/5/10 17:43,1746868692171,0,2,dd391ccef6b13960d42d394c8934fc97-~1746868692171-~231576604,app-android,4.49,1,/,2025/5/10 17:43,2025/5/10 23:55,0,NULL,NULL
892273,25051086157375,234061612,1,已付款,2025/5/10 17:44,1746844825398,2.88,2,17d4ce1e68247e20b48538fc3d6e70f9-~1746844825398-~234061612,app-ios,95.98,0,待定,2025/5/10 17:44,2025/5/10 23:55,1,2025/5/10 18:01,NULL
892362,25051082884908,231561881,1,已付款,2025/5/10 17:44,1746869406342,0.58,2,17d4ce1e68247e20b48538fc3d6e70f9-~1746869406342-~231561881,app-ios,116.01,0,待定,2025/5/10 17:44,2025/5/10 23:55,1,2025/5/10 18:01,NULL
893249,25051090695852,231576604,0,已失效,2025/5/10 17:45,1746858773893,2.56,2,dd391ccef6b13960d42d394c8934fc97-~1746858773893-~231576604,app-android,69,0,待定,2025/5/10 17:45,2025/5/10 23:55,1,2025/5/10 18:02,NULL
894144,25051085855175,231576604,1,已付款,2025/5/10 17:41,1746803501471,0.77,2,dd391ccef6b13960d42d394c8934fc97-~1746803501471-~231576604,app-android,25.8,0,待定,2025/5/10 17:46,2025/5/10 23:55,1,2025/5/10 17:58,NULL
894147,25051012047780,233502003,0,已失效,2025/5/10 17:44,1746857917310,0,2,17d4ce1e68247e20b48538fc3d6e70f9-~1746857917310-~233502003,app-ios,1379,1,/,2025/5/10 17:46,2025/5/10 23:55,0,NULL,NULL
894149,25051012185380,233502029,1,已付款,2025/5/10 17:42,1746830638098,0,2,dd391ccef6b13960d42d394c8934fc97-~1746830638098-~233502029,app-android,145,1,/,2025/5/10 17:46,2025/5/10 23:55,0,NULL,NULL
894161,25051082942208,231576604,1,已付款,2025/5/10 17:42,1746806002613,0,2,dd391ccef6b13960d42d394c8934fc97-~1746806002613-~231576604,app-android,3.88,1,/,2025/5/10 17:46,2025/5/10 23:55,0,NULL,NULL
894645,25051021280812,231576604,1,已付款,2025/5/10 17:48,1746799979733,7.41,2,dd391ccef6b13960d42d394c8934fc97-~1746799979733-~231576604,app-android,247,0,待定,2025/5/10 17:48,2025/5/10 23:55,1,2025/5/10 18:05,NULL
899039,25051086253575,234093274,1,已付款,2025/5/10 17:54,1746870586651,1.98,0,17d4ce1e68247e20b48538fc3d6e70f9-~1746870586651-~234093274,app-ios,64,0,待定,2025/5/10 17:56,2025/5/10 23:55,1,2025/5/10 18:11,NULL
899209,25051012510580,233498046,1,已付款,2025/5/10 17:56,1746807073566,0,2,17d4ce1e68247e20b48538fc3d6e70f9-~1746807073566-~233498046,app-ios,5.17,1,/,2025/5/10 17:57,2025/5/10 23:55,0,NULL,NULL
899516,25051006235409,234093274,1,已付款,2025/5/10 17:58,1746870270195,0,2,17d4ce1e68247e20b48538fc3d6e70f9-~1746870270195-~234093274,app-ios,155,1,/,2025/5/10 17:58,2025/5/10 23:55,0,NULL,NULL
899640,25051090810252,231576604,1,已付款,2025/5/10 17:56,1746850426392,0.4,2,dd391ccef6b13960d42d394c8934fc97-~1746850426392-~231576604,app-android,40.3,0,待定,2025/5/10 17:59,2025/5/10 23:55,1,2025/5/10 18:13,NULL
899869,25051092369145,231561881,1,已付款,2025/5/10 18:00,1746863206592,0.75,2,17d4ce1e68247e20b48538fc3d6e70f9-~1746863206592-~231561881,app-ios,32,0,待定,2025/5/10 18:00,2025/5/10 23:55,1,2025/5/10 18:17,NULL
901412,25051080859565,231561881,1,已付款,2025/5/10 18:00,1746870972204,7.5,2,17d4ce1e68247e20b48538fc3d6e70f9-~1746870972204-~231561881,app-ios,150,0,待定,2025/5/10 18:01,2025/5/10 23:55,1,2025/5/10 18:17,NULL
901558,25051080584965,233762542,1,已付款,2025/5/10 17:55,1746826886193,4.88,2,17d4ce1e68247e20b48538fc3d6e70f9-~1746826886193-~233762542,app-ios,488,0,待定,2025/5/10 18:01,2025/5/10 23:55,1,2025/5/10 18:12,NULL
902000,25051006475609,231576604,1,已付款,2025/5/10 18:03,1746869533251,0,2,dd391ccef6b13960d42d394c8934fc97-~1746869533251-~231576604,app-android,1,0,待定,2025/5/10 18:03,2025/5/10 23:55,0,NULL,NULL
904140,25051006364409,231561881,1,已付款,2025/5/10 18:06,1746806758105,47.34,2,17d4ce1e68247e20b48538fc3d6e70f9-~1746806758105-~231561881,app-ios,526,0,待定,2025/5/10 18:06,2025/5/10 23:55,1,2025/5/10 18:23,NULL
904406,25051090962252,231561881,1,已付款,2025/5/10 18:04,1746750097541,0,5,17d4ce1e68247e20b48538fc3d6e70f9-~1746750097541-~231561881,app-ios,6,1,/,2025/5/10 18:07,2025/5/10 23:55,0,NULL,NULL
905239,25051083744575,231576604,1,已付款,2025/5/10 18:10,1746867206102,0.2,2,dd391ccef6b13960d42d394c8934fc97-~1746867206102-~231576604,app-android,39.65,0,待定,2025/5/10 18:10,2025/5/10 23:55,1,2025/5/10 18:27,NULL
905315,25051074718125,231576604,1,已付款,2025/5/10 18:10,1746867206102,4.31,2,dd391ccef6b13960d42d394c8934fc97-~1746867206102-~231576604,app-android,431.11,0,待定,2025/5/10 18:10,2025/5/10 23:55,1,2025/5/10 18:27,NULL
906559,25051091267752,233762542,1,已付款,2025/5/10 18:08,1746847152917,2.13,2,17d4ce1e68247e20b48538fc3d6e70f9-~1746847152917-~233762542,app-ios,71,0,待定,2025/5/10 18:11,2025/5/10 23:55,1,2025/5/10 18:25,NULL
907208,25051092775445,231576604,1,已付款,2025/5/10 18:14,1746829266175,2.82,2,dd391ccef6b13960d42d394c8934fc97-~1746829266175-~231576604,app-android,94,0,待定,2025/5/10 18:14,2025/5/10 23:55,1,2025/5/10 18:31,NULL
907267,25051079301835,231576604,0,已失效,2025/5/10 18:14,1746843312302,2.59,2,dd391ccef6b13960d42d394c8934fc97-~1746843312302-~231576604,app-android,72.5,0,待定,2025/5/10 18:14,2025/5/10 23:55,1,2025/5/10 18:31,NULL
907368,25051009964380,231576604,1,已付款,2025/5/10 18:14,1746843312302,0.91,2,dd391ccef6b13960d42d394c8934fc97-~1746843312302-~231576604,app-android,30.4,0,待定,2025/5/10 18:15,2025/5/10 23:55,1,2025/5/10 18:31,NULL
909120,25051083784775,231561881,1,已付款,2025/5/10 18:11,1746855303994,8.05,5,17d4ce1e68247e20b48538fc3d6e70f9-~1746855303994-~231561881,app-ios,115,0,待定,2025/5/10 18:16,2025/5/10 23:55,1,2025/5/10 18:28,NULL
909121,25051081020965,233498046,1,已付款,2025/5/10 18:10,1746863120786,5.22,2,17d4ce1e68247e20b48538fc3d6e70f9-~1746863120786-~233498046,app-ios,174,0,待定,2025/5/10 18:16,2025/5/10 23:55,1,2025/5/10 18:27,NULL
909126,25051091444452,231576604,1,已付款,2025/5/10 18:14,1746843312302,1.68,2,dd391ccef6b13960d42d394c8934fc97-~1746843312302-~231576604,app-android,42.1,0,待定,2025/5/10 18:16,2025/5/10 23:55,1,2025/5/10 18:31,NULL
909263,25051009950680,231576604,0,已失效,2025/5/10 18:14,1746756314344,3.89,2,dd391ccef6b13960d42d394c8934fc97-~1746756314344-~231576604,app-android,647.94,0,待定,2025/5/10 18:17,2025/5/10 23:55,1,2025/5/10 18:31,NULL
909678,25051092613845,231561881,1,已付款,2025/5/10 18:19,1746871548889,2.48,2,17d4ce1e68247e20b48538fc3d6e70f9-~1746871548889-~231561881,app-ios,33.47,0,待定,2025/5/10 18:19,2025/5/10 23:55,1,2025/5/10 18:36,NULL
909679,25051074872725,231561881,0,已失效,2025/5/10 18:19,1746871548889,7.73,2,17d4ce1e68247e20b48538fc3d6e70f9-~1746871548889-~231561881,app-ios,70.95,0,待定,2025/5/10 18:19,2025/5/10 23:55,1,2025/5/10 18:36,NULL
909728,25051018776012,233502003,1,已付款,2025/5/10 18:18,1746870039851,1.11,5,17d4ce1e68247e20b48538fc3d6e70f9-~1746870039851-~233502003,app-ios,42,0,待定,2025/5/10 18:19,2025/5/10 23:55,1,2025/5/10 18:35,NULL
911593,25051091389352,231576604,1,已付款,2025/5/10 18:19,1746858382739,0,2,dd391ccef6b13960d42d394c8934fc97-~1746858382739-~231576604,app-android,98.7,1,/,2025/5/10 18:21,2025/5/10 23:55,0,NULL,NULL
911598,25051079646535,231561881,1,已付款,2025/5/10 18:19,1746871548889,5.25,2,17d4ce1e68247e20b48538fc3d6e70f9-~1746871548889-~231561881,app-ios,37.48,0,待定,2025/5/10 18:21,2025/5/10 23:55,1,2025/5/10 18:36,NULL
911731,25051079506235,231561881,1,已付款,2025/5/10 18:21,1746871548889,1.27,2,17d4ce1e68247e20b48538fc3d6e70f9-~1746871548889-~231561881,app-ios,23,0,待定,2025/5/10 18:21,2025/5/10 23:55,1,2025/5/10 18:38,NULL
911761,25051075147125,234093274,1,已下单,2025/5/10 18:21,1746871542802,11.13,2,17d4ce1e68247e20b48538fc3d6e70f9-~1746871542802-~234093274,app-ios,159,0,待定,2025/5/10 18:21,2025/5/10 23:55,1,2025/5/10 18:38,NULL
911802,25051075143725,233498054,0,已失效,2025/5/10 18:21,1746871103906,1.76,2,dd391ccef6b13960d42d394c8934fc97-~1746871103906-~233498054,app-android,175.52,0,待定,2025/5/10 18:21,2025/5/10 23:55,1,2025/5/10 22:49,NULL
911826,25051010165180,233502003,1,已付款,2025/5/10 18:21,1746840689018,1.05,2,17d4ce1e68247e20b48538fc3d6e70f9-~1746840689018-~233502003,app-ios,35,0,待定,2025/5/10 18:22,2025/5/10 23:55,1,2025/5/10 18:38,NULL
911895,25051010164880,233502003,1,已付款,2025/5/10 18:21,1746840689018,2.22,2,17d4ce1e68247e20b48538fc3d6e70f9-~1746840689018-~233502003,app-ios,74,0,待定,2025/5/10 18:22,2025/5/10 23:55,1,2025/5/10 18:38,NULL
912104,25051007144109,233460954,1,已付款,2025/5/10 18:23,1746871615157,1.75,2,dd391ccef6b13960d42d394c8934fc97-~1746871615157-~233460954,app-android,25,0,待定,2025/5/10 18:23,2025/5/10 23:55,1,2025/5/10 18:40,NULL
914184,25051075145225,233502003,0,已失效,2025/5/10 18:21,1746840689018,3.27,2,17d4ce1e68247e20b48538fc3d6e70f9-~1746840689018-~233502003,app-ios,109,0,待定,2025/5/10 18:26,2025/5/10 23:55,1,2025/5/10 18:38,NULL
914343,25051018993112,231576604,1,已付款,2025/5/10 18:26,1746870920696,0.6,2,dd391ccef6b13960d42d394c8934fc97-~1746870920696-~231576604,app-android,25,0,待定,2025/5/10 18:27,2025/5/10 23:55,1,2025/5/10 18:43,NULL
914496,25051084124175,233498054,1,已付款,2025/5/10 18:27,1746870197486,0.04,2,dd391ccef6b13960d42d394c8934fc97-~1746870197486-~233498054,app-android,8.13,0,待定,2025/5/10 18:27,2025/5/10 23:55,1,2025/5/10 18:44,NULL
914759,25051075033525,231561881,1,已付款,2025/5/10 18:28,1746872275132,1.86,2,17d4ce1e68247e20b48538fc3d6e70f9-~1746872275132-~231561881,app-ios,67,0,待定,2025/5/10 18:29,2025/5/10 23:55,1,2025/5/10 18:45,NULL
914816,25051006999709,231561881,1,已付款,2025/5/10 18:29,1746830748988,0.99,2,17d4ce1e68247e20b48538fc3d6e70f9-~1746830748988-~231561881,app-ios,33,0,待定,2025/5/10 18:29,2025/5/10 23:55,1,2025/5/10 18:46,NULL
914824,25051018866012,231561881,1,已付款,2025/5/10 18:29,1746830748988,0.99,2,17d4ce1e68247e20b48538fc3d6e70f9-~1746830748988-~231561881,app-ios,33,0,待定,2025/5/10 18:29,2025/5/10 23:55,1,2025/5/10 18:46,NULL
914857,25051079713335,231561881,0,已失效,2025/5/10 18:29,1746830748988,3.96,2,17d4ce1e68247e20b48538fc3d6e70f9-~1746830748988-~231561881,app-ios,132,0,待定,2025/5/10 18:29,2025/5/10 23:55,1,2025/5/10 18:46,NULL
914907,25051081666765,231561881,1,已付款,2025/5/10 18:29,1746830748988,0.99,2,17d4ce1e68247e20b48538fc3d6e70f9-~1746830748988-~231561881,app-ios,33,0,待定,2025/5/10 18:29,2025/5/10 23:55,1,2025/5/10 18:46,NULL
915032,25051088595352,233498054,1,已付款,2025/5/10 18:29,1746872562875,9.17,2,dd391ccef6b13960d42d394c8934fc97-~1746872562875-~233498054,app-android,131,0,待定,2025/5/10 18:30,2025/5/10 23:55,1,2025/5/10 18:46,NULL
915061,25051010386580,233502003,1,已付款,2025/5/10 18:29,1746872048569,4.53,5,17d4ce1e68247e20b48538fc3d6e70f9-~1746872048569-~233502003,支付宝小程序,151,0,待定,2025/5/10 18:30,2025/5/10 23:55,1,2025/5/10 18:46,NULL
916790,25051010359980,233762542,1,已付款,2025/5/10 18:28,1746872855223,0.22,2,17d4ce1e68247e20b48538fc3d6e70f9-~1746872855223-~233762542,app-ios,3.73,0,待定,2025/5/10 18:31,2025/5/10 23:55,1,2025/5/10 18:45,NULL
916791,25051091586252,233502003,1,已付款,2025/5/10 18:26,1746845503638,11.52,2,17d4ce1e68247e20b48538fc3d6e70f9-~1746845503638-~233502003,app-ios,384,0,待定,2025/5/10 18:31,2025/5/10 23:55,1,2025/5/10 18:43,NULL
916809,25051081384965,231561881,1,已付款,2025/5/10 18:26,1746869138610,0,2,17d4ce1e68247e20b48538fc3d6e70f9-~1746869138610-~231561881,app-ios,202.58,1,/,2025/5/10 18:31,2025/5/10 23:55,0,NULL,NULL
916819,25051072077825,231561881,1,已付款,2025/5/10 18:29,1746830748988,0.99,2,17d4ce1e68247e20b48538fc3d6e70f9-~1746830748988-~231561881,app-ios,33,0,待定,2025/5/10 18:31,2025/5/10 23:55,1,2025/5/10 18:46,NULL
917455,25051093045145,233502029,1,已付款,2025/5/10 18:34,1746856564383,0,2,dd391ccef6b13960d42d394c8934fc97-~1746856564383-~233502029,app-android,77,1,/,2025/5/10 18:34,2025/5/10 23:55,0,NULL,NULL
917763,25051088844952,231576604,0,已失效,2025/5/10 18:35,1746870281628,0,2,dd391ccef6b13960d42d394c8934fc97-~1746870281628-~231576604,app-android,3.9,1,/,2025/5/10 18:35,2025/5/10 23:55,0,NULL,NULL
919414,25051088535852,231561881,0,已失效,2025/5/10 18:31,1746871639860,0.47,2,17d4ce1e68247e20b48538fc3d6e70f9-~1746871639860-~231561881,app-ios,47.25,0,待定,2025/5/10 18:36,2025/5/10 23:55,1,2025/5/10 18:48,NULL
919426,25051019191112,231561881,1,已付款,2025/5/10 18:34,1746762781105,0.01,2,17d4ce1e68247e20b48538fc3d6e70f9-~1746762781105-~231561881,app-ios,1.97,0,待定,2025/5/10 18:36,2025/5/10 23:55,1,2025/5/10 18:51,NULL
919439,25051007353509,233498046,1,已付款,2025/5/10 18:31,1746852200023,0.01,2,17d4ce1e68247e20b48538fc3d6e70f9-~1746852200023-~233498046,app-ios,2.4,0,待定,2025/5/10 18:36,2025/5/10 23:55,1,2025/5/10 18:48,NULL
919448,25051088626852,233502029,1,已付款,2025/5/10 18:30,1746865700091,0,2,dd391ccef6b13960d42d394c8934fc97-~1746865700091-~233502029,app-android,25.42,1,/,2025/5/10 18:36,2025/5/10 23:55,0,NULL,NULL
919735,25051006385809,233498054,1,已付款,2025/5/10 18:37,1746676819578,3.57,2,dd391ccef6b13960d42d394c8934fc97-~1746676819578-~233498054,app-android,119,0,待定,2025/5/10 18:37,2025/5/10 23:55,1,2025/5/10 18:54,NULL
919963,25051077019935,231561881,1,已付款,2025/5/10 18:39,1746871779629,0.76,5,17d4ce1e68247e20b48538fc3d6e70f9-~1746871779629-~231561881,app-ios,152,0,待定,2025/5/10 18:39,2025/5/10 23:55,1,2025/5/10 18:56,NULL
919983,25051080003835,233502029,1,已下单,2025/5/10 18:36,1746859963115,0.77,2,dd391ccef6b13960d42d394c8934fc97-~1746859963115-~233502029,app-android,25.6,0,待定,2025/5/10 18:39,2025/5/10 23:55,1,2025/5/10 18:53,NULL
921984,25051090083045,231576604,1,已付款,2025/5/10 18:38,1746870648224,2.01,2,dd391ccef6b13960d42d394c8934fc97-~1746870648224-~231576604,app-android,55.8,0,待定,2025/5/10 18:41,2025/5/10 23:55,1,2025/5/10 18:55,NULL
921999,25051072283425,231561881,1,已付款,2025/5/10 18:36,1746856045116,0,2,17d4ce1e68247e20b48538fc3d6e70f9-~1746856045116-~231561881,app-ios,186.94,1,/,2025/5/10 18:41,2025/5/10 23:55,0,NULL,NULL
922492,25051090304045,231576604,1,已付款,2025/5/10 18:43,1746839935256,0,2,dd391ccef6b13960d42d394c8934fc97-~1746839935256-~231576604,app-android,23.94,1,/,2025/5/10 18:43,2025/5/10 23:55,0,NULL,NULL
922528,25051076847035,233502029,1,已付款,2025/5/10 18:44,1746861672002,0.23,2,dd391ccef6b13960d42d394c8934fc97-~1746861672002-~233502029,app-android,51.11,0,待定,2025/5/10 18:44,2025/5/10 23:55,1,2025/5/10 19:01,NULL
922634,25051007413209,231561881,1,已付款,2025/5/10 18:44,1746852634760,15.99,2,17d4ce1e68247e20b48538fc3d6e70f9-~1746852634760-~231561881,app-ios,159.9,0,待定,2025/5/10 18:44,2025/5/10 23:55,1,2025/5/10 19:01,NULL
924621,25051007379209,233498046,1,已付款,2025/5/10 18:43,1746830299188,6.14,2,17d4ce1e68247e20b48538fc3d6e70f9-~1746830299188-~233498046,app-ios,148,0,待定,2025/5/10 18:46,2025/5/10 23:55,1,2025/5/10 19:00,NULL
924654,25051084482275,233502029,1,已付款,2025/5/10 18:44,1746856336418,0,2,dd391ccef6b13960d42d394c8934fc97-~1746856336418-~233502029,app-android,199,1,/,2025/5/10 18:46,2025/5/10 23:55,0,NULL,NULL
924656,25051089985345,233498054,1,已付款,2025/5/10 18:42,1746871103906,1.3,2,dd391ccef6b13960d42d394c8934fc97-~1746871103906-~233498054,app-android,129.52,0,待定,2025/5/10 18:46,2025/5/10 23:55,1,2025/5/10 22:49,NULL
924785,25051077232635,231576604,1,已付款,2025/5/10 18:46,1746856673731,2.45,2,dd391ccef6b13960d42d394c8934fc97-~1746856673731-~231576604,app-android,49,0,待定,2025/5/10 18:47,2025/5/10 23:55,1,2025/5/10 19:03,NULL
924993,25051007714809,231561881,1,已付款,2025/5/10 18:47,1746850484426,43.12,2,17d4ce1e68247e20b48538fc3d6e70f9-~1746850484426-~231561881,app-ios,616,0,待定,2025/5/10 18:48,2025/5/10 23:55,1,2025/5/10 19:04,NULL
925027,25051010675380,231561881,1,已付款,2025/5/10 18:47,1746853333918,0,2,17d4ce1e68247e20b48538fc3d6e70f9-~1746853333918-~231561881,app-ios,252,1,/,2025/5/10 18:48,2025/5/10 23:55,0,NULL,NULL
925185,25051084817275,231561881,0,已失效,2025/5/10 18:49,1746858546434,0,2,17d4ce1e68247e20b48538fc3d6e70f9-~1746858546434-~231561881,app-ios,551,1,/,2025/5/10 18:49,2025/5/10 23:55,0,NULL,NULL
927225,25051092971245,231576604,1,已付款,2025/5/10 18:51,1746517708578,14.28,2,dd391ccef6b13960d42d394c8934fc97-~1746517708578-~231576604,app-android,204,0,待定,2025/5/10 18:51,2025/5/10 23:55,1,2025/5/10 19:08,NULL
927283,25051090163945,233502029,1,已付款,2025/5/10 18:49,1746873633330,20.18,2,dd391ccef6b13960d42d394c8934fc97-~1746873633330-~233502029,app-android,196,0,待定,2025/5/10 18:51,2025/5/10 23:55,1,2025/5/10 19:06,NULL
927289,25051010663880,231561881,1,已下单,2025/5/10 18:47,1746858917664,20.3,2,17d4ce1e68247e20b48538fc3d6e70f9-~1746858917664-~231561881,app-ios,290,0,待定,2025/5/10 18:51,2025/5/10 23:55,1,2025/5/10 19:04,NULL
927313,25051088907652,233762582,1,已付款,2025/5/10 18:48,1746843099084,0,2,dd391ccef6b13960d42d394c8934fc97-~1746843099084-~233762582,app-android,201.7,1,/,2025/5/10 18:51,2025/5/10 23:55,0,NULL,NULL
927327,25051010730880,231576604,0,已失效,2025/5/10 18:46,1746817031070,0,2,dd391ccef6b13960d42d394c8934fc97-~1746817031070-~231576604,app-android,136,1,/,2025/5/10 18:51,2025/5/10 23:55,0,NULL,NULL
927328,25051019302112,231561881,1,已付款,2025/5/10 18:45,1746867788249,0,2,17d4ce1e68247e20b48538fc3d6e70f9-~1746867788249-~231561881,app-ios,165,1,/,2025/5/10 18:51,2025/5/10 23:55,0,NULL,NULL
927955,25051084980475,233502029,0,已失效,2025/5/10 18:54,1746873633330,9.73,2,dd391ccef6b13960d42d394c8934fc97-~1746873633330-~233502029,app-android,139,0,待定,2025/5/10 18:55,2025/5/10 23:55,1,2025/5/10 19:11,NULL
928009,25051005179666,231576604,1,已付款,2025/5/10 18:54,1746855144185,6.2,2,dd391ccef6b13960d42d394c8934fc97-~1746855144185-~231576604,app-android,124,0,待定,2025/5/10 18:55,2025/5/10 23:55,1,2025/5/10 19:11,NULL
929310,25051089113552,233502003,1,已付款,2025/5/10 18:55,1746858620453,22.05,2,17d4ce1e68247e20b48538fc3d6e70f9-~1746858620453-~233502003,app-ios,315,0,待定,2025/5/10 18:56,2025/5/10 23:59,1,NULL,NULL
929859,25051092999145,231576604,1,已付款,2025/5/10 18:52,1746517708578,9,2,dd391ccef6b13960d42d394c8934fc97-~1746517708578-~231576604,app-android,180,0,待定,2025/5/10 18:56,2025/5/10 23:55,1,2025/5/10 19:09,NULL
930059,25051005127766,233476754,1,已付款,2025/5/10 18:56,1746863990625,0,2,17d4ce1e68247e20b48538fc3d6e70f9-~1746863990625-~233476754,app-ios,421,1,/,2025/5/10 18:57,2025/5/10 23:55,0,NULL,NULL
930532,25051077267035,231561881,1,已付款,2025/5/10 18:59,1746849985784,17.85,2,17d4ce1e68247e20b48538fc3d6e70f9-~1746849985784-~231561881,app-ios,357,0,待定,2025/5/10 18:59,2025/5/10 23:55,1,2025/5/10 19:16,NULL
932543,25051072598825,231561881,1,已付款,2025/5/10 18:56,1746863253301,0,2,17d4ce1e68247e20b48538fc3d6e70f9-~1746863253301-~231561881,app-ios,33,1,/,2025/5/10 19:01,2025/5/10 23:55,0,NULL,NULL
932551,25051016527112,233502029,1,已下单,2025/5/10 18:56,1746873633330,11.13,2,dd391ccef6b13960d42d394c8934fc97-~1746873633330-~233502029,app-android,159,0,待定,2025/5/10 19:01,2025/5/10 23:55,1,2025/5/10 19:13,NULL
932585,25051090657345,231561881,1,已付款,2025/5/10 18:59,1746858053676,1.96,2,17d4ce1e68247e20b48538fc3d6e70f9-~1746858053676-~231561881,app-ios,39.1,0,待定,2025/5/10 19:01,2025/5/10 23:55,1,2025/5/10 19:16,NULL
932641,25051089380952,231561881,1,已付款,2025/5/10 19:01,1746838416714,17.78,2,17d4ce1e68247e20b48538fc3d6e70f9-~1746838416714-~231561881,app-ios,254,0,待定,2025/5/10 19:01,2025/5/10 23:55,1,2025/5/10 19:18,NULL
932799,25051016774412,231561881,1,已付款,2025/5/10 19:01,1746838416714,16.38,2,17d4ce1e68247e20b48538fc3d6e70f9-~1746838416714-~231561881,app-ios,234,0,待定,2025/5/10 19:02,2025/5/10 23:55,1,2025/5/10 19:18,NULL
932866,25051077553235,231561881,1,已付款,2025/5/10 19:02,1746838416714,6.92,2,17d4ce1e68247e20b48538fc3d6e70f9-~1746838416714-~231561881,app-ios,166.65,0,待定,2025/5/10 19:02,2025/5/10 23:55,1,2025/5/10 19:19,NULL
932931,25051072790425,231561881,1,已付款,2025/5/10 19:03,1746847457554,2.24,2,17d4ce1e68247e20b48538fc3d6e70f9-~1746847457554-~231561881,app-ios,74.83,0,待定,2025/5/10 19:03,2025/5/10 23:55,1,2025/5/10 19:19,NULL
935301,25051089344652,233502029,1,已付款,2025/5/10 19:00,1746873741788,0.59,2,dd391ccef6b13960d42d394c8934fc97-~1746873741788-~233502029,app-android,13.39,0,待定,2025/5/10 19:06,2025/5/10 23:55,1,2025/5/10 19:17,NULL
935303,25051089390952,231561881,1,已付款,2025/5/10 19:01,1746838416714,17.08,2,17d4ce1e68247e20b48538fc3d6e70f9-~1746838416714-~231561881,app-ios,244,0,待定,2025/5/10 19:06,2025/5/10 23:55,1,2025/5/10 19:18,NULL
935304,25051090634245,233498046,0,已失效,2025/5/10 19:02,1746829570812,6.2,2,17d4ce1e68247e20b48538fc3d6e70f9-~1746829570812-~233498046,app-ios,123.96,0,待定,2025/5/10 19:06,2025/5/10 23:55,1,2025/5/10 19:19,NULL
935306,25051090697345,233460954,0,已失效,2025/5/10 19:01,1746834987244,10.6,2,dd391ccef6b13960d42d394c8934fc97-~1746834987244-~233460954,app-android,270.37,0,待定,2025/5/10 19:06,2025/5/10 23:55,1,2025/5/10 19:18,NULL
935307,25051089371552,233762542,1,已付款,2025/5/10 19:01,1746848116066,2.3,2,17d4ce1e68247e20b48538fc3d6e70f9-~1746848116066-~233762542,app-ios,76.79,0,待定,2025/5/10 19:06,2025/5/10 23:55,1,2025/5/10 19:18,NULL
935414,25051090960445,231561881,1,已付款,2025/5/10 19:07,1746874113924,7.38,2,17d4ce1e68247e20b48538fc3d6e70f9-~1746874113924-~231561881,app-ios,246,0,待定,2025/5/10 19:07,2025/5/10 23:55,1,2025/5/10 19:24,NULL
935470,25051016639412,233460954,1,已付款,2025/5/10 19:07,1746874960423,6.09,2,dd391ccef6b13960d42d394c8934fc97-~1746874960423-~233460954,app-android,87,0,待定,2025/5/10 19:07,2025/5/10 23:55,1,2025/5/10 19:24,NULL
935577,25051081756275,234061612,1,已付款,2025/5/10 19:07,1746841848668,0,2,17d4ce1e68247e20b48538fc3d6e70f9-~1746841848668-~234061612,app-ios,54.65,1,/,2025/5/10 19:07,2025/5/10 23:55,0,NULL,NULL
935720,25051016979612,231576604,1,已付款,2025/5/10 19:08,1746790771097,81.44,2,dd391ccef6b13960d42d394c8934fc97-~1746790771097-~231576604,app-android,1018,0,待定,2025/5/10 19:08,2025/5/10 23:55,1,2025/5/10 19:25,NULL
937205,25051073002525,233502003,1,已付款,2025/5/10 19:10,1746793339226,5.74,2,17d4ce1e68247e20b48538fc3d6e70f9-~1746793339226-~233502003,app-ios,82,0,待定,2025/5/10 19:11,2025/5/10 23:55,1,2025/5/10 19:27,NULL
937914,25051089630252,231561881,1,已付款,2025/5/10 19:07,1746865748166,7.6,2,17d4ce1e68247e20b48538fc3d6e70f9-~1746865748166-~231561881,app-ios,95,0,待定,2025/5/10 19:11,2025/5/10 23:55,1,2025/5/10 19:24,NULL
937915,25051008125580,233460954,0,已失效,2025/5/10 19:06,1746874960423,7.11,2,dd391ccef6b13960d42d394c8934fc97-~1746874960423-~233460954,app-android,291,0,待定,2025/5/10 19:11,2025/5/10 23:55,1,2025/5/10 19:23,NULL
937919,25051005096809,233460954,1,已付款,2025/5/10 19:07,1746874960423,1.02,2,dd391ccef6b13960d42d394c8934fc97-~1746874960423-~233460954,app-android,204,0,待定,2025/5/10 19:11,2025/5/10 23:55,1,2025/5/10 19:24,NULL
937927,25051007998980,234061612,1,已付款,2025/5/10 19:09,1746867379924,3.73,2,17d4ce1e68247e20b48538fc3d6e70f9-~1746867379924-~234061612,app-ios,105.35,0,待定,2025/5/10 19:11,2025/5/10 23:55,1,2025/5/10 19:26,NULL
937928,25051089616452,233460954,1,已付款,2025/5/10 19:06,1746834987244,10.6,2,dd391ccef6b13960d42d394c8934fc97-~1746834987244-~233460954,app-android,270.37,0,待定,2025/5/10 19:11,2025/5/10 23:55,1,2025/5/10 19:23,NULL
937929,25051077805635,233498054,1,已付款,2025/5/10 19:07,1746873707554,14.52,2,dd391ccef6b13960d42d394c8934fc97-~1746873707554-~233498054,app-android,188.55,0,待定,2025/5/10 19:11,2025/5/10 23:55,1,2025/5/10 19:29,NULL
937930,25051077453635,231576604,1,已付款,2025/5/10 19:06,1746844440377,1.04,2,dd391ccef6b13960d42d394c8934fc97-~1746844440377-~231576604,app-android,34.54,0,待定,2025/5/10 19:11,2025/5/10 23:55,1,2025/5/10 19:23,NULL
938008,25051073028625,233502003,1,已付款,2025/5/10 19:11,1746855472071,0,2,17d4ce1e68247e20b48538fc3d6e70f9-~1746855472071-~233502003,app-ios,33.3,1,/,2025/5/10 19:11,2025/5/10 23:55,0,NULL,NULL
938009,25051073021425,233502003,1,已付款,2025/5/10 19:11,1746853799093,0.13,2,17d4ce1e68247e20b48538fc3d6e70f9-~1746853799093-~233502003,app-ios,26.42,0,待定,2025/5/10 19:11,2025/5/10 23:55,1,2025/5/10 19:28,NULL
938186,25051072966325,233502003,1,已付款,2025/5/10 19:12,1746802961616,1.89,2,17d4ce1e68247e20b48538fc3d6e70f9-~1746802961616-~233502003,app-ios,62.9,0,待定,2025/5/10 19:12,2025/5/10 23:55,1,2025/5/10 19:29,NULL
938246,25051016912412,233502029,1,已付款,2025/5/10 19:09,1746853512818,0.3,2,dd391ccef6b13960d42d394c8934fc97-~1746853512818-~233502029,app-android,60,0,待定,2025/5/10 19:13,2025/5/10 23:55,1,2025/5/10 19:26,NULL
938429,25051077752335,233762542,1,已付款,2025/5/10 19:13,1746873914108,0.52,2,17d4ce1e68247e20b48538fc3d6e70f9-~1746873914108-~233762542,app-ios,22.29,0,待定,2025/5/10 19:13,2025/5/10 23:55,1,2025/5/10 19:30,NULL
938447,25051008327580,231576604,1,已付款,2025/5/10 19:14,1746875508601,4.69,2,dd391ccef6b13960d42d394c8934fc97-~1746875508601-~231576604,app-android,67,0,待定,2025/5/10 19:14,2025/5/10 23:55,1,2025/5/10 19:31,NULL
939410,25051091083645,233762582,0,已失效,2025/5/10 19:15,1746875524961,0.41,2,dd391ccef6b13960d42d394c8934fc97-~1746875524961-~233762582,app-android,82.34,0,待定,2025/5/10 19:15,2025/5/10 23:55,1,2025/5/10 19:32,NULL
939449,25051089768152,233762582,1,已付款,2025/5/10 19:15,1746875524961,0.23,2,dd391ccef6b13960d42d394c8934fc97-~1746875524961-~233762582,app-android,45.85,0,待定,2025/5/10 19:15,2025/5/10 23:55,1,2025/5/10 19:32,NULL
939482,25051091089745,233762582,1,已付款,2025/5/10 19:15,1746875524961,0.18,2,dd391ccef6b13960d42d394c8934fc97-~1746875524961-~233762582,app-android,36.49,0,待定,2025/5/10 19:15,2025/5/10 23:55,1,2025/5/10 19:32,NULL
940878,25051082340575,231561881,1,已付款,2025/5/10 19:17,1746875580031,5.6,2,17d4ce1e68247e20b48538fc3d6e70f9-~1746875580031-~231561881,app-ios,112,0,待定,2025/5/10 19:17,2025/5/10 23:55,1,2025/5/10 19:34,NULL
941094,25051089747452,231576604,1,已付款,2025/5/10 19:18,1746873600567,2.48,2,dd391ccef6b13960d42d394c8934fc97-~1746873600567-~231576604,app-android,101.25,0,待定,2025/5/10 19:18,2025/5/10 23:55,1,2025/5/10 23:28,NULL
941124,25051089744952,231561881,1,已付款,2025/5/10 19:18,1746838744246,0,2,17d4ce1e68247e20b48538fc3d6e70f9-~1746838744246-~231561881,app-ios,51,1,/,2025/5/10 19:18,2025/5/10 23:55,0,NULL,NULL
941136,25051090969045,233476754,1,已付款,2025/5/10 19:18,1746870070379,0.18,2,17d4ce1e68247e20b48538fc3d6e70f9-~1746870070379-~233476754,app-ios,36.8,0,待定,2025/5/10 19:18,2025/5/10 23:55,1,2025/5/10 19:35,NULL
943202,25051005149709,233502003,0,已失效,2025/5/10 19:20,1746794906590,8.83,2,17d4ce1e68247e20b48538fc3d6e70f9-~1746794906590-~233502003,app-ios,176.59,0,待定,2025/5/10 19:21,2025/5/10 23:55,1,2025/5/10 19:37,NULL
943417,25051005720266,231561881,1,已付款,2025/5/10 19:17,1746851904619,20.17,2,17d4ce1e68247e20b48538fc3d6e70f9-~1746851904619-~231561881,app-ios,451.65,0,待定,2025/5/10 19:21,2025/5/10 23:55,1,2025/5/10 19:34,NULL
943418,25051091005545,233502003,1,已付款,2025/5/10 19:19,1746842422240,11.09,2,17d4ce1e68247e20b48538fc3d6e70f9-~1746842422240-~233502003,app-ios,369.45,0,待定,2025/5/10 19:21,2025/5/10 23:55,1,2025/5/10 19:36,NULL
943427,25051006071366,233502029,1,已付款,2025/5/10 19:19,1746835257235,23.66,2,dd391ccef6b13960d42d394c8934fc97-~1746835257235-~233502029,app-android,315.41,0,待定,2025/5/10 19:21,2025/5/10 23:55,1,2025/5/10 19:36,NULL
943433,25051089768452,233502003,1,已付款,2025/5/10 19:15,1746875418565,1.36,2,17d4ce1e68247e20b48538fc3d6e70f9-~1746875418565-~233502003,app-ios,136,0,待定,2025/5/10 19:21,2025/5/10 23:55,1,2025/5/10 19:32,NULL
943441,25051008240480,233762542,1,已付款,2025/5/10 19:18,1746857256304,0.7,2,17d4ce1e68247e20b48538fc3d6e70f9-~1746857256304-~233762542,app-ios,140,0,待定,2025/5/10 19:21,2025/5/10 23:55,1,2025/5/10 19:35,NULL
943442,25051089787552,233762542,1,已付款,2025/5/10 19:16,1746874923804,0.18,2,17d4ce1e68247e20b48538fc3d6e70f9-~1746874923804-~233762542,app-ios,36.99,0,待定,2025/5/10 19:21,2025/5/10 23:55,1,2025/5/10 19:33,NULL
943443,25051017182912,231576604,1,已付款,2025/5/10 19:15,1746875508601,3.36,2,dd391ccef6b13960d42d394c8934fc97-~1746875508601-~231576604,app-android,48,0,待定,2025/5/10 19:21,2025/5/10 23:55,1,2025/5/10 19:32,NULL
943474,25051082162075,233502029,1,已付款,2025/5/10 19:21,1746875769359,1.36,2,dd391ccef6b13960d42d394c8934fc97-~1746875769359-~233502029,app-android,136,0,待定,2025/5/10 19:21,2025/5/10 23:55,1,2025/5/10 19:38,NULL
943484,25051091368345,231576604,1,已付款,2025/5/10 19:21,1746800316630,0.05,2,dd391ccef6b13960d42d394c8934fc97-~1746800316630-~231576604,app-android,4.8,0,待定,2025/5/10 19:21,2025/5/10 23:55,1,2025/5/10 19:38,NULL
943717,25051078222835,233502003,0,已失效,2025/5/10 19:22,1746875821297,33.3,2,17d4ce1e68247e20b48538fc3d6e70f9-~1746875821297-~233502003,app-ios,1109.71,0,待定,2025/5/10 19:22,2025/5/10 23:55,1,2025/5/10 19:39,NULL
943752,25051091305245,233502003,1,已付款,2025/5/10 19:23,1746875821297,6.63,2,17d4ce1e68247e20b48538fc3d6e70f9-~1746875821297-~233502003,app-ios,220.94,0,待定,2025/5/10 19:23,2025/5/10 23:55,1,2025/5/10 19:40,NULL
943809,25051008484180,233502003,1,已付款,2025/5/10 19:23,1746875821297,6.93,2,17d4ce1e68247e20b48538fc3d6e70f9-~1746875821297-~233502003,app-ios,230.94,0,待定,2025/5/10 19:23,2025/5/10 23:55,1,2025/5/10 19:40,NULL
943837,25051008484080,233502003,1,已付款,2025/5/10 19:23,1746875821297,7.11,2,17d4ce1e68247e20b48538fc3d6e70f9-~1746875821297-~233502003,app-ios,236.94,0,待定,2025/5/10 19:23,2025/5/10 23:55,1,2025/5/10 19:40,NULL
943844,25051082199375,233502003,1,已付款,2025/5/10 19:23,1746875821297,6.57,2,17d4ce1e68247e20b48538fc3d6e70f9-~1746875821297-~233502003,app-ios,218.94,0,待定,2025/5/10 19:23,2025/5/10 23:55,1,2025/5/10 19:40,NULL
943900,25051005998966,233502029,1,已付款,2025/5/10 19:23,1746874710660,5.28,2,dd391ccef6b13960d42d394c8934fc97-~1746874710660-~233502029,app-android,88,0,待定,2025/5/10 19:23,2025/5/10 23:55,1,2025/5/10 19:40,NULL
944046,25051078171935,234093274,1,已付款,2025/5/10 19:24,1746875566893,2.5,5,17d4ce1e68247e20b48538fc3d6e70f9-~1746875566893-~234093274,app-ios,30,0,待定,2025/5/10 19:25,2025/5/10 23:55,1,2025/5/10 19:41,NULL
944657,25051017349712,231576604,1,已付款,2025/5/10 19:25,1746875887947,0.44,2,dd391ccef6b13960d42d394c8934fc97-~1746875887947-~231576604,app-android,87,0,待定,2025/5/10 19:25,2025/5/10 23:59,1,2025/5/11 0:09,NULL
946102,25051090016552,231576604,0,已失效,2025/5/10 19:21,1746790643191,21.05,2,dd391ccef6b13960d42d394c8934fc97-~1746790643191-~231576604,app-android,251.7,0,待定,2025/5/10 19:26,2025/5/10 23:55,1,2025/5/10 19:38,NULL
946107,25051082555975,233762582,1,已付款,2025/5/10 19:24,1746835532613,1.67,2,dd391ccef6b13960d42d394c8934fc97-~1746835532613-~233762582,app-android,16.7,0,待定,2025/5/10 19:26,2025/5/10 23:55,1,2025/5/10 19:41,NULL
946116,25051089980452,233502003,1,已付款,2025/5/10 19:23,1746875821297,6.06,2,17d4ce1e68247e20b48538fc3d6e70f9-~1746875821297-~233502003,app-ios,201.94,0,待定,2025/5/10 19:26,2025/5/10 23:55,1,2025/5/10 19:40,NULL
946135,25051006279166,231561881,0,已失效,2025/5/10 19:26,1746794614783,0,2,17d4ce1e68247e20b48538fc3d6e70f9-~1746794614783-~231561881,app-ios,113,1,/,2025/5/10 19:26,2025/5/10 23:55,0,NULL,NULL
946547,25051008657980,231576604,1,已付款,2025/5/10 19:28,1746790643191,1.37,2,dd391ccef6b13960d42d394c8934fc97-~1746790643191-~231576604,app-android,54.86,0,待定,2025/5/10 19:28,2025/5/10 23:55,1,2025/5/10 19:45,NULL
946586,25051006239766,231576604,1,已付款,2025/5/10 19:28,1746846597500,0.37,2,dd391ccef6b13960d42d394c8934fc97-~1746846597500-~231576604,app-android,37,0,待定,2025/5/10 19:28,2025/5/10 23:55,1,2025/5/10 19:45,NULL
946679,25051017237912,231576604,1,已付款,2025/5/10 19:28,1746790643191,6.56,2,dd391ccef6b13960d42d394c8934fc97-~1746790643191-~231576604,app-android,65.62,0,待定,2025/5/10 19:29,2025/5/10 23:55,1,2025/5/10 19:45,NULL
946758,25051082378075,231576604,0,已失效,2025/5/10 19:29,1746805028393,22.07,2,dd391ccef6b13960d42d394c8934fc97-~1746805028393-~231576604,app-android,318,0,待定,2025/5/10 19:29,2025/5/10 23:59,1,NULL,NULL
946960,25051008689080,231576604,1,已付款,2025/5/10 19:29,1746805028393,3.28,2,dd391ccef6b13960d42d394c8934fc97-~1746805028393-~231576604,app-android,109.28,0,待定,2025/5/10 19:30,2025/5/10 23:59,1,NULL,NULL
947011,25051084877775,231561881,1,已付款,2025/5/10 19:28,1746574282056,2.42,2,17d4ce1e68247e20b48538fc3d6e70f9-~1746574282056-~231561881,app-ios,80.65,0,待定,2025/5/10 19:30,2025/5/10 23:55,1,2025/5/10 19:45,NULL
947640,25051006196666,231561881,0,已失效,2025/5/10 19:30,1746875665499,26.4,2,17d4ce1e68247e20b48538fc3d6e70f9-~1746875665499-~231561881,app-ios,880,0,待定,2025/5/10 19:30,2025/5/10 23:55,1,2025/5/10 19:47,NULL
947682,25051005650609,233498054,1,已付款,2025/5/10 19:30,1746873999921,0,2,dd391ccef6b13960d42d394c8934fc97-~1746873999921-~233498054,app-android,144.98,1,/,2025/5/10 19:30,2025/5/10 23:55,0,NULL,NULL
948882,25051082457775,231576604,1,已付款,2025/5/10 19:28,1746790643191,6.56,2,dd391ccef6b13960d42d394c8934fc97-~1746790643191-~231576604,app-android,65.61,0,待定,2025/5/10 19:31,2025/5/10 23:55,1,2025/5/10 19:45,NULL
948886,25051070449325,231576604,1,已付款,2025/5/10 19:28,1746790643191,6.56,2,dd391ccef6b13960d42d394c8934fc97-~1746790643191-~231576604,app-android,65.61,0,待定,2025/5/10 19:31,2025/5/10 23:55,1,2025/5/10 19:45,NULL
948887,25051070432525,234093274,1,已付款,2025/5/10 19:28,1746874021864,1.08,5,17d4ce1e68247e20b48538fc3d6e70f9-~1746874021864-~234093274,app-ios,41,0,待定,2025/5/10 19:31,2025/5/10 23:55,1,2025/5/10 19:44,NULL
948890,25051008382380,231561881,1,已付款,2025/5/10 19:26,1746794614783,0,2,17d4ce1e68247e20b48538fc3d6e70f9-~1746794614783-~231561881,app-ios,64,1,/,2025/5/10 19:31,2025/5/10 23:55,0,NULL,NULL
948891,25051086991052,233502029,1,已付款,2025/5/10 19:26,1746876183185,1.05,2,dd391ccef6b13960d42d394c8934fc97-~1746876183185-~233502029,app-android,31.13,0,待定,2025/5/10 19:31,2025/5/10 23:55,1,2025/5/10 19:43,NULL
948911,25051006177766,231576604,1,已付款,2025/5/10 19:29,1746805028393,18.79,2,dd391ccef6b13960d42d394c8934fc97-~1746805028393-~231576604,app-android,208.72,0,待定,2025/5/10 19:31,2025/5/10 23:59,1,NULL,NULL
948914,25051091571845,231576604,1,已付款,2025/5/10 19:29,1746802760089,18.54,2,dd391ccef6b13960d42d394c8934fc97-~1746802760089-~231576604,app-android,309,0,待定,2025/5/10 19:31,2025/5/10 23:55,1,2025/5/10 19:46,NULL
948923,25051078068035,233502003,1,已付款,2025/5/10 19:28,1746874623541,11.75,2,17d4ce1e68247e20b48538fc3d6e70f9-~1746874623541-~233502003,app-ios,1175,0,待定,2025/5/10 19:31,2025/5/10 23:55,1,2025/5/10 19:45,NULL
948927,25051005336609,231561881,1,已付款,2025/5/10 19:26,1746794614783,0,2,17d4ce1e68247e20b48538fc3d6e70f9-~1746794614783-~231561881,app-ios,49,1,/,2025/5/10 19:31,2025/5/10 23:55,0,NULL,NULL
949374,25051091399545,231576604,0,已失效,2025/5/10 19:33,1746809874976,18.59,2,dd391ccef6b13960d42d394c8934fc97-~1746809874976-~231576604,app-android,285.09,0,待定,2025/5/10 19:33,2025/5/10 23:55,1,2025/5/10 19:50,NULL
949581,25051086837752,233502003,1,已付款,2025/5/10 19:31,1746863366909,0.27,2,17d4ce1e68247e20b48538fc3d6e70f9-~1746863366909-~233502003,app-ios,26.6,0,待定,2025/5/10 19:34,2025/5/10 23:55,1,2025/5/10 19:48,NULL
951736,25051082745475,231576604,0,已失效,2025/5/10 19:31,1746875887947,7.78,2,dd391ccef6b13960d42d394c8934fc97-~1746875887947-~231576604,app-android,96,0,待定,2025/5/10 19:36,2025/5/10 23:59,1,2025/5/11 0:09,NULL
952011,25051008816180,233502029,1,已下单,2025/5/10 19:37,1746835442253,19.47,2,dd391ccef6b13960d42d394c8934fc97-~1746835442253-~233502029,app-android,649,0,待定,2025/5/10 19:37,2025/5/10 23:55,1,2025/5/10 19:54,NULL
952193,25051017438712,233498054,1,已付款,2025/5/10 19:35,1746871307347,43.1,2,dd391ccef6b13960d42d394c8934fc97-~1746871307347-~233498054,app-ios,785.57,0,待定,2025/5/10 19:38,2025/5/10 23:55,1,2025/5/10 19:52,NULL
953641,25051082608575,231576604,1,已付款,2025/5/10 19:37,1746848627216,0.27,2,dd391ccef6b13960d42d394c8934fc97-~1746848627216-~231576604,app-android,26.9,0,待定,2025/5/10 19:41,2025/5/10 23:55,1,2025/5/10 19:54,NULL
954415,25051070593325,233498054,1,已付款,2025/5/10 19:36,1746871307347,12.93,2,dd391ccef6b13960d42d394c8934fc97-~1746871307347-~233498054,app-ios,431,0,待定,2025/5/10 19:41,2025/5/10 23:55,1,2025/5/10 19:53,NULL
954431,25051088375945,233460954,1,已付款,2025/5/10 19:38,1746800984574,3.35,2,dd391ccef6b13960d42d394c8934fc97-~1746800984574-~233460954,app-android,111.7,0,待定,2025/5/10 19:41,2025/5/10 23:55,1,2025/5/10 19:55,NULL
954448,25051070587525,233502029,1,已付款,2025/5/10 19:36,1746875300091,4.89,2,dd391ccef6b13960d42d394c8934fc97-~1746875300091-~233502029,app-android,97.7,0,待定,2025/5/10 19:41,2025/5/10 23:59,1,NULL,NULL
954528,25051088671445,231576604,1,已付款,2025/5/10 19:41,1746870369859,0.54,5,dd391ccef6b13960d42d394c8934fc97-~1746870369859-~231576604,app-android,59,0,待定,2025/5/10 19:41,2025/5/10 23:55,1,2025/5/10 19:58,NULL
954677,25051003364766,231576604,1,已下单,2025/5/10 19:42,1746871404045,11.9,2,dd391ccef6b13960d42d394c8934fc97-~1746871404045-~231576604,app-android,170,0,待定,2025/5/10 19:42,2025/5/10 23:55,1,2025/5/10 19:59,NULL
955951,25051088582845,231561881,0,已失效,2025/5/10 19:45,1746875665499,38.16,2,17d4ce1e68247e20b48538fc3d6e70f9-~1746875665499-~231561881,app-ios,1272,0,待定,2025/5/10 19:45,2025/5/10 23:55,1,2025/5/10 20:02,NULL
957245,25051005744109,231561881,1,已付款,2025/5/10 19:40,1746790499465,0,2,17d4ce1e68247e20b48538fc3d6e70f9-~1746790499465-~231561881,app-ios,31,1,/,2025/5/10 19:46,2025/5/10 23:55,0,NULL,NULL
957262,25051006060009,233460954,1,已付款,2025/5/10 19:44,1746806894931,3.09,2,dd391ccef6b13960d42d394c8934fc97-~1746806894931-~233460954,app-android,30.9,0,待定,2025/5/10 19:46,2025/5/10 23:55,1,2025/5/10 20:01,NULL
957291,25051075238435,233498054,1,已付款,2025/5/10 19:43,1746855951914,0,2,dd391ccef6b13960d42d394c8934fc97-~1746855951914-~233498054,app-android,2,1,/,2025/5/10 19:46,2025/5/10 23:55,0,NULL,NULL
957297,25051088698945,231561881,1,已付款,2025/5/10 19:42,1746790499465,0,2,17d4ce1e68247e20b48538fc3d6e70f9-~1746790499465-~231561881,app-ios,35.69,1,/,2025/5/10 19:46,2025/5/10 23:55,0,NULL,NULL
957301,25051017994912,233498054,1,已付款,2025/5/10 19:44,1746867194790,1.51,2,dd391ccef6b13960d42d394c8934fc97-~1746867194790-~233498054,app-android,50.46,0,待定,2025/5/10 19:46,2025/5/10 23:55,1,2025/5/10 20:01,NULL
957647,25051088555545,233762542,0,已失效,2025/5/10 19:47,1746875052880,6.4,2,17d4ce1e68247e20b48538fc3d6e70f9-~1746875052880-~233762542,app-ios,128.02,0,待定,2025/5/10 19:48,2025/5/10 23:55,1,2025/5/10 20:04,NULL
957681,25051083140275,231561881,1,已付款,2025/5/10 19:44,1746790499465,0,2,17d4ce1e68247e20b48538fc3d6e70f9-~1746790499465-~231561881,app-ios,136,1,/,2025/5/10 19:48,2025/5/10 23:55,0,NULL,NULL
957845,25051003563866,231576604,1,已付款,2025/5/10 19:49,1746868451025,1.51,2,dd391ccef6b13960d42d394c8934fc97-~1746868451025-~231576604,app-android,50.2,0,待定,2025/5/10 19:49,2025/5/10 23:55,1,2025/5/10 20:06,NULL
960087,25051088531245,231576604,1,已付款,2025/5/10 19:47,1746875887947,8.59,2,dd391ccef6b13960d42d394c8934fc97-~1746875887947-~231576604,app-android,106,0,待定,2025/5/10 19:51,2025/5/10 23:59,1,2025/5/11 0:09,NULL
960114,25051017923912,233502003,1,已付款,2025/5/10 19:45,1746835122765,2.88,2,17d4ce1e68247e20b48538fc3d6e70f9-~1746835122765-~233502003,app-ios,96,0,待定,2025/5/10 19:51,2025/5/10 23:55,1,2025/5/10 20:02,NULL
960132,25051087274052,231561881,1,已付款,2025/5/10 19:46,1746801400306,4.5,2,17d4ce1e68247e20b48538fc3d6e70f9-~1746801400306-~231561881,app-ios,89.97,0,待定,2025/5/10 19:51,2025/5/10 23:55,1,2025/5/10 20:03,NULL
960143,25051088526145,231576604,0,已失效,2025/5/10 19:46,1746846662437,0.54,2,dd391ccef6b13960d42d394c8934fc97-~1746846662437-~231576604,app-android,108,0,待定,2025/5/10 19:51,2025/5/10 23:55,1,2025/5/10 20:03,NULL
960376,25051009259580,233460954,1,已付款,2025/5/10 19:52,1746799185853,0,2,dd391ccef6b13960d42d394c8934fc97-~1746799185853-~233460954,app-android,48,1,/,2025/5/10 19:52,2025/5/10 23:55,0,NULL,NULL
960438,25051003461266,233460954,1,已付款,2025/5/10 19:52,1746799185853,0,2,dd391ccef6b13960d42d394c8934fc97-~1746799185853-~233460954,app-android,169.89,1,/,2025/5/10 19:52,2025/5/10 23:55,0,NULL,NULL
960788,25051075661435,231561881,1,已付款,2025/5/10 19:54,1746838728786,0.87,2,17d4ce1e68247e20b48538fc3d6e70f9-~1746838728786-~231561881,app-ios,87,0,待定,2025/5/10 19:55,2025/5/10 23:55,1,2025/5/10 20:11,NULL
962964,25051002960809,231576604,1,已付款,2025/5/10 19:53,1746826709382,0.07,2,dd391ccef6b13960d42d394c8934fc97-~1746826709382-~231576604,app-android,1,0,待定,2025/5/10 19:56,2025/5/10 23:55,1,2025/5/10 20:10,NULL
962973,25051089968552,231576604,1,已付款,2025/5/10 19:53,1746543324919,5.39,2,dd391ccef6b13960d42d394c8934fc97-~1746543324919-~231576604,app-android,77,0,待定,2025/5/10 19:56,2025/5/10 23:55,1,2025/5/10 20:10,NULL
962980,25051075780935,233762542,1,已付款,2025/5/10 19:51,1746813451211,0,2,17d4ce1e68247e20b48538fc3d6e70f9-~1746813451211-~233762542,app-ios,96.2,1,/,2025/5/10 19:56,2025/5/10 23:55,0,NULL,NULL
963007,25051088721345,231561881,1,已付款,2025/5/10 19:53,1746855337792,0,2,17d4ce1e68247e20b48538fc3d6e70f9-~1746855337792-~231561881,app-ios,115,1,/,2025/5/10 19:56,2025/5/10 23:55,0,NULL,NULL
965751,25051083219175,234061612,0,已失效,2025/5/10 19:57,1746877393907,1.96,2,17d4ce1e68247e20b48538fc3d6e70f9-~1746877393907-~234061612,app-ios,65.43,0,待定,2025/5/10 20:01,2025/5/10 23:55,1,2025/5/10 20:14,NULL
965789,25051087706752,231576604,1,已付款,2025/5/10 19:57,1746846597500,4.2,2,dd391ccef6b13960d42d394c8934fc97-~1746846597500-~231576604,app-android,140,0,待定,2025/5/10 20:01,2025/5/10 23:55,1,2025/5/10 20:14,NULL
965926,25051075892635,233502029,1,已付款,2025/5/10 20:02,1746855600518,0,2,dd391ccef6b13960d42d394c8934fc97-~1746855600518-~233502029,app-android,567,1,/,2025/5/10 20:02,2025/5/10 23:55,0,NULL,NULL
968674,25051006122380,233502003,1,已付款,2025/5/10 20:00,1746877921335,3.54,2,17d4ce1e68247e20b48538fc3d6e70f9-~1746877921335-~233502003,app-ios,27.22,0,待定,2025/5/10 20:06,2025/5/10 23:55,1,2025/5/10 20:17,NULL
968805,25051080432475,231576604,1,已付款,2025/5/10 20:06,1746806112961,16.39,2,dd391ccef6b13960d42d394c8934fc97-~1746806112961-~231576604,app-android,243,0,待定,2025/5/10 20:07,2025/5/10 23:55,1,2025/5/10 20:23,NULL
968978,25051080371775,231576604,1,已付款,2025/5/10 20:08,1746833312473,0.09,2,dd391ccef6b13960d42d394c8934fc97-~1746833312473-~231576604,app-android,1.23,0,待定,2025/5/10 20:08,2025/5/10 23:55,1,2025/5/10 20:25,NULL
969770,25051076055135,231576604,1,已付款,2025/5/10 20:10,1746878749139,1.65,2,dd391ccef6b13960d42d394c8934fc97-~1746878749139-~231576604,app-android,55,0,待定,2025/5/10 20:10,2025/5/10 23:55,1,2025/5/10 20:27,NULL
971463,25051006635980,231561881,1,已付款,2025/5/10 20:10,1746878199122,12.28,2,17d4ce1e68247e20b48538fc3d6e70f9-~1746878199122-~231561881,app-ios,175.43,0,待定,2025/5/10 20:11,2025/5/10 23:55,1,2025/5/10 20:27,NULL
971564,25051076193035,231561881,1,已付款,2025/5/10 20:05,1746791537992,0,2,17d4ce1e68247e20b48538fc3d6e70f9-~1746791537992-~231561881,app-ios,305,1,/,2025/5/10 20:11,2025/5/10 23:55,0,NULL,NULL
971568,25051003347909,234061612,1,已付款,2025/5/10 20:05,1746877393907,1.89,2,17d4ce1e68247e20b48538fc3d6e70f9-~1746877393907-~234061612,支付宝小程序,62.93,0,待定,2025/5/10 20:11,2025/5/10 23:55,1,2025/5/10 20:22,NULL
971570,25051071347425,233762542,0,已失效,2025/5/10 20:08,1746863860323,5.88,2,17d4ce1e68247e20b48538fc3d6e70f9-~1746863860323-~233762542,app-ios,196,0,待定,2025/5/10 20:11,2025/5/10 23:55,1,2025/5/10 20:25,NULL
971791,25051006513180,234093274,1,已付款,2025/5/10 20:12,1746877433281,0.01,2,17d4ce1e68247e20b48538fc3d6e70f9-~1746877433281-~234093274,支付宝小程序,1,0,待定,2025/5/10 20:13,2025/5/10 23:55,1,2025/5/10 20:29,NULL
971925,25051076354935,233502029,1,已付款,2025/5/10 20:13,1746855600518,0,2,dd391ccef6b13960d42d394c8934fc97-~1746855600518-~233502029,app-android,379,1,/,2025/5/10 20:13,2025/5/10 23:55,0,NULL,NULL
971932,25051071513525,234061612,1,已下单,2025/5/10 20:13,1746877393907,2.07,2,17d4ce1e68247e20b48538fc3d6e70f9-~1746877393907-~234061612,app-ios,68.9,0,待定,2025/5/10 20:13,2025/5/10 23:55,1,2025/5/10 20:30,NULL
972909,25051088398652,234061612,1,已付款,2025/5/10 20:15,1746877393907,2.46,2,17d4ce1e68247e20b48538fc3d6e70f9-~1746877393907-~234061612,app-ios,82,0,待定,2025/5/10 20:15,2025/5/10 23:55,1,2025/5/10 20:32,NULL
972990,25051015388812,231576604,1,已付款,2025/5/10 20:15,1746827161638,0,2,dd391ccef6b13960d42d394c8934fc97-~1746827161638-~231576604,app-android,290.91,1,/,2025/5/10 20:15,2025/5/10 23:55,0,NULL,NULL
974376,25051089462145,233762542,1,已付款,2025/5/10 20:10,1746840242090,6.05,2,17d4ce1e68247e20b48538fc3d6e70f9-~1746840242090-~233762542,app-ios,121,0,待定,2025/5/10 20:16,2025/5/10 23:55,1,2025/5/10 20:27,NULL
974404,25051080534875,231576604,1,已付款,2025/5/10 20:16,1746834208108,0,2,dd391ccef6b13960d42d394c8934fc97-~1746834208108-~231576604,app-android,494.8,1,/,2025/5/10 20:16,2025/5/10 23:55,0,NULL,NULL
974759,25051088286352,233498046,1,已付款,2025/5/10 20:18,1746877535035,0.78,2,17d4ce1e68247e20b48538fc3d6e70f9-~1746877535035-~233498046,app-ios,30.91,0,待定,2025/5/10 20:18,2025/5/10 23:55,1,2025/5/10 20:35,NULL
974872,25051015695212,231576604,1,已付款,2025/5/10 20:18,1746803752183,0,2,dd391ccef6b13960d42d394c8934fc97-~1746803752183-~231576604,app-android,165.94,0,待定,2025/5/10 20:18,2025/5/10 23:55,0,NULL,NULL
976861,25051089919445,233762542,0,已失效,2025/5/10 20:21,1746863860323,13.56,2,17d4ce1e68247e20b48538fc3d6e70f9-~1746863860323-~233762542,app-ios,452,0,待定,2025/5/10 20:21,2025/5/10 23:55,1,2025/5/10 20:38,NULL
977288,25051003721509,233498046,1,已付款,2025/5/10 20:19,1746875344048,0,2,17d4ce1e68247e20b48538fc3d6e70f9-~1746875344048-~233498046,app-ios,146,1,/,2025/5/10 20:21,2025/5/10 23:55,0,NULL,NULL
977294,25051003841409,231576604,1,已付款,2025/5/10 20:17,1746876309482,4.74,2,dd391ccef6b13960d42d394c8934fc97-~1746876309482-~231576604,app-android,79,0,待定,2025/5/10 20:21,2025/5/10 23:55,1,2025/5/10 20:34,NULL
977675,25051006964080,233502029,0,已失效,2025/5/10 20:23,1746844922144,79.73,2,dd391ccef6b13960d42d394c8934fc97-~1746844922144-~233502029,app-android,1122.64,0,待定,2025/5/10 20:23,2025/5/10 23:55,1,2025/5/10 20:40,NULL
980020,25051068665625,231561881,1,已付款,2025/5/10 20:26,1746844381512,12.09,2,17d4ce1e68247e20b48538fc3d6e70f9-~1746844381512-~231561881,app-ios,172.75,0,待定,2025/5/10 20:26,2025/5/10 23:55,1,2025/5/10 20:43,NULL
980219,25051004582566,233460954,0,已失效,2025/5/10 20:21,1746878430148,0,2,dd391ccef6b13960d42d394c8934fc97-~1746878430148-~233460954,app-android,28.3,1,/,2025/5/10 20:26,2025/5/10 23:55,0,NULL,NULL
983070,25051068646625,231561881,1,已付款,2025/5/10 20:25,1746877570384,4.6,2,17d4ce1e68247e20b48538fc3d6e70f9-~1746877570384-~231561881,app-ios,460,0,待定,2025/5/10 20:31,2025/5/10 23:55,1,2025/5/10 20:42,NULL
983077,25051085565152,233762582,1,已付款,2025/5/10 20:25,1746810442811,0,2,dd391ccef6b13960d42d394c8934fc97-~1746810442811-~233762582,app-android,36.71,1,/,2025/5/10 20:31,2025/5/10 23:55,0,NULL,NULL
983107,25051004108409,233476754,1,已付款,2025/5/10 20:31,1746859662860,0,2,17d4ce1e68247e20b48538fc3d6e70f9-~1746859662860-~233476754,app-ios,1,1,/,2025/5/10 20:31,2025/5/10 23:55,0,NULL,NULL
983120,25051073678135,231576604,1,已付款,2025/5/10 20:31,1746857370293,2.68,2,dd391ccef6b13960d42d394c8934fc97-~1746857370293-~231576604,app-android,108.87,0,待定,2025/5/10 20:31,2025/5/10 23:55,1,2025/5/10 20:48,NULL
983214,25051085789752,233502029,1,已付款,2025/5/10 20:32,1746860947608,4.41,2,dd391ccef6b13960d42d394c8934fc97-~1746860947608-~233502029,app-android,63,0,待定,2025/5/10 20:32,2025/5/10 23:55,1,2025/5/10 20:49,NULL
983479,25051073640135,233498054,1,已付款,2025/5/10 20:33,1746870016679,0.49,2,dd391ccef6b13960d42d394c8934fc97-~1746870016679-~233498054,app-android,49.04,0,待定,2025/5/10 20:33,2025/5/10 23:55,1,2025/5/10 20:50,NULL
983537,25051081213075,231576604,0,已失效,2025/5/10 20:33,1746874204244,2.03,2,dd391ccef6b13960d42d394c8934fc97-~1746874204244-~231576604,app-android,34,0,待定,2025/5/10 20:33,2025/5/10 23:55,1,2025/5/10 20:50,NULL
983670,25051086981545,231576604,1,已付款,2025/5/10 20:34,1746871634967,4.14,2,dd391ccef6b13960d42d394c8934fc97-~1746871634967-~231576604,app-android,68.99,0,待定,2025/5/10 20:34,2025/5/10 23:55,1,2025/5/10 20:51,NULL
983691,25051007147580,231576604,1,已付款,2025/5/10 20:31,1746807317458,0,2,dd391ccef6b13960d42d394c8934fc97-~1746807317458-~231576604,app-android,125,0,待定,2025/5/10 20:34,2025/5/10 23:55,0,NULL,NULL
986031,25051081318275,233762542,0,已失效,2025/5/10 20:30,1746863860323,13.28,2,17d4ce1e68247e20b48538fc3d6e70f9-~1746863860323-~233762542,app-ios,332,0,待定,2025/5/10 20:36,2025/5/10 23:55,1,2025/5/10 20:47,NULL
986034,25051004142209,231576604,1,已付款,2025/5/10 20:32,1746879125627,0.12,2,dd391ccef6b13960d42d394c8934fc97-~1746879125627-~231576604,app-android,4.06,0,待定,2025/5/10 20:36,2025/5/10 23:55,1,2025/5/10 20:49,NULL
986504,25051007713780,231576604,1,已付款,2025/5/10 20:38,1746861845988,13.11,2,dd391ccef6b13960d42d394c8934fc97-~1746861845988-~231576604,app-android,337.65,0,待定,2025/5/10 20:38,2025/5/10 23:55,1,2025/5/10 20:55,NULL
986532,25051007718380,231576604,0,已失效,2025/5/10 20:38,1746874204244,2.75,2,dd391ccef6b13960d42d394c8934fc97-~1746874204244-~231576604,app-android,60,0,待定,2025/5/10 20:38,2025/5/10 23:55,1,2025/5/10 20:55,NULL
986546,25051073848735,231561881,1,已下单,2025/5/10 20:38,1746804241207,11.83,2,17d4ce1e68247e20b48538fc3d6e70f9-~1746804241207-~231561881,app-ios,169,0,待定,2025/5/10 20:39,2025/5/10 23:55,1,2025/5/10 20:55,NULL
988781,25051074129335,233502029,1,已付款,2025/5/10 20:41,1746844970963,8.27,2,dd391ccef6b13960d42d394c8934fc97-~1746844970963-~233502029,app-android,275.82,0,待定,2025/5/10 20:41,2025/5/10 23:55,1,2025/5/10 20:58,NULL
988994,25051007727080,231576604,1,已付款,2025/5/10 20:38,1746785510051,2.76,2,dd391ccef6b13960d42d394c8934fc97-~1746785510051-~231576604,app-android,92.11,0,待定,2025/5/10 20:41,2025/5/10 23:55,1,2025/5/10 20:55,NULL
988996,25051081477575,233762542,1,已付款,2025/5/10 20:38,1746847821994,0,2,17d4ce1e68247e20b48538fc3d6e70f9-~1746847821994-~233762542,app-ios,180,0,待定,2025/5/10 20:41,2025/5/10 23:55,0,NULL,NULL
989017,25051086909345,233762542,0,已失效,2025/5/10 20:38,1746847821994,0,2,17d4ce1e68247e20b48538fc3d6e70f9-~1746847821994-~233762542,app-ios,179.7,0,待定,2025/5/10 20:41,2025/5/10 23:55,0,NULL,NULL
989065,25051001380409,231561881,0,已失效,2025/5/10 20:41,1746875020792,0,2,17d4ce1e68247e20b48538fc3d6e70f9-~1746875020792-~231561881,app-ios,26,1,/,2025/5/10 20:42,2025/5/10 23:55,0,NULL,NULL
989090,25051001912566,231561881,0,已失效,2025/5/10 20:41,1746875020792,0,2,17d4ce1e68247e20b48538fc3d6e70f9-~1746875020792-~231561881,app-ios,55,1,/,2025/5/10 20:42,2025/5/10 23:55,0,NULL,NULL
991903,25051074167335,231576604,1,已付款,2025/5/10 20:42,1746879831910,2.45,2,dd391ccef6b13960d42d394c8934fc97-~1746879831910-~231576604,app-android,49,0,待定,2025/5/10 20:46,2025/5/10 23:55,1,2025/5/10 20:59,NULL
991904,25051081697575,231576604,1,已付款,2025/5/10 20:41,1746838781661,0,2,dd391ccef6b13960d42d394c8934fc97-~1746838781661-~231576604,app-android,160.76,1,/,2025/5/10 20:46,2025/5/10 23:55,0,NULL,NULL
991919,25051007669380,233762542,0,已失效,2025/5/10 20:40,1746863860323,14.34,2,17d4ce1e68247e20b48538fc3d6e70f9-~1746863860323-~233762542,app-ios,478,0,待定,2025/5/10 20:46,2025/5/10 23:55,1,2025/5/10 20:57,NULL
992213,25051004456180,231576604,1,已付款,2025/5/10 20:47,1746862866355,42.32,2,dd391ccef6b13960d42d394c8934fc97-~1746862866355-~231576604,app-android,529,0,待定,2025/5/10 20:47,2025/5/10 23:55,1,2025/5/10 21:04,NULL
992474,25051002395866,231576604,1,已付款,2025/5/10 20:49,1746874204244,7.79,2,dd391ccef6b13960d42d394c8934fc97-~1746874204244-~231576604,app-android,127,0,待定,2025/5/10 20:49,2025/5/10 23:55,1,2025/5/10 21:06,NULL
992525,25051001445809,233460954,0,已失效,2025/5/10 20:48,1746841051429,0,2,dd391ccef6b13960d42d394c8934fc97-~1746841051429-~233460954,app-android,63.2,1,/,2025/5/10 20:49,2025/5/10 23:55,0,NULL,NULL
993591,25051087666745,231576604,1,已付款,2025/5/10 20:50,1746842626965,0,2,dd391ccef6b13960d42d394c8934fc97-~1746842626965-~231576604,app-android,198.39,1,/,2025/5/10 20:50,2025/5/10 23:55,0,NULL,NULL
996858,25051002012409,231561881,0,已失效,2025/5/10 20:55,1746870442872,0,2,17d4ce1e68247e20b48538fc3d6e70f9-~1746870442872-~231561881,app-ios,139,1,/,2025/5/10 20:56,2025/5/10 23:55,0,NULL,NULL
997978,25051087595945,234061612,1,已付款,2025/5/10 20:51,1746877393907,2.01,2,17d4ce1e68247e20b48538fc3d6e70f9-~1746877393907-~234061612,app-ios,67,0,待定,2025/5/10 20:56,2025/5/10 23:55,1,2025/5/10 21:08,NULL
997983,25051005007176,233498054,1,已下单,2025/5/10 20:54,1746860555512,5.88,2,dd391ccef6b13960d42d394c8934fc97-~1746860555512-~233498054,app-android,84,0,待定,2025/5/10 20:56,2025/5/10 23:55,1,2025/5/10 21:11,NULL
997989,25051074536935,233762542,0,已失效,2025/5/10 20:52,1746863860323,9.64,2,17d4ce1e68247e20b48538fc3d6e70f9-~1746863860323-~233762542,app-ios,241.05,0,待定,2025/5/10 20:56,2025/5/10 23:55,1,2025/5/10 21:09,NULL
998029,25051002263266,233762542,0,已失效,2025/5/10 20:54,1746863860323,4.74,2,17d4ce1e68247e20b48538fc3d6e70f9-~1746863860323-~233762542,app-ios,158,0,待定,2025/5/10 20:56,2025/5/10 23:55,1,2025/5/10 21:11,NULL
998031,25051069762625,231576604,1,已付款,2025/5/10 20:54,1746850776772,2.21,2,dd391ccef6b13960d42d394c8934fc97-~1746850776772-~231576604,app-android,73.63,0,待定,2025/5/10 20:56,2025/5/10 23:55,1,2025/5/10 23:07,NULL
998032,25051069734625,233762542,0,已失效,2025/5/10 20:53,1746863860323,5.61,2,17d4ce1e68247e20b48538fc3d6e70f9-~1746863860323-~233762542,app-ios,187,0,待定,2025/5/10 20:56,2025/5/10 23:55,1,2025/5/10 21:10,NULL
998061,25051002038909,234061612,1,已付款,2025/5/10 20:56,1746860541963,4.56,2,17d4ce1e68247e20b48538fc3d6e70f9-~1746860541963-~234061612,app-ios,152.08,0,待定,2025/5/10 20:57,2025/5/10 23:55,1,2025/5/10 21:13,NULL
998062,25051002041309,231576604,1,已付款,2025/5/10 20:56,1746830228224,0.11,2,dd391ccef6b13960d42d394c8934fc97-~1746830228224-~231576604,app-android,16,0,待定,2025/5/10 20:57,2025/5/10 23:59,1,NULL,NULL
998401,25051004924376,233498046,1,已付款,2025/5/10 20:58,1746868619068,0.62,2,17d4ce1e68247e20b48538fc3d6e70f9-~1746868619068-~233498046,app-ios,123,0,待定,2025/5/10 20:58,2025/5/10 23:55,1,2025/5/10 21:15,NULL
999381,25051002811966,233502029,1,已付款,2025/5/10 21:00,1746844922144,79.02,2,dd391ccef6b13960d42d394c8934fc97-~1746844922144-~233502029,app-android,1112.65,0,待定,2025/5/10 21:00,2025/5/10 23:55,1,2025/5/10 21:17,NULL
1001021,25051074432835,231561881,1,已付款,2025/5/10 20:55,1746870442872,0,2,17d4ce1e68247e20b48538fc3d6e70f9-~1746870442872-~231561881,app-ios,34.3,1,/,2025/5/10 21:01,2025/5/10 23:55,0,NULL,NULL
1001099,25051070235925,231576604,0,已失效,2025/5/10 21:01,1746858871311,0.43,2,dd391ccef6b13960d42d394c8934fc97-~1746858871311-~231576604,app-android,43,0,待定,2025/5/10 21:01,2025/5/10 23:55,1,2025/5/10 21:18,NULL
1001454,25051086716752,231576604,1,已付款,2025/5/10 21:03,1746845206452,0,2,dd391ccef6b13960d42d394c8934fc97-~1746845206452-~231576604,app-android,113,1,/,2025/5/10 21:03,2025/5/10 23:55,0,NULL,NULL
1001577,25051074979835,234093274,0,已失效,2025/5/10 21:04,1746881208075,0.73,2,17d4ce1e68247e20b48538fc3d6e70f9-~1746881208075-~234093274,app-ios,88.2,0,待定,2025/5/10 21:04,2025/5/10 23:55,1,2025/5/10 21:21,NULL
1001662,25051002119709,234093274,1,已付款,2025/5/10 21:04,1746881208075,0.16,2,17d4ce1e68247e20b48538fc3d6e70f9-~1746881208075-~234093274,app-ios,31.44,0,待定,2025/5/10 21:04,2025/5/10 23:55,1,2025/5/10 21:21,NULL
1005259,25051005687676,231576604,1,已付款,2025/5/10 21:10,1746872035560,5.73,2,dd391ccef6b13960d42d394c8934fc97-~1746872035560-~231576604,app-android,38.2,0,待定,2025/5/10 21:10,2025/5/10 23:55,1,2025/5/10 21:27,NULL
1007275,25051074801935,231576604,1,已付款,2025/5/10 21:07,1746858871311,0.3,2,dd391ccef6b13960d42d394c8934fc97-~1746858871311-~231576604,app-android,30.3,0,待定,2025/5/10 21:11,2025/5/10 23:55,1,2025/5/10 21:24,NULL
1007277,25051002376909,231561881,1,已付款,2025/5/10 21:08,1746860158555,0.5,2,17d4ce1e68247e20b48538fc3d6e70f9-~1746860158555-~231561881,app-ios,49.99,0,待定,2025/5/10 21:11,2025/5/10 23:55,1,2025/5/10 21:25,NULL
1007282,25051005465580,231576604,0,已失效,2025/5/10 21:05,1746858871311,0.29,2,dd391ccef6b13960d42d394c8934fc97-~1746858871311-~231576604,app-android,29.4,0,待定,2025/5/10 21:11,2025/5/10 23:55,1,2025/5/10 21:22,NULL
1007284,25051014051212,234093274,1,已付款,2025/5/10 21:04,1746881208075,0.57,2,17d4ce1e68247e20b48538fc3d6e70f9-~1746881208075-~234093274,app-ios,56.76,0,待定,2025/5/10 21:11,2025/5/10 23:55,1,2025/5/10 21:21,NULL
1007286,25051074786635,231576604,1,已付款,2025/5/10 21:07,1746844638191,0,2,dd391ccef6b13960d42d394c8934fc97-~1746844638191-~231576604,app-android,56.99,1,/,2025/5/10 21:11,2025/5/10 23:55,0,NULL,NULL
1007288,25051003018666,233502029,1,已付款,2025/5/10 21:06,1746867260733,0.21,2,dd391ccef6b13960d42d394c8934fc97-~1746867260733-~233502029,app-android,47,0,待定,2025/5/10 21:11,2025/5/10 23:55,1,2025/5/10 21:23,NULL
1007292,25051013960712,233460954,0,已失效,2025/5/10 21:07,1746878285160,4.38,2,dd391ccef6b13960d42d394c8934fc97-~1746878285160-~233460954,app-android,146,0,待定,2025/5/10 21:11,2025/5/10 23:55,1,2025/5/10 21:24,NULL
1007296,25051002961766,233502029,1,已付款,2025/5/10 21:07,1746841948011,6.1,2,dd391ccef6b13960d42d394c8934fc97-~1746841948011-~233502029,app-android,122,0,待定,2025/5/10 21:11,2025/5/10 23:55,1,2025/5/10 21:24,NULL
1010409,25051000175966,233498054,1,已付款,2025/5/10 21:16,1746805285620,0.08,2,dd391ccef6b13960d42d394c8934fc97-~1746805285620-~233498054,app-android,1,0,待定,2025/5/10 21:17,2025/5/10 23:55,1,2025/5/10 21:33,NULL
1010595,25051005870676,231576604,1,已付款,2025/5/10 21:14,1746856011915,2.27,2,dd391ccef6b13960d42d394c8934fc97-~1746856011915-~231576604,app-android,28.4,0,待定,2025/5/10 21:17,2025/5/10 23:55,1,2025/5/10 21:31,NULL
1013523,25051084302652,231576604,1,已付款,2025/5/10 21:22,1746852843868,0,2,dd391ccef6b13960d42d394c8934fc97-~1746852843868-~231576604,app-android,15.7,1,/,2025/5/10 21:22,2025/5/10 23:55,0,NULL,NULL
1015309,25051002982680,233502003,1,已下单,2025/5/10 21:25,1746836347923,11.2,2,17d4ce1e68247e20b48538fc3d6e70f9-~1746836347923-~233502003,app-ios,160,0,待定,2025/5/10 21:26,2025/5/10 23:55,1,2025/5/10 21:42,NULL
1017023,25051038066812,231561881,1,已付款,2025/5/10 21:29,1746803695024,0.23,2,17d4ce1e68247e20b48538fc3d6e70f9-~1746803695024-~231561881,app-ios,46.8,0,待定,2025/5/10 21:29,2025/5/10 23:55,1,2025/5/10 21:46,NULL
1017024,25051002818780,233762542,1,已付款,2025/5/10 21:29,1746835457323,0.1,2,17d4ce1e68247e20b48538fc3d6e70f9-~1746835457323-~233762542,app-ios,19,0,待定,2025/5/10 21:29,2025/5/10 23:55,1,2025/5/10 21:46,NULL
1017104,25051099921908,234093274,1,已付款,2025/5/10 21:29,1746858479270,12.81,2,17d4ce1e68247e20b48538fc3d6e70f9-~1746858479270-~234093274,app-ios,183.04,0,待定,2025/5/10 21:29,2025/5/10 23:55,1,2025/5/10 21:46,NULL
1018728,25051067982325,233502029,1,已付款,2025/5/10 21:27,1746864091206,6.99,2,dd391ccef6b13960d42d394c8934fc97-~1746864091206-~233502029,app-ios,233.14,0,待定,2025/5/10 21:31,2025/5/10 23:55,1,2025/5/10 21:44,NULL
1019959,25051000717566,231576604,1,已付款,2025/5/10 21:33,1746862763522,1.07,2,dd391ccef6b13960d42d394c8934fc97-~1746862763522-~231576604,app-android,17.89,0,待定,2025/5/10 21:33,2025/5/10 23:55,1,2025/5/10 21:50,NULL
1020098,25051000655066,233502029,1,已付款,2025/5/10 21:34,1746879191173,7.01,2,dd391ccef6b13960d42d394c8934fc97-~1746879191173-~233502029,app-android,100.2,0,待定,2025/5/10 21:34,2025/5/10 23:55,1,2025/5/10 21:51,NULL
1021186,25051085914045,233498046,1,已下单,2025/5/10 21:35,1746864743067,2.91,2,17d4ce1e68247e20b48538fc3d6e70f9-~1746864743067-~233498046,app-ios,97,0,待定,2025/5/10 21:35,2025/5/10 23:55,1,2025/5/10 21:52,NULL
1021982,25051086027645,231576604,1,已付款,2025/5/10 21:33,1746771848486,0,2,dd391ccef6b13960d42d394c8934fc97-~1746771848486-~231576604,app-android,659,1,/,2025/5/10 21:36,2025/5/10 23:55,0,NULL,NULL
1022655,25051072867935,231576604,1,已下单,2025/5/10 21:36,1746843505311,2.4,2,dd391ccef6b13960d42d394c8934fc97-~1746843505311-~231576604,app-android,34.3,0,待定,2025/5/10 21:36,2025/5/10 23:55,1,2025/5/10 21:53,NULL
1023791,25051003259480,231576604,1,已付款,2025/5/10 21:40,1746883742690,4.35,2,dd391ccef6b13960d42d394c8934fc97-~1746883742690-~231576604,app-android,34,0,待定,2025/5/10 21:40,2025/5/10 23:55,1,2025/5/10 21:57,NULL
1024519,25051003595580,233498046,1,已付款,2025/5/10 21:40,1746810213925,8.53,2,17d4ce1e68247e20b48538fc3d6e70f9-~1746810213925-~233498046,app-ios,853,0,待定,2025/5/10 21:41,2025/5/10 23:55,1,2025/5/10 21:57,NULL
1024564,25051003595480,233498046,1,已付款,2025/5/10 21:40,1746810213925,8.91,2,17d4ce1e68247e20b48538fc3d6e70f9-~1746810213925-~233498046,app-ios,891,0,待定,2025/5/10 21:41,2025/5/10 23:55,1,2025/5/10 21:57,NULL
1025364,25051038434812,231576604,1,已付款,2025/5/10 21:41,1746806319295,0,2,dd391ccef6b13960d42d394c8934fc97-~1746806319295-~231576604,app-android,174,1,/,2025/5/10 21:41,2025/5/10 23:55,0,NULL,NULL
1025876,25051085117052,233762582,1,已付款,2025/5/10 21:42,1746810442811,0,2,dd391ccef6b13960d42d394c8934fc97-~1746810442811-~233762582,app-android,166,1,/,2025/5/10 21:42,2025/5/10 23:55,0,NULL,NULL
1025963,25051068256925,233502003,1,已付款,2025/5/10 21:42,1746851934166,0,2,17d4ce1e68247e20b48538fc3d6e70f9-~1746851934166-~233502003,app-ios,196,1,/,2025/5/10 21:43,2025/5/10 23:55,0,NULL,NULL
1026222,25051085083352,231576604,1,已付款,2025/5/10 21:44,1746799995555,0.91,2,dd391ccef6b13960d42d394c8934fc97-~1746799995555-~231576604,app-android,50.95,0,待定,2025/5/10 21:44,2025/5/10 23:55,1,2025/5/10 22:01,NULL
1029122,25051003691480,231561881,1,已付款,2025/5/10 21:48,1746851135959,0,2,17d4ce1e68247e20b48538fc3d6e70f9-~1746851135959-~231561881,app-ios,50,1,/,2025/5/10 21:48,2025/5/10 23:55,0,NULL,NULL
1033041,25051003884280,231576604,1,已付款,2025/5/10 21:55,1746881355185,0,2,dd391ccef6b13960d42d394c8934fc97-~1746881355185-~231576604,app-android,39,1,/,2025/5/10 21:55,2025/5/10 23:55,0,NULL,NULL
1035012,25051000866909,231576604,1,已付款,2025/5/10 21:56,1746885208554,0.4,2,dd391ccef6b13960d42d394c8934fc97-~1746885208554-~231576604,app-android,4,0,待定,2025/5/10 21:57,2025/5/10 23:55,1,2025/5/10 22:13,NULL
1038112,25051091996925,231561881,1,已付款,2025/5/10 22:02,1746836940908,4.96,2,17d4ce1e68247e20b48538fc3d6e70f9-~1746836940908-~231561881,app-ios,495.78,0,待定,2025/5/10 22:02,2025/5/10 23:55,1,2025/5/10 22:19,NULL
1038113,25051083639645,231576604,0,已失效,2025/5/10 22:01,1746840375499,8.54,2,dd391ccef6b13960d42d394c8934fc97-~1746840375499-~231576604,app-android,122,0,待定,2025/5/10 22:02,2025/5/10 23:55,1,2025/5/10 22:18,NULL
1041703,25051092592825,233502003,1,已付款,2025/5/10 22:08,1746850568236,0.34,2,17d4ce1e68247e20b48538fc3d6e70f9-~1746850568236-~233502003,app-ios,34.12,0,待定,2025/5/10 22:09,2025/5/10 23:55,1,2025/5/10 22:25,NULL
1042230,25051092449725,231576604,1,已付款,2025/5/10 22:10,1746834400477,0,2,dd391ccef6b13960d42d394c8934fc97-~1746834400477-~231576604,app-android,53,1,/,2025/5/10 22:10,2025/5/10 23:55,0,NULL,NULL
1043004,25051099142365,234061612,1,已付款,2025/5/10 22:10,1746881789964,2.25,2,17d4ce1e68247e20b48538fc3d6e70f9-~1746881789964-~234061612,app-ios,37.5,0,待定,2025/5/10 22:11,2025/5/10 23:55,1,2025/5/10 22:27,NULL
1046407,25051001731576,233502003,1,已付款,2025/5/10 22:16,1746858620453,3.27,2,17d4ce1e68247e20b48538fc3d6e70f9-~1746858620453-~233502003,app-ios,109,0,待定,2025/5/10 22:16,2025/5/10 23:59,1,NULL,NULL
1047185,25051084246845,231561881,1,已付款,2025/5/10 22:16,1746865990461,0.2,2,17d4ce1e68247e20b48538fc3d6e70f9-~1746865990461-~231561881,app-ios,19.82,0,待定,2025/5/10 22:16,2025/5/10 23:55,1,2025/5/10 22:33,NULL
1047203,25051098732508,233502003,1,已付款,2025/5/10 22:16,1746861046188,5.57,2,17d4ce1e68247e20b48538fc3d6e70f9-~1746861046188-~233502003,app-ios,125.48,0,待定,2025/5/10 22:16,2025/5/10 23:55,1,2025/5/10 22:33,NULL
1047556,25051071112735,231576604,1,已付款,2025/5/10 22:17,1746849684978,2.65,2,dd391ccef6b13960d42d394c8934fc97-~1746849684978-~231576604,app-android,168.94,0,待定,2025/5/10 22:18,2025/5/10 23:55,1,2025/5/10 22:34,NULL
1047581,25051083209852,233460954,1,已付款,2025/5/10 22:17,1746878285160,4.38,2,dd391ccef6b13960d42d394c8934fc97-~1746878285160-~233460954,app-android,146,0,待定,2025/5/10 22:18,2025/5/10 23:55,1,2025/5/10 22:34,NULL
1048899,25051002022076,231576604,1,已付款,2025/5/10 22:20,1746886517820,0.1,2,dd391ccef6b13960d42d394c8934fc97-~1746886517820-~231576604,app-android,24.47,0,待定,2025/5/10 22:20,2025/5/10 23:55,1,2025/5/10 22:37,NULL
1051079,25051036982712,231576604,1,已付款,2025/5/10 22:24,1746829360031,0,2,dd391ccef6b13960d42d394c8934fc97-~1746829360031-~231576604,app-android,591,1,/,2025/5/10 22:24,2025/5/10 23:55,0,NULL,NULL
1053969,25051090053625,231576604,1,已付款,2025/5/10 22:28,1746838995982,9.31,2,dd391ccef6b13960d42d394c8934fc97-~1746838995982-~231576604,app-android,139,0,待定,2025/5/10 22:29,2025/5/10 23:55,1,2025/5/10 22:45,NULL
1054022,25051090081725,233498046,1,已付款,2025/5/10 22:29,1746855990408,2.12,2,17d4ce1e68247e20b48538fc3d6e70f9-~1746855990408-~233498046,app-ios,21.2,0,待定,2025/5/10 22:29,2025/5/10 23:55,1,2025/5/10 22:46,NULL
1054196,25051096657565,234061612,1,已付款,2025/5/10 22:29,1746862454423,0,2,17d4ce1e68247e20b48538fc3d6e70f9-~1746862454423-~234061612,app-ios,196,1,/,2025/5/10 22:30,2025/5/10 23:55,0,NULL,NULL
1054867,25051002305180,233498046,1,已付款,2025/5/10 22:30,1746856287464,9.6,2,17d4ce1e68247e20b48538fc3d6e70f9-~1746856287464-~233498046,app-ios,128,0,待定,2025/5/10 22:30,2025/5/10 23:55,1,2025/5/10 22:47,NULL
1056772,25051090313725,231561881,1,已付款,2025/5/10 22:32,1746849608369,8.61,2,17d4ce1e68247e20b48538fc3d6e70f9-~1746849608369-~231561881,app-ios,287,0,待定,2025/5/10 22:32,2025/5/10 23:55,1,2025/5/10 22:49,NULL
1056901,25051002302780,233502003,1,已付款,2025/5/10 22:32,1746847856748,0.51,2,17d4ce1e68247e20b48538fc3d6e70f9-~1746847856748-~233502003,app-ios,51,0,待定,2025/5/10 22:33,2025/5/10 23:55,1,2025/5/10 22:49,NULL
1056971,25051096523965,231561881,1,已付款,2025/5/10 22:33,1746853456266,0,2,17d4ce1e68247e20b48538fc3d6e70f9-~1746853456266-~231561881,app-ios,255,1,/,2025/5/10 22:33,2025/5/10 23:55,0,NULL,NULL
1057001,25051037455612,233498054,1,已付款,2025/5/10 22:33,1746800704126,1.96,2,dd391ccef6b13960d42d394c8934fc97-~1746800704126-~233498054,app-android,29.56,0,待定,2025/5/10 22:33,2025/5/10 23:55,1,2025/5/10 22:50,NULL
1058191,25051080889052,231576604,1,已付款,2025/5/10 22:35,1746845747453,0.53,2,dd391ccef6b13960d42d394c8934fc97-~1746845747453-~231576604,app-android,53,0,待定,2025/5/10 22:35,2025/5/10 23:55,1,2025/5/10 22:52,NULL
1059730,25051037363612,233502029,1,已付款,2025/5/10 22:36,1746878270596,0.1,2,dd391ccef6b13960d42d394c8934fc97-~1746878270596-~233502029,app-android,1,0,待定,2025/5/10 22:36,2025/5/10 23:55,1,2025/5/10 22:53,NULL
1060201,25051090473725,231561881,1,已付款,2025/5/10 22:38,1746857958551,0,2,17d4ce1e68247e20b48538fc3d6e70f9-~1746857958551-~231561881,app-ios,182,1,/,2025/5/10 22:39,2025/5/10 23:55,0,NULL,NULL
1063044,25051068892735,234093274,1,已付款,2025/5/10 22:42,1746863810406,0.38,2,17d4ce1e68247e20b48538fc3d6e70f9-~1746863810406-~234093274,app-ios,7.6,0,待定,2025/5/10 22:43,2025/5/10 23:55,1,2025/5/10 22:59,NULL
1064234,25051097215865,231561881,1,已付款,2025/5/10 22:45,1746867640597,4.05,2,17d4ce1e68247e20b48538fc3d6e70f9-~1746867640597-~231561881,app-ios,119,0,待定,2025/5/10 22:45,2025/5/10 23:55,1,2025/5/10 23:02,NULL
1066089,25051082470845,231561881,1,已付款,2025/5/10 22:47,1746877132704,2.88,2,17d4ce1e68247e20b48538fc3d6e70f9-~1746877132704-~231561881,app-ios,48,0,待定,2025/5/10 22:47,2025/5/10 23:55,1,2025/5/10 23:04,NULL
1066176,25051034445112,233502029,1,已付款,2025/5/10 22:47,1746863181984,1.92,2,dd391ccef6b13960d42d394c8934fc97-~1746863181984-~233502029,app-android,100.7,0,待定,2025/5/10 22:47,2025/5/10 23:55,1,2025/5/10 23:04,NULL
1066352,25051090958425,234061612,1,已付款,2025/5/10 22:48,1746888090876,8.34,2,17d4ce1e68247e20b48538fc3d6e70f9-~1746888090876-~234061612,支付宝小程序,139,0,待定,2025/5/10 22:48,2025/5/10 23:55,1,2025/5/10 23:05,NULL
1066573,25051081142552,233502003,1,已付款,2025/5/10 22:49,1746852682596,1.51,2,17d4ce1e68247e20b48538fc3d6e70f9-~1746852682596-~233502003,app-ios,50.4,0,待定,2025/5/10 22:49,2025/5/10 23:55,1,2025/5/10 23:06,NULL
1072553,25051097546265,231561881,1,已付款,2025/5/10 22:59,1746826493183,0.01,2,17d4ce1e68247e20b48538fc3d6e70f9-~1746826493183-~231561881,app-ios,2,0,待定,2025/5/10 22:59,2025/5/10 23:55,1,2025/5/10 23:16,NULL
1075667,25051081733852,231561881,0,已失效,2025/5/10 23:04,1746804323228,2.41,2,17d4ce1e68247e20b48538fc3d6e70f9-~1746804323228-~231561881,app-ios,80.3,0,待定,2025/5/10 23:04,2025/5/10 23:55,1,2025/5/10 23:21,NULL
1078351,25051069937435,231561881,1,已付款,2025/5/10 23:06,1746838828569,3.96,2,17d4ce1e68247e20b48538fc3d6e70f9-~1746838828569-~231561881,app-ios,132,0,待定,2025/5/10 23:06,2025/5/10 23:55,1,2025/5/10 23:23,NULL
1078719,25051078724252,231576604,1,已付款,2025/5/10 23:08,1746804325965,0.71,2,dd391ccef6b13960d42d394c8934fc97-~1746804325965-~231576604,app-android,70.91,0,待定,2025/5/10 23:08,2025/5/10 23:55,1,2025/5/10 23:25,NULL
1081013,25051035565912,233502003,0,已失效,2025/5/10 23:11,1746889813970,0,2,17d4ce1e68247e20b48538fc3d6e70f9-~1746889813970-~233502003,app-ios,56.99,1,/,2025/5/10 23:11,2025/5/10 23:55,0,NULL,NULL
1081456,25051095054265,234093274,1,已付款,2025/5/10 23:11,1746880517260,0.33,2,17d4ce1e68247e20b48538fc3d6e70f9-~1746880517260-~234093274,app-ios,33.46,0,待定,2025/5/10 23:12,2025/5/10 23:55,1,2025/5/10 23:28,NULL
1081717,25051097718908,231561881,1,已付款,2025/5/10 23:13,1746873707771,0.07,2,17d4ce1e68247e20b48538fc3d6e70f9-~1746873707771-~231561881,app-ios,1,0,待定,2025/5/10 23:13,2025/5/10 23:55,1,2025/5/10 23:30,NULL
1084532,25051067134335,233502029,1,已付款,2025/5/10 23:16,1746857798285,0.54,5,dd391ccef6b13960d42d394c8934fc97-~1746857798285-~233502029,app-android,59,0,待定,2025/5/10 23:17,2025/5/10 23:55,1,2025/5/10 23:33,NULL
1084823,25051000995576,231576604,1,已付款,2025/5/10 23:17,1746874196655,5.65,2,dd391ccef6b13960d42d394c8934fc97-~1746874196655-~231576604,app-android,565.25,0,待定,2025/5/10 23:18,2025/5/10 23:55,1,2025/5/10 23:34,NULL
1085062,25051000859676,231561881,1,已付款,2025/5/10 23:19,1746863445466,0,2,17d4ce1e68247e20b48538fc3d6e70f9-~1746863445466-~231561881,app-ios,125.9,1,/,2025/5/10 23:19,2025/5/10 23:55,0,NULL,NULL
1085101,25051080420345,231561881,1,已付款,2025/5/10 23:19,1746863445466,0,2,17d4ce1e68247e20b48538fc3d6e70f9-~1746863445466-~231561881,app-ios,116.9,1,/,2025/5/10 23:19,2025/5/10 23:55,0,NULL,NULL
1085380,25051097957208,233502003,1,已付款,2025/5/10 23:20,1746889813970,0,2,17d4ce1e68247e20b48538fc3d6e70f9-~1746889813970-~233502003,app-ios,51.83,1,/,2025/5/10 23:20,2025/5/10 23:55,0,NULL,NULL
1088010,25051079369852,233502003,1,已付款,2025/5/10 23:23,1746842603928,1.17,2,17d4ce1e68247e20b48538fc3d6e70f9-~1746842603928-~233502003,app-ios,117,0,待定,2025/5/10 23:23,2025/5/10 23:55,1,2025/5/10 23:40,NULL
1089892,25051067227135,231561881,1,已付款,2025/5/10 23:25,1746890377121,19.2,2,17d4ce1e68247e20b48538fc3d6e70f9-~1746890377121-~231561881,app-ios,128,0,待定,2025/5/10 23:26,2025/5/10 23:55,1,2025/5/10 23:42,NULL
1096082,25051079540252,233502029,1,已付款,2025/5/10 23:32,1746875489590,0,2,dd391ccef6b13960d42d394c8934fc97-~1746875489590-~233502029,app-android,68.62,1,/,2025/5/10 23:32,2025/5/10 23:55,0,NULL,NULL
1096092,25051067534035,231561881,1,已付款,2025/5/10 23:28,1746840147061,13.69,2,17d4ce1e68247e20b48538fc3d6e70f9-~1746840147061-~231561881,app-ios,456.5,0,待定,2025/5/10 23:32,2025/5/10 23:55,1,2025/5/10 23:45,NULL
1096100,25051001037376,233762542,1,已付款,2025/5/10 23:28,1746869522531,1.04,2,17d4ce1e68247e20b48538fc3d6e70f9-~1746869522531-~233762542,app-ios,104,0,待定,2025/5/10 23:32,2025/5/10 23:55,1,2025/5/10 23:45,NULL
1096163,25051080858945,231576604,1,已付款,2025/5/10 23:32,1746886156872,0,2,dd391ccef6b13960d42d394c8934fc97-~1746886156872-~231576604,app-android,115,1,/,2025/5/10 23:33,2025/5/10 23:55,0,NULL,NULL
1096172,25051095006008,233502003,1,已付款,2025/5/10 23:33,1746869297667,0,2,17d4ce1e68247e20b48538fc3d6e70f9-~1746869297667-~233502003,app-ios,86,1,/,2025/5/10 23:33,2025/5/10 23:55,0,NULL,NULL
1096182,25051024477680,231576604,1,已付款,2025/5/10 23:33,1746877037909,0,2,dd391ccef6b13960d42d394c8934fc97-~1746877037909-~231576604,app-android,0,1,/,2025/5/10 23:33,2025/5/10 23:55,0,NULL,NULL
1096218,25051067792035,233762542,1,已付款,2025/5/10 23:33,1746890674448,21.15,2,17d4ce1e68247e20b48538fc3d6e70f9-~1746890674448-~233762542,app-ios,264.42,0,待定,2025/5/10 23:34,2025/5/10 23:55,1,2025/5/10 23:50,NULL
1097078,25051033095512,233502003,1,已付款,2025/5/10 23:35,1746890264982,0.54,2,17d4ce1e68247e20b48538fc3d6e70f9-~1746890264982-~233502003,app-ios,53.7,0,待定,2025/5/10 23:35,2025/5/10 23:55,1,2025/5/10 23:52,NULL
1098499,25051024374680,233502029,1,已付款,2025/5/10 23:36,1746878698632,2.47,2,dd391ccef6b13960d42d394c8934fc97-~1746878698632-~233502029,app-android,82.49,0,待定,2025/5/10 23:36,2025/5/10 23:55,1,2025/5/10 23:53,NULL
1098509,25051095875565,231576604,1,已付款,2025/5/10 23:36,1746879816075,2,2,dd391ccef6b13960d42d394c8934fc97-~1746879816075-~231576604,app-android,49.9,0,待定,2025/5/10 23:36,2025/5/10 23:55,1,2025/5/10 23:53,NULL
1098510,25051033026412,233502029,1,已付款,2025/5/10 23:36,1746878698632,5.39,2,dd391ccef6b13960d42d394c8934fc97-~1746878698632-~233502029,app-android,179.72,0,待定,2025/5/10 23:36,2025/5/10 23:55,1,2025/5/10 23:53,NULL
1098536,25051095776565,233502029,1,已付款,2025/5/10 23:36,1746878698632,2.92,2,dd391ccef6b13960d42d394c8934fc97-~1746878698632-~233502029,app-android,97.23,0,待定,2025/5/10 23:37,2025/5/10 23:55,1,2025/5/10 23:53,NULL
1098537,25051094921908,231561881,1,已付款,2025/5/10 23:37,1746889099238,4.17,0,17d4ce1e68247e20b48538fc3d6e70f9-~1746889099238-~231561881,app-ios,139,0,待定,2025/5/10 23:37,2025/5/10 23:55,1,2025/5/10 23:54,NULL
1098769,25051095736465,231561881,0,已失效,2025/5/10 23:38,1746890223853,313.85,2,17d4ce1e68247e20b48538fc3d6e70f9-~1746890223853-~231561881,app-ios,6074.8,0,待定,2025/5/10 23:38,2025/5/10 23:55,1,2025/5/10 23:55,NULL
1100856,25051038233012,234093274,1,已付款,2025/5/10 21:36,1746882888780,0.08,2,17d4ce1e68247e20b48538fc3d6e70f9-~1746882888780-~234093274,app-ios,15.26,0,待定,2025/5/10 23:39,2025/5/10 23:55,1,2025/5/10 23:42,NULL
1100878,25051098249265,231561881,1,已付款,2025/5/10 21:52,1746625478605,0.6,2,17d4ce1e68247e20b48538fc3d6e70f9-~1746625478605-~231561881,app-ios,25,0,待定,2025/5/10 23:39,2025/5/10 23:55,1,2025/5/10 23:41,NULL
1100880,25051000571409,233498054,1,已付款,2025/5/10 21:42,1746882214253,3.84,2,dd391ccef6b13960d42d394c8934fc97-~1746882214253-~233498054,app-android,128,0,待定,2025/5/10 23:39,2025/5/10 23:55,1,2025/5/10 23:41,NULL
1100882,25051000184209,233502003,1,已付款,2025/5/10 21:33,1746869297667,0,2,17d4ce1e68247e20b48538fc3d6e70f9-~1746869297667-~233502003,app-ios,31.18,1,/,2025/5/10 23:39,2025/5/10 23:55,0,NULL,NULL
1100892,25051039091312,231576604,1,已付款,2025/5/10 21:54,1746801623529,0.92,2,dd391ccef6b13960d42d394c8934fc97-~1746801623529-~231576604,app-android,35.69,0,待定,2025/5/10 23:39,2025/5/10 23:55,1,2025/5/10 23:41,NULL
1100897,25051038282512,233502029,1,已付款,2025/5/10 21:35,1746832394867,0,2,dd391ccef6b13960d42d394c8934fc97-~1746832394867-~233502029,app-android,0,1,/,2025/5/10 23:39,2025/5/10 23:55,0,NULL,NULL
1100901,25051005935376,231576604,1,已付款,2025/5/10 21:24,1746850014384,6.66,2,dd391ccef6b13960d42d394c8934fc97-~1746850014384-~231576604,app-android,111,0,待定,2025/5/10 23:39,2025/5/10 23:55,1,2025/5/10 23:41,NULL
1100902,25051084555952,231576604,1,已付款,2025/5/10 21:26,1746844536545,1.35,2,dd391ccef6b13960d42d394c8934fc97-~1746844536545-~231576604,app-android,134.9,0,待定,2025/5/10 23:39,2025/5/10 23:55,1,2025/5/10 23:41,NULL
1100907,25051005797680,231576604,1,已付款,2025/5/10 21:16,1746848414350,11.2,2,dd391ccef6b13960d42d394c8934fc97-~1746848414350-~231576604,app-android,160,0,待定,2025/5/10 23:39,2025/5/10 23:55,1,2025/5/10 23:41,NULL
1100914,25051073133935,233498046,0,已失效,2025/5/10 21:40,1746810213925,17.44,2,17d4ce1e68247e20b48538fc3d6e70f9-~1746810213925-~233498046,app-ios,1744,0,待定,2025/5/10 23:39,2025/5/10 23:55,1,2025/5/10 23:41,NULL
1100918,25051075131535,233502029,1,已付款,2025/5/10 21:10,1746799801338,0,2,dd391ccef6b13960d42d394c8934fc97-~1746799801338-~233502029,app-android,98,1,/,2025/5/10 23:39,2025/5/10 23:55,0,NULL,NULL
1100920,25051000930766,233502029,1,已付款,2025/5/10 21:38,1746879097946,0,2,dd391ccef6b13960d42d394c8934fc97-~1746879097946-~233502029,app-android,74.39,1,/,2025/5/10 23:39,2025/5/10 23:55,0,NULL,NULL
1100925,25051083528845,234061612,1,已付款,2025/5/10 21:54,1746841491717,3.65,2,17d4ce1e68247e20b48538fc3d6e70f9-~1746841491717-~234061612,app-ios,41.54,0,待定,2025/5/10 23:39,2025/5/10 23:55,1,2025/5/10 23:42,NULL
1100933,25051000327309,231561881,1,已付款,2025/5/10 21:39,1746871038596,6.79,2,17d4ce1e68247e20b48538fc3d6e70f9-~1746871038596-~231561881,app-ios,194,0,待定,2025/5/10 23:39,2025/5/10 23:55,1,2025/5/10 23:41,NULL
1100934,25051068063725,233502029,0,已失效,2025/5/10 21:37,1746884136784,0.09,2,dd391ccef6b13960d42d394c8934fc97-~1746884136784-~233502029,app-android,17,0,待定,2025/5/10 23:39,2025/5/10 23:55,1,2025/5/10 23:41,NULL
1100946,25051082439052,231576604,1,已付款,2025/5/10 21:57,1746860947049,8.65,2,dd391ccef6b13960d42d394c8934fc97-~1746860947049-~231576604,app-android,173,0,待定,2025/5/10 23:39,2025/5/10 23:55,1,2025/5/10 23:41,NULL
1100950,25051038700012,233502003,1,已付款,2025/5/10 21:45,1746863366909,0.96,2,17d4ce1e68247e20b48538fc3d6e70f9-~1746863366909-~233502003,app-ios,9.59,0,待定,2025/5/10 23:39,2025/5/10 23:55,1,2025/5/10 23:41,NULL
1100951,25051038388012,231561881,1,已付款,2025/5/10 21:42,1746806665472,0.39,2,17d4ce1e68247e20b48538fc3d6e70f9-~1746806665472-~231561881,app-ios,77.75,0,待定,2025/5/10 23:39,2025/5/10 23:55,1,2025/5/10 23:41,NULL
1100958,25051084725452,233502003,0,已失效,2025/5/10 21:32,1746869297667,0,2,17d4ce1e68247e20b48538fc3d6e70f9-~1746869297667-~233502003,app-ios,92.57,1,/,2025/5/10 23:39,2025/5/10 23:55,0,NULL,NULL
1100960,25051084247852,231576604,1,已付款,2025/5/10 21:23,1746843464296,0,2,dd391ccef6b13960d42d394c8934fc97-~1746843464296-~231576604,app-android,19.19,1,/,2025/5/10 23:39,2025/5/10 23:55,0,NULL,NULL
1100973,25051072438635,231576604,0,已失效,2025/5/10 21:25,1746844536545,2.46,2,dd391ccef6b13960d42d394c8934fc97-~1746844536545-~231576604,app-android,245.81,0,待定,2025/5/10 23:39,2025/5/10 23:55,1,2025/5/10 23:41,NULL
1100974,25051072225035,231576604,1,已付款,2025/5/10 21:20,1746800314171,0.36,2,dd391ccef6b13960d42d394c8934fc97-~1746800314171-~231576604,app-android,35.95,0,待定,2025/5/10 23:39,2025/5/10 23:55,1,2025/5/10 23:41,NULL
1100982,25051086228745,233502029,0,已失效,2025/5/10 21:38,1746879097946,0,2,dd391ccef6b13960d42d394c8934fc97-~1746879097946-~233502029,app-android,246.99,1,/,2025/5/10 23:39,2025/5/10 23:55,0,NULL,NULL
1100984,25051085740745,233502029,1,已付款,2025/5/10 21:30,1746864091206,20.56,2,dd391ccef6b13960d42d394c8934fc97-~1746864091206-~233502029,app-ios,257,0,待定,2025/5/10 23:39,2025/5/10 23:55,1,2025/5/10 23:41,NULL
1100989,25051002286409,231561881,1,已付款,2025/5/10 21:11,1746872934589,5.76,2,17d4ce1e68247e20b48538fc3d6e70f9-~1746872934589-~231561881,app-ios,144,0,待定,2025/5/10 23:39,2025/5/10 23:55,1,2025/5/10 23:41,NULL
1100997,25051003295976,231576604,1,已付款,2025/5/10 21:40,1746851818323,2.23,2,dd391ccef6b13960d42d394c8934fc97-~1746851818323-~231576604,app-android,44.64,0,待定,2025/5/10 23:39,2025/5/10 23:55,1,2025/5/10 23:41,NULL
1101000,25051003078280,233502003,1,已付款,2025/5/10 21:33,1746869297667,0,2,17d4ce1e68247e20b48538fc3d6e70f9-~1746869297667-~233502003,app-ios,61.38,1,/,2025/5/10 23:39,2025/5/10 23:55,0,NULL,NULL
1101003,25051084414952,233762542,1,已付款,2025/5/10 21:30,1746827328557,18.75,2,17d4ce1e68247e20b48538fc3d6e70f9-~1746827328557-~233762542,app-ios,624.9,0,待定,2025/5/10 23:39,2025/5/10 23:55,1,2025/5/10 23:41,NULL
1101008,25051014395912,233460954,1,已付款,2025/5/10 21:15,1746877489218,5.4,5,dd391ccef6b13960d42d394c8934fc97-~1746877489218-~233460954,app-android,32,0,待定,2025/5/10 23:39,2025/5/10 23:55,1,2025/5/10 23:41,NULL
1101010,25051005597480,231576604,1,已付款,2025/5/10 21:11,1746847067281,0,2,dd391ccef6b13960d42d394c8934fc97-~1746847067281-~231576604,app-android,68,1,/,2025/5/10 23:39,2025/5/10 23:55,0,NULL,NULL
1101015,25051072644135,233460954,0,已失效,2025/5/10 21:30,1746878285160,4.38,2,dd391ccef6b13960d42d394c8934fc97-~1746878285160-~233460954,app-android,146,0,待定,2025/5/10 23:39,2025/5/10 23:55,1,2025/5/10 23:41,NULL
1101024,25051083792645,233498046,1,已付款,2025/5/10 21:58,1746875324984,68.6,2,17d4ce1e68247e20b48538fc3d6e70f9-~1746875324984-~233498046,app-ios,980,0,待定,2025/5/10 23:39,2025/5/10 23:55,1,2025/5/10 23:41,NULL
1101034,25051000391909,233502029,1,已付款,2025/5/10 21:38,1746879097946,0,2,dd391ccef6b13960d42d394c8934fc97-~1746879097946-~233502029,app-android,172.6,1,/,2025/5/10 23:39,2025/5/10 23:55,0,NULL,NULL
1101048,25051085050052,233502003,1,已付款,2025/5/10 21:43,1746873877845,0,2,17d4ce1e68247e20b48538fc3d6e70f9-~1746873877845-~233502003,app-ios,68,1,/,2025/5/10 23:39,2025/5/10 23:55,0,NULL,NULL
1101061,25051005854180,231576604,1,已付款,2025/5/10 21:15,1746847067281,0,2,dd391ccef6b13960d42d394c8934fc97-~1746847067281-~231576604,app-android,0,1,/,2025/5/10 23:39,2025/5/10 23:55,0,NULL,NULL
1101063,25051005679780,231576604,1,已付款,2025/5/10 21:11,1746845188695,57.26,2,dd391ccef6b13960d42d394c8934fc97-~1746845188695-~231576604,app-android,818,0,待定,2025/5/10 23:39,2025/5/10 23:55,1,2025/5/10 23:41,NULL
1101074,25051072240835,233502003,1,已付款,2025/5/10 21:20,1746873486059,6,2,17d4ce1e68247e20b48538fc3d6e70f9-~1746873486059-~233502003,app-ios,120,0,待定,2025/5/10 23:39,2025/5/10 23:55,1,2025/5/10 23:41,NULL
1101075,25051075028035,231576604,1,已付款,2025/5/10 21:13,1746846341750,2.45,2,dd391ccef6b13960d42d394c8934fc97-~1746846341750-~231576604,app-android,72,0,待定,2025/5/10 23:39,2025/5/10 23:55,1,2025/5/10 23:41,NULL
1101076,25051001054466,231576604,1,已付款,2025/5/10 21:43,1746883704580,3.51,2,dd391ccef6b13960d42d394c8934fc97-~1746883704580-~231576604,app-android,117,0,待定,2025/5/10 23:39,2025/5/10 23:55,1,2025/5/10 23:41,NULL
1101082,25051098488865,233498046,1,已付款,2025/5/10 21:58,1746875324984,0.89,2,17d4ce1e68247e20b48538fc3d6e70f9-~1746875324984-~233498046,app-ios,14.9,0,待定,2025/5/10 23:39,2025/5/10 23:55,1,2025/5/10 23:41,NULL
1101083,25051098135265,233498054,1,已付款,2025/5/10 21:54,1746870016679,6.01,2,dd391ccef6b13960d42d394c8934fc97-~1746870016679-~233498054,app-android,600.3,0,待定,2025/5/10 23:39,2025/5/10 23:55,1,2025/5/10 23:41,NULL
1101085,25051091797825,233502003,0,已失效,2025/5/10 21:57,1746859734148,2.8,2,17d4ce1e68247e20b48538fc3d6e70f9-~1746859734148-~233502003,app-ios,56,0,待定,2025/5/10 23:39,2025/5/10 23:55,1,2025/5/10 23:41,NULL
1101087,25051098199265,233476754,1,已付款,2025/5/10 21:53,1746863874686,21.98,2,17d4ce1e68247e20b48538fc3d6e70f9-~1746863874686-~233476754,app-ios,314,0,待定,2025/5/10 23:39,2025/5/10 23:55,1,2025/5/10 23:41,NULL
1101089,25051000760609,233476754,1,已付款,2025/5/10 21:49,1746842801535,1.44,2,17d4ce1e68247e20b48538fc3d6e70f9-~1746842801535-~233476754,app-ios,48,0,待定,2025/5/10 23:39,2025/5/10 23:55,1,2025/5/10 23:41,NULL
1101091,25051068289825,233762582,1,已付款,2025/5/10 21:40,1746882181891,1.19,2,dd391ccef6b13960d42d394c8934fc97-~1746882181891-~233762582,app-android,44.83,0,待定,2025/5/10 23:39,2025/5/10 23:55,1,2025/5/10 23:42,NULL
1101093,25051067037825,231576604,1,已付款,2025/5/10 21:11,1746881610962,0.36,5,dd391ccef6b13960d42d394c8934fc97-~1746881610962-~231576604,app-android,41,0,待定,2025/5/10 23:39,2025/5/10 23:55,1,2025/5/10 23:41,NULL
1101110,25051006314176,231576604,1,已付款,2025/5/10 21:26,1746844536545,1.11,2,dd391ccef6b13960d42d394c8934fc97-~1746844536545-~231576604,app-android,110.91,0,待定,2025/5/10 23:39,2025/5/10 23:55,1,2025/5/10 23:41,NULL
1101231,25051069211735,231561881,1,已付款,2025/5/10 22:42,1746865927034,0,2,17d4ce1e68247e20b48538fc3d6e70f9-~1746865927034-~231561881,app-ios,75.12,1,/,2025/5/10 23:39,2025/5/10 23:55,0,NULL,NULL
1101235,25051091370325,234061612,1,已付款,2025/5/10 22:58,1746888958259,3.95,2,17d4ce1e68247e20b48538fc3d6e70f9-~1746888958259-~234061612,app-ios,79,0,待定,2025/5/10 23:39,2025/5/10 23:55,1,2025/5/10 23:42,NULL
1101240,25051090560725,233502003,1,已付款,2025/5/10 22:46,1746859290760,8.1,2,17d4ce1e68247e20b48538fc3d6e70f9-~1746859290760-~233502003,app-ios,115.77,0,待定,2025/5/10 23:39,2025/5/10 23:55,1,2025/5/10 23:41,NULL
1101242,25051082093045,234093274,0,已失效,2025/5/10 22:38,1746886888773,18.82,2,17d4ce1e68247e20b48538fc3d6e70f9-~1746886888773-~234093274,app-ios,287.1,0,待定,2025/5/10 23:39,2025/5/10 23:55,1,2025/5/10 23:42,NULL
1101251,25051092262325,231576604,1,已付款,2025/5/10 22:05,1746885558840,1.29,2,dd391ccef6b13960d42d394c8934fc97-~1746885558840-~231576604,app-android,43.1,0,待定,2025/5/10 23:39,2025/5/10 23:55,1,2025/5/10 23:41,NULL
1101254,25051081588052,231576604,1,已下单,2025/5/10 22:57,1746883986274,7.84,2,dd391ccef6b13960d42d394c8934fc97-~1746883986274-~231576604,app-android,112,0,待定,2025/5/10 23:39,2025/5/10 23:55,1,2025/5/10 23:41,NULL
1101259,25051002788276,233502003,1,已付款,2025/5/10 22:41,1746807583437,3.05,2,17d4ce1e68247e20b48538fc3d6e70f9-~1746807583437-~233502003,app-ios,61,0,待定,2025/5/10 23:39,2025/5/10 23:55,1,2025/5/10 23:41,NULL
1101266,25051037464212,233762542,1,已付款,2025/5/10 22:33,1746875527851,0.4,2,17d4ce1e68247e20b48538fc3d6e70f9-~1746875527851-~233762542,app-ios,39.8,0,待定,2025/5/10 23:39,2025/5/10 23:55,1,2025/5/10 23:41,NULL
1101267,25051099000308,231561881,0,已失效,2025/5/10 22:30,1746865927034,0,2,17d4ce1e68247e20b48538fc3d6e70f9-~1746865927034-~231561881,app-ios,75.12,1,/,2025/5/10 23:39,2025/5/10 23:55,0,NULL,NULL
1101270,25051080434452,231576604,1,已付款,2025/5/10 22:27,1746877806887,0,2,dd391ccef6b13960d42d394c8934fc97-~1746877806887-~231576604,app-android,5.6,1,/,2025/5/10 23:39,2025/5/10 23:55,0,NULL,NULL
1101284,25051004494676,233502029,1,已付款,2025/5/10 22:08,1746857233565,0,2,dd391ccef6b13960d42d394c8934fc97-~1746857233565-~233502029,app-android,32.3,1,/,2025/5/10 23:39,2025/5/10 23:55,0,NULL,NULL
1101289,25051039166612,231576604,1,已付款,2025/5/10 22:03,1746885337450,0.99,2,dd391ccef6b13960d42d394c8934fc97-~1746885337450-~231576604,app-android,38,0,待定,2025/5/10 23:39,2025/5/10 23:55,1,2025/5/10 23:41,NULL
1101294,25051099813875,233502003,1,已付款,2025/5/10 22:54,1746844949616,6.93,2,17d4ce1e68247e20b48538fc3d6e70f9-~1746844949616-~233502003,app-ios,99,0,待定,2025/5/10 23:39,2025/5/10 23:55,1,2025/5/10 23:41,NULL
1101296,25051068747635,233476754,1,已付款,2025/5/10 22:34,1746832653444,16.75,2,17d4ce1e68247e20b48538fc3d6e70f9-~1746832653444-~233476754,app-ios,167.48,0,待定,2025/5/10 23:39,2025/5/10 23:55,1,2025/5/10 23:41,NULL
1101298,25051091370225,234061612,1,已付款,2025/5/10 22:58,1746888958259,3.2,2,17d4ce1e68247e20b48538fc3d6e70f9-~1746888958259-~234061612,app-ios,64,0,待定,2025/5/10 23:39,2025/5/10 23:55,1,2025/5/10 23:42,NULL
1101303,25051082044945,231576604,1,已付款,2025/5/10 22:39,1746887146198,0.28,5,dd391ccef6b13960d42d394c8934fc97-~1746887146198-~231576604,app-android,33,0,待定,2025/5/10 23:39,2025/5/10 23:55,1,2025/5/10 23:41,NULL
1101311,25051099323665,231576604,1,已付款,2025/5/10 22:15,1746847785082,6.14,2,dd391ccef6b13960d42d394c8934fc97-~1746847785082-~231576604,app-android,182,0,待定,2025/5/10 23:39,2025/5/10 23:55,1,2025/5/10 23:41,NULL
1101314,25051092575825,231561881,0,已失效,2025/5/10 22:08,1746838394976,1.84,2,17d4ce1e68247e20b48538fc3d6e70f9-~1746838394976-~231561881,app-ios,96.47,0,待定,2025/5/10 23:39,2025/5/10 23:55,1,2025/5/10 23:41,NULL
1101324,25051000070480,231561881,1,已付款,2025/5/10 22:55,1746754819130,2.91,2,17d4ce1e68247e20b48538fc3d6e70f9-~1746754819130-~231561881,app-ios,291,0,待定,2025/5/10 23:39,2025/5/10 23:55,1,2025/5/10 23:41,NULL
1101330,25051002722576,231576604,1,已付款,2025/5/10 22:42,1746879013791,0,2,dd391ccef6b13960d42d394c8934fc97-~1746879013791-~231576604,app-android,23.9,1,/,2025/5/10 23:39,2025/5/10 23:55,0,NULL,NULL
1101331,25051096434608,233762542,1,已付款,2025/5/10 22:42,1746807797282,0.63,2,17d4ce1e68247e20b48538fc3d6e70f9-~1746807797282-~233762542,app-ios,21.02,0,待定,2025/5/10 23:39,2025/5/10 23:55,1,2025/5/10 23:41,NULL
1101335,25051098991408,231561881,0,已失效,2025/5/10 22:30,1746829389311,1.9,2,17d4ce1e68247e20b48538fc3d6e70f9-~1746829389311-~231561881,app-ios,98,0,待定,2025/5/10 23:39,2025/5/10 23:55,1,2025/5/10 23:41,NULL
1101337,25051002030576,231561881,1,已付款,2025/5/10 22:28,1746835477617,0.66,2,17d4ce1e68247e20b48538fc3d6e70f9-~1746835477617-~231561881,app-ios,66,0,待定,2025/5/10 23:39,2025/5/10 23:55,1,2025/5/10 23:41,NULL
1101340,25051098418608,233502003,0,已失效,2025/5/10 22:16,1746861046188,7.92,2,17d4ce1e68247e20b48538fc3d6e70f9-~1746861046188-~233502003,app-ios,158.98,0,待定,2025/5/10 23:39,2025/5/10 23:55,1,2025/5/10 23:41,NULL
1101341,25051098410608,231561881,1,已付款,2025/5/10 22:16,1746865990461,0.04,2,17d4ce1e68247e20b48538fc3d6e70f9-~1746865990461-~231561881,app-ios,8.9,0,待定,2025/5/10 23:39,2025/5/10 23:55,1,2025/5/10 23:41,NULL
1101353,25051099894575,231576604,1,已付款,2025/5/10 22:51,1746878174412,0.57,2,dd391ccef6b13960d42d394c8934fc97-~1746878174412-~231576604,app-android,8.12,0,待定,2025/5/10 23:39,2025/5/10 23:55,1,2025/5/10 23:41,NULL
1101355,25051071113935,231576604,1,已付款,2025/5/10 22:17,1746886239366,21.12,2,dd391ccef6b13960d42d394c8934fc97-~1746886239366-~231576604,app-android,176,0,待定,2025/5/10 23:39,2025/5/10 23:55,1,2025/5/10 23:41,NULL
1101358,25051090627725,233498046,1,已付款,2025/5/10 22:45,1746877075280,20.65,2,17d4ce1e68247e20b48538fc3d6e70f9-~1746877075280-~233498046,app-ios,295,0,待定,2025/5/10 23:39,2025/5/10 23:55,1,2025/5/10 23:41,NULL
1101361,25051084851245,231576604,1,已付款,2025/5/10 22:30,1746843264268,0.28,2,dd391ccef6b13960d42d394c8934fc97-~1746843264268-~231576604,app-android,55.9,0,待定,2025/5/10 23:39,2025/5/10 23:55,1,2025/5/10 23:41,NULL
1101362,25051099632365,233762542,1,已付款,2025/5/10 22:27,1746875527851,0.08,2,17d4ce1e68247e20b48538fc3d6e70f9-~1746875527851-~233762542,app-ios,15,0,待定,2025/5/10 23:39,2025/5/10 23:55,1,2025/5/10 23:42,NULL
1101365,25051092575725,234093274,1,已付款,2025/5/10 22:08,1746885389454,1.15,2,17d4ce1e68247e20b48538fc3d6e70f9-~1746885389454-~234093274,app-ios,38.48,0,待定,2025/5/10 23:39,2025/5/10 23:55,1,2025/5/10 23:42,NULL
1101366,25051098821165,233762542,1,已付款,2025/5/10 22:08,1746840699549,37.8,2,17d4ce1e68247e20b48538fc3d6e70f9-~1746840699549-~233762542,app-ios,540,0,待定,2025/5/10 23:39,2025/5/10 23:55,1,2025/5/10 23:42,NULL
1101368,25051092008525,233498046,1,已付款,2025/5/10 22:02,1746876415404,0,2,17d4ce1e68247e20b48538fc3d6e70f9-~1746876415404-~233498046,app-ios,124.1,0,待定,2025/5/10 23:39,2025/5/10 23:55,0,NULL,NULL
1101380,25051002423276,231576604,1,已付款,2025/5/10 22:30,1746886458867,7.05,2,dd391ccef6b13960d42d394c8934fc97-~1746886458867-~231576604,app-android,235,0,待定,2025/5/10 23:39,2025/5/10 23:55,1,2025/5/10 23:41,NULL
1101393,25051001501580,231561881,1,已付款,2025/5/10 22:11,1746867646591,0,2,17d4ce1e68247e20b48538fc3d6e70f9-~1746867646591-~231561881,app-ios,24.5,1,/,2025/5/10 23:39,2025/5/10 23:55,0,NULL,NULL
1101395,25051036248012,233502029,1,已付款,2025/5/10 22:04,1746860471057,2.13,2,dd391ccef6b13960d42d394c8934fc97-~1746860471057-~233502029,app-android,71,0,待定,2025/5/10 23:39,2025/5/10 23:55,1,2025/5/10 23:41,NULL
1101398,25051004291276,234093274,1,已付款,2025/5/10 22:04,1746871542802,11.13,2,17d4ce1e68247e20b48538fc3d6e70f9-~1746871542802-~234093274,app-ios,159,0,待定,2025/5/10 23:39,2025/5/10 23:55,1,2025/5/10 23:42,NULL
1101407,25051071308235,231561881,1,已付款,2025/5/10 22:22,1746856067021,12.24,2,17d4ce1e68247e20b48538fc3d6e70f9-~1746856067021-~231561881,app-ios,102,0,待定,2025/5/10 23:39,2025/5/10 23:55,1,2025/5/10 23:41,NULL
1101415,25051097597865,233762582,1,已下单,2025/5/10 22:57,1746887486012,0.75,2,dd391ccef6b13960d42d394c8934fc97-~1746887486012-~233762582,app-android,75,0,待定,2025/5/10 23:39,2025/5/10 23:55,1,2025/5/10 23:42,NULL
1101418,25051099674089,231576604,1,已付款,2025/5/10 22:45,1746805754556,4.06,2,dd391ccef6b13960d42d394c8934fc97-~1746805754556-~231576604,app-android,135.44,0,待定,2025/5/10 23:39,2025/5/10 23:55,1,2025/5/10 23:41,NULL
1101420,25051096798665,234093274,0,已失效,2025/5/10 22:37,1746886888773,22.77,2,17d4ce1e68247e20b48538fc3d6e70f9-~1746886888773-~234093274,app-ios,366.1,0,待定,2025/5/10 23:39,2025/5/10 23:55,1,2025/5/10 23:42,NULL
1101421,25051096839465,233502029,1,已付款,2025/5/10 22:36,1746874066496,0.32,2,dd391ccef6b13960d42d394c8934fc97-~1746874066496-~233502029,app-android,31.8,0,待定,2025/5/10 23:39,2025/5/10 23:55,1,2025/5/10 23:41,NULL
1101429,25051092931625,233498054,1,已付款,2025/5/10 22:19,1746880978082,22.66,2,dd391ccef6b13960d42d394c8934fc97-~1746880978082-~233498054,app-android,226.62,0,待定,2025/5/10 23:39,2025/5/10 23:55,1,2025/5/10 23:41,NULL
1101430,25051099299465,233460954,0,已失效,2025/5/10 22:17,1746886552914,0.19,2,dd391ccef6b13960d42d394c8934fc97-~1746886552914-~233460954,app-android,3.82,0,待定,2025/5/10 23:39,2025/5/10 23:55,1,2025/5/10 23:41,NULL
1101431,25051099274665,233502003,1,已付款,2025/5/10 22:16,1746861046188,2.35,2,17d4ce1e68247e20b48538fc3d6e70f9-~1746861046188-~233502003,app-ios,33.5,0,待定,2025/5/10 23:39,2025/5/10 23:55,1,2025/5/10 23:41,NULL
1101432,25051084311945,233502003,1,已付款,2025/5/10 22:12,1746865647346,0.49,2,17d4ce1e68247e20b48538fc3d6e70f9-~1746865647346-~233502003,app-ios,49.32,0,待定,2025/5/10 23:39,2025/5/10 23:55,1,2025/5/10 23:41,NULL
1101434,25051084183145,231576604,1,已付款,2025/5/10 22:07,1746885616496,2.66,2,dd391ccef6b13960d42d394c8934fc97-~1746885616496-~231576604,app-android,88.75,0,待定,2025/5/10 23:39,2025/5/10 23:55,1,2025/5/10 23:41,NULL
1101436,25051098608265,231576604,0,已失效,2025/5/10 22:03,1746840375499,2.04,2,dd391ccef6b13960d42d394c8934fc97-~1746840375499-~231576604,app-android,68,0,待定,2025/5/10 23:39,2025/5/10 23:55,1,2025/5/10 23:41,NULL
1101438,25051098743465,233502003,1,已付款,2025/5/10 22:01,1746859734148,2.8,2,17d4ce1e68247e20b48538fc3d6e70f9-~1746859734148-~233502003,app-ios,56,0,待定,2025/5/10 23:39,2025/5/10 23:55,1,2025/5/10 23:41,NULL
1101445,25051081424552,231576604,1,已付款,2025/5/10 22:51,1746878174412,15.29,2,dd391ccef6b13960d42d394c8934fc97-~1746878174412-~231576604,app-android,241.59,0,待定,2025/5/10 23:39,2025/5/10 23:55,1,2025/5/10 23:41,NULL
1101458,25051036659112,231576604,1,已付款,2025/5/10 22:14,1746846384689,12.32,2,dd391ccef6b13960d42d394c8934fc97-~1746846384689-~231576604,app-android,253,0,待定,2025/5/10 23:39,2025/5/10 23:55,1,2025/5/10 23:41,NULL
1101463,25051001563880,231576604,1,已付款,2025/5/10 22:10,1746834400477,0,2,dd391ccef6b13960d42d394c8934fc97-~1746834400477-~231576604,app-android,39,1,/,2025/5/10 23:39,2025/5/10 23:55,0,NULL,NULL
1101465,25051004298280,233502029,1,已付款,2025/5/10 22:04,1746860471057,1.45,2,dd391ccef6b13960d42d394c8934fc97-~1746860471057-~233502029,app-android,29,0,待定,2025/5/10 23:39,2025/5/10 23:55,1,2025/5/10 23:41,NULL
1101467,25051068891335,231576604,1,已付款,2025/5/10 22:42,1746887176108,0.19,2,dd391ccef6b13960d42d394c8934fc97-~1746887176108-~231576604,app-android,38,0,待定,2025/5/10 23:39,2025/5/10 23:55,1,2025/5/10 23:41,NULL
1101472,25051082910245,234061612,0,已失效,2025/5/10 22:58,1746888958259,7.15,2,17d4ce1e68247e20b48538fc3d6e70f9-~1746888958259-~234061612,app-ios,143,0,待定,2025/5/10 23:39,2025/5/10 23:55,1,2025/5/10 23:42,NULL
1101473,25051082703045,233502003,0,已失效,2025/5/10 22:52,1746865669581,4.77,2,17d4ce1e68247e20b48538fc3d6e70f9-~1746865669581-~233502003,app-ios,159,0,待定,2025/5/10 23:39,2025/5/10 23:55,1,2025/5/10 23:41,NULL
1101481,25051090034725,231561881,1,已付款,2025/5/10 22:30,1746840556093,15.63,2,17d4ce1e68247e20b48538fc3d6e70f9-~1746840556093-~231561881,app-ios,223.32,0,待定,2025/5/10 23:39,2025/5/10 23:55,1,2025/5/10 23:41,NULL
1101482,25051093195525,231561881,1,已付款,2025/5/10 22:22,1746870985134,0,2,17d4ce1e68247e20b48538fc3d6e70f9-~1746870985134-~231561881,app-ios,2.4,1,/,2025/5/10 23:39,2025/5/10 23:55,0,NULL,NULL
1101490,25051083686245,233502003,0,已失效,2025/5/10 22:00,1746861046188,7.13,2,17d4ce1e68247e20b48538fc3d6e70f9-~1746861046188-~233502003,app-ios,177.48,0,待定,2025/5/10 23:39,2025/5/10 23:55,1,2025/5/10 23:41,NULL
1101491,25051035193412,231576604,1,已付款,2025/5/10 22:58,1746884197167,0,2,dd391ccef6b13960d42d394c8934fc97-~1746884197167-~231576604,app-android,61.48,1,/,2025/5/10 23:39,2025/5/10 23:55,0,NULL,NULL
1101505,25051099299908,233502003,1,已下单,2025/5/10 22:32,1746807583437,1.91,2,17d4ce1e68247e20b48538fc3d6e70f9-~1746807583437-~233502003,app-ios,38.2,0,待定,2025/5/10 23:39,2025/5/10 23:55,1,2025/5/10 23:41,NULL
1101506,25051002522980,233762542,1,已付款,2025/5/10 22:35,1746875527851,0.59,2,17d4ce1e68247e20b48538fc3d6e70f9-~1746875527851-~233762542,app-ios,29.4,0,待定,2025/5/10 23:39,2025/5/10 23:55,1,2025/5/10 23:42,NULL
1101507,25051002591780,233762582,1,已付款,2025/5/10 22:34,1746868245954,4.95,2,dd391ccef6b13960d42d394c8934fc97-~1746868245954-~233762582,app-android,45,0,待定,2025/5/10 23:39,2025/5/10 23:55,1,2025/5/10 23:42,NULL
1101509,25051002298276,233762582,1,已付款,2025/5/10 22:32,1746843683272,0,2,dd391ccef6b13960d42d394c8934fc97-~1746843683272-~233762582,app-android,5.13,1,/,2025/5/10 23:39,2025/5/10 23:55,0,NULL,NULL
1101512,25051080672452,231561881,1,已付款,2025/5/10 22:30,1746829389311,1.38,2,17d4ce1e68247e20b48538fc3d6e70f9-~1746829389311-~231561881,app-ios,46,0,待定,2025/5/10 23:39,2025/5/10 23:55,1,2025/5/10 23:41,NULL
1101513,25051002304580,231561881,1,已付款,2025/5/10 22:30,1746829389311,0.52,2,17d4ce1e68247e20b48538fc3d6e70f9-~1746829389311-~231561881,app-ios,52,0,待定,2025/5/10 23:39,2025/5/10 23:55,1,2025/5/10 23:41,NULL
1101516,25051037027012,231561881,1,已付款,2025/5/10 22:23,1746855279143,0.36,2,17d4ce1e68247e20b48538fc3d6e70f9-~1746855279143-~231561881,app-android,72.25,0,待定,2025/5/10 23:39,2025/5/10 23:55,1,2025/5/10 23:41,NULL
1101519,25051083440452,231576604,1,已付款,2025/5/10 22:23,1746865953118,0.2,2,dd391ccef6b13960d42d394c8934fc97-~1746865953118-~231576604,app-android,40.38,0,待定,2025/5/10 23:39,2025/5/10 23:55,1,2025/5/10 23:41,NULL
1101521,25051098703108,233502029,1,已付款,2025/5/10 22:18,1746839359031,0,2,dd391ccef6b13960d42d394c8934fc97-~1746839359031-~233502029,app-android,136,1,/,2025/5/10 23:39,2025/5/10 23:55,0,NULL,NULL
1101522,25051098678308,231576604,1,已付款,2025/5/10 22:17,1746849684978,1.18,2,dd391ccef6b13960d42d394c8934fc97-~1746849684978-~231576604,app-android,23.53,0,待定,2025/5/10 23:39,2025/5/10 23:55,1,2025/5/10 23:41,NULL
1101525,25051001588676,233762582,1,已付款,2025/5/10 22:10,1746846731406,0,2,dd391ccef6b13960d42d394c8934fc97-~1746846731406-~233762582,app-android,359,1,/,2025/5/10 23:39,2025/5/10 23:55,0,NULL,NULL
1101526,25051004504676,231561881,1,已付款,2025/5/10 22:09,1746838394976,0.21,2,17d4ce1e68247e20b48538fc3d6e70f9-~1746838394976-~231561881,app-ios,42,0,待定,2025/5/10 23:39,2025/5/10 23:55,1,2025/5/10 23:41,NULL
1101532,25051071764035,231561881,1,已付款,2025/5/10 22:30,1746856625875,0,0,17d4ce1e68247e20b48538fc3d6e70f9-~1746856625875-~231561881,app-ios,40,1,/,2025/5/10 23:39,2025/5/10 23:55,0,NULL,NULL
1101539,25051091325825,231576604,1,已付款,2025/5/10 22:57,1746886339948,0,2,dd391ccef6b13960d42d394c8934fc97-~1746886339948-~231576604,app-android,109,1,/,2025/5/10 23:39,2025/5/10 23:55,0,NULL,NULL
1101544,25051081806145,233502003,1,已下单,2025/5/10 22:33,1746807583437,1.91,2,17d4ce1e68247e20b48538fc3d6e70f9-~1746807583437-~233502003,app-ios,38.2,0,待定,2025/5/10 23:39,2025/5/10 23:55,1,2025/5/10 23:41,NULL
1101547,25051096852065,231561881,1,已付款,2025/5/10 22:34,1746878380064,0,2,17d4ce1e68247e20b48538fc3d6e70f9-~1746878380064-~231561881,app-ios,70.46,1,/,2025/5/10 23:39,2025/5/10 23:55,0,NULL,NULL
1101548,25051081878945,231576604,1,已付款,2025/5/10 22:32,1746887176108,1.2,2,dd391ccef6b13960d42d394c8934fc97-~1746887176108-~231576604,app-android,40.04,0,待定,2025/5/10 23:39,2025/5/10 23:55,1,2025/5/10 23:41,NULL
1101554,25051084084545,231576604,0,已失效,2025/5/10 22:10,1746834400477,0,2,dd391ccef6b13960d42d394c8934fc97-~1746834400477-~231576604,app-android,92,1,/,2025/5/10 23:39,2025/5/10 23:55,0,NULL,NULL
1101555,25051084152545,231561881,1,已付款,2025/5/10 22:09,1746838394976,1.63,2,17d4ce1e68247e20b48538fc3d6e70f9-~1746838394976-~231561881,app-ios,54.47,0,待定,2025/5/10 23:39,2025/5/10 23:55,1,2025/5/10 23:41,NULL
1101556,25051083802145,233502029,0,已失效,2025/5/10 22:05,1746857011452,0.8,2,dd391ccef6b13960d42d394c8934fc97-~1746857011452-~233502029,app-android,159.77,0,待定,2025/5/10 23:39,2025/5/10 23:55,1,2025/5/10 23:41,NULL
1101558,25051092021025,231576604,0,已失效,2025/5/10 22:02,1746840375499,2.37,2,dd391ccef6b13960d42d394c8934fc97-~1746840375499-~231576604,app-android,79,0,待定,2025/5/10 23:39,2025/5/10 23:55,1,2025/5/10 23:41,NULL
1101567,25051081549952,231576604,1,已付款,2025/5/10 22:59,1746835910992,28.86,2,dd391ccef6b13960d42d394c8934fc97-~1746835910992-~231576604,app-android,288.63,0,待定,2025/5/10 23:39,2025/5/10 23:55,1,2025/5/10 23:41,NULL
1101575,25051037528512,231561881,1,已付款,2025/5/10 22:42,1746873828314,6.9,2,17d4ce1e68247e20b48538fc3d6e70f9-~1746873828314-~231561881,app-ios,69,0,待定,2025/5/10 23:39,2025/5/10 23:55,1,2025/5/10 23:41,NULL
1101581,25051002442176,234093274,0,已失效,2025/5/10 22:38,1746886888773,3.95,2,17d4ce1e68247e20b48538fc3d6e70f9-~1746886888773-~234093274,app-ios,79,0,待定,2025/5/10 23:39,2025/5/10 23:55,1,2025/5/10 23:42,NULL
1101589,25051098740608,231576604,1,已付款,2025/5/10 22:16,1746869423910,1.5,2,dd391ccef6b13960d42d394c8934fc97-~1746869423910-~231576604,app-android,49.99,0,待定,2025/5/10 23:39,2025/5/10 23:55,1,2025/5/10 23:41,NULL
1101591,25051036853312,234093274,1,已付款,2025/5/10 22:19,1746872682174,0,2,17d4ce1e68247e20b48538fc3d6e70f9-~1746872682174-~234093274,app-ios,39,1,/,2025/5/10 23:39,2025/5/10 23:55,0,NULL,NULL
1101593,25051083201152,231576604,0,已失效,2025/5/10 22:17,1746849684978,3.83,2,dd391ccef6b13960d42d394c8934fc97-~1746849684978-~231576604,app-android,192.46,0,待定,2025/5/10 23:39,2025/5/10 23:55,1,2025/5/10 23:41,NULL
1101595,25051036259712,231561881,1,已付款,2025/5/10 22:12,1746831403875,17.8,2,17d4ce1e68247e20b48538fc3d6e70f9-~1746831403875-~231561881,app-ios,199.5,0,待定,2025/5/10 23:39,2025/5/10 23:55,1,2025/5/10 23:41,NULL
1101599,25051004319680,234093274,1,已付款,2025/5/10 22:03,1746872682174,0,2,17d4ce1e68247e20b48538fc3d6e70f9-~1746872682174-~234093274,app-ios,25.9,1,/,2025/5/10 23:39,2025/5/10 23:55,0,NULL,NULL
1101600,25051039320512,233498054,1,已付款,2025/5/10 22:00,1746881404827,0,2,dd391ccef6b13960d42d394c8934fc97-~1746881404827-~233498054,app-android,461,1,/,2025/5/10 23:39,2025/5/10 23:55,0,NULL,NULL
1101601,25051098207775,231561881,1,已付款,2025/5/10 23:39,1746890223853,212.2,2,17d4ce1e68247e20b48538fc3d6e70f9-~1746890223853-~231561881,app-ios,2685.92,0,待定,2025/5/10 23:39,2025/5/10 23:56,1,2025/5/10 23:56,NULL
1101602,25051095747965,231561881,1,已付款,2025/5/10 23:39,1746890223853,20.33,2,17d4ce1e68247e20b48538fc3d6e70f9-~1746890223853-~231561881,app-ios,677.77,0,待定,2025/5/10 23:39,2025/5/10 23:56,1,2025/5/10 23:56,NULL
1101604,25051067659835,231561881,1,已付款,2025/5/10 23:39,1746890223853,20.33,2,17d4ce1e68247e20b48538fc3d6e70f9-~1746890223853-~231561881,app-ios,677.77,0,待定,2025/5/10 23:39,2025/5/10 23:56,1,2025/5/10 23:56,NULL
1101605,25051032997112,231561881,1,已付款,2025/5/10 23:39,1746890223853,20.33,2,17d4ce1e68247e20b48538fc3d6e70f9-~1746890223853-~231561881,app-ios,677.77,0,待定,2025/5/10 23:39,2025/5/10 23:56,1,2025/5/10 23:56,NULL
1101608,25051089508725,231561881,1,已付款,2025/5/10 23:39,1746890223853,20.33,2,17d4ce1e68247e20b48538fc3d6e70f9-~1746890223853-~231561881,app-ios,677.78,0,待定,2025/5/10 23:39,2025/5/10 23:56,1,2025/5/10 23:56,NULL
1101616,25051095292808,231561881,1,已付款,2025/5/10 23:39,1746890223853,20.33,2,17d4ce1e68247e20b48538fc3d6e70f9-~1746890223853-~231561881,app-ios,677.78,0,待定,2025/5/10 23:39,2025/5/10 23:56,1,2025/5/10 23:56,NULL
1101690,25051067021335,233498054,0,已失效,2025/5/10 23:19,1746889706899,2.3,2,dd391ccef6b13960d42d394c8934fc97-~1746889706899-~233498054,app-android,76.54,0,待定,2025/5/10 23:39,2025/5/10 23:56,1,2025/5/10 23:56,NULL
1101698,25051083277845,231561881,1,已付款,2025/5/10 23:10,1746804323228,1.24,2,17d4ce1e68247e20b48538fc3d6e70f9-~1746804323228-~231561881,app-ios,41.2,0,待定,2025/5/10 23:39,2025/5/10 23:55,1,2025/5/10 23:41,NULL
1101711,25051097157108,233502029,0,已失效,2025/5/10 23:06,1746857796819,0,2,dd391ccef6b13960d42d394c8934fc97-~1746857796819-~233502029,app-android,68,1,/,2025/5/10 23:39,2025/5/10 23:55,0,NULL,NULL
1101716,25051000349780,234061612,1,已付款,2025/5/10 23:00,1746888090876,0,2,17d4ce1e68247e20b48538fc3d6e70f9-~1746888090876-~234061612,app-ios,0.01,0,待定,2025/5/10 23:39,2025/5/10 23:55,0,NULL,NULL
1101720,25051067031635,233498054,1,已付款,2025/5/10 23:19,1746889706899,1.15,2,dd391ccef6b13960d42d394c8934fc97-~1746889706899-~233498054,app-android,38.26,0,待定,2025/5/10 23:39,2025/5/10 23:56,1,2025/5/10 23:56,NULL
1101724,25051088841425,233498054,1,已付款,2025/5/10 23:21,1746873999921,0,2,dd391ccef6b13960d42d394c8934fc97-~1746873999921-~233498054,app-android,41.94,1,/,2025/5/10 23:39,2025/5/10 23:55,0,NULL,NULL
1101725,25051088884625,231561881,1,已付款,2025/5/10 23:19,1746863445466,0,2,17d4ce1e68247e20b48538fc3d6e70f9-~1746863445466-~231561881,app-ios,139.9,1,/,2025/5/10 23:39,2025/5/10 23:55,0,NULL,NULL
1101732,25051097940208,233498054,1,已付款,2025/5/10 23:19,1746889706899,1.15,2,dd391ccef6b13960d42d394c8934fc97-~1746889706899-~233498054,app-android,38.28,0,待定,2025/5/10 23:39,2025/5/10 23:56,1,2025/5/10 23:56,NULL
1101733,25051000842480,233502003,1,已付款,2025/5/10 23:18,1746842603928,5.55,2,17d4ce1e68247e20b48538fc3d6e70f9-~1746842603928-~233502003,app-ios,185,0,待定,2025/5/10 23:39,2025/5/10 23:55,1,2025/5/10 23:41,NULL
1101734,25051097606608,231576604,1,已付款,2025/5/10 23:15,1746855457496,0,2,dd391ccef6b13960d42d394c8934fc97-~1746855457496-~231576604,app-android,62.94,1,/,2025/5/10 23:39,2025/5/10 23:55,0,NULL,NULL
1101735,25051078908752,231576604,0,已失效,2025/5/10 23:13,1746855457496,0,2,dd391ccef6b13960d42d394c8934fc97-~1746855457496-~231576604,app-android,62.94,1,/,2025/5/10 23:39,2025/5/10 23:55,0,NULL,NULL
1101743,25051080399245,234061612,1,已付款,2025/5/10 23:22,1746858393548,9.42,2,17d4ce1e68247e20b48538fc3d6e70f9-~1746858393548-~234061612,app-ios,157,0,待定,2025/5/10 23:39,2025/5/10 23:55,1,2025/5/10 23:42,NULL
1101745,25051088605325,231576604,1,已付款,2025/5/10 23:17,1746806457385,0,2,dd391ccef6b13960d42d394c8934fc97-~1746806457385-~231576604,app-android,115.13,1,/,2025/5/10 23:39,2025/5/10 23:55,0,NULL,NULL
1101755,25051097583308,231561881,0,已失效,2025/5/10 23:18,1746863445466,0,2,17d4ce1e68247e20b48538fc3d6e70f9-~1746863445466-~231561881,app-ios,382.7,1,/,2025/5/10 23:39,2025/5/10 23:55,0,NULL,NULL
1101762,25051097187308,231561881,0,已失效,2025/5/10 23:07,1746889392214,0,2,17d4ce1e68247e20b48538fc3d6e70f9-~1746889392214-~231561881,app-ios,1638.7,0,待定,2025/5/10 23:39,2025/5/10 23:55,0,NULL,NULL
1101763,25051000196780,231576604,1,已付款,2025/5/10 23:04,1746874196655,21.98,2,dd391ccef6b13960d42d394c8934fc97-~1746874196655-~231576604,app-android,314,0,待定,2025/5/10 23:39,2025/5/10 23:55,1,2025/5/10 23:41,NULL
1101773,25051088334025,231576604,1,已付款,2025/5/10 23:12,1746872826941,1.15,2,dd391ccef6b13960d42d394c8934fc97-~1746872826941-~231576604,app-android,33.95,0,待定,2025/5/10 23:39,2025/5/10 23:55,1,2025/5/10 23:41,NULL
1101787,25051000579880,231576604,1,已付款,2025/5/10 23:14,1746888707208,10.36,2,dd391ccef6b13960d42d394c8934fc97-~1746888707208-~231576604,app-android,289.52,0,待定,2025/5/10 23:39,2025/5/10 23:55,1,2025/5/10 23:41,NULL
1101788,25051078913352,234093274,1,已付款,2025/5/10 23:13,1746869891988,119.98,2,17d4ce1e68247e20b48538fc3d6e70f9-~1746869891988-~234093274,app-ios,1714,0,待定,2025/5/10 23:39,2025/5/10 23:55,1,2025/5/10 23:42,NULL
1101791,25051035539912,231561881,1,已付款,2025/5/10 23:10,1746804323228,1.17,2,17d4ce1e68247e20b48538fc3d6e70f9-~1746804323228-~231561881,app-ios,39.1,0,待定,2025/5/10 23:39,2025/5/10 23:55,1,2025/5/10 23:41,NULL
1101796,25051069801735,233762582,1,已付款,2025/5/10 23:00,1746875073362,1.85,2,dd391ccef6b13960d42d394c8934fc97-~1746875073362-~233762582,app-ios,185,0,待定,2025/5/10 23:39,2025/5/10 23:55,1,2025/5/10 23:42,NULL
1101807,25051083289445,233498046,1,已付款,2025/5/10 23:08,1746877075280,1.57,2,17d4ce1e68247e20b48538fc3d6e70f9-~1746877075280-~233498046,app-ios,31.4,0,待定,2025/5/10 23:39,2025/5/10 23:55,1,2025/5/10 23:41,NULL
1101808,25051082980645,233502003,1,已付款,2025/5/10 23:05,1746862331864,1.64,2,17d4ce1e68247e20b48538fc3d6e70f9-~1746862331864-~233502003,app-ios,82,0,待定,2025/5/10 23:39,2025/5/10 23:55,1,2025/5/10 23:41,NULL
1101810,25051097852965,233762542,1,已付款,2025/5/10 23:01,1746865740247,41.8,2,17d4ce1e68247e20b48538fc3d6e70f9-~1746865740247-~233762542,app-ios,836,0,待定,2025/5/10 23:39,2025/5/10 23:55,1,2025/5/10 23:42,NULL
1101818,25051097853508,231576604,1,已付款,2025/5/10 23:23,1746888851452,0,2,dd391ccef6b13960d42d394c8934fc97-~1746888851452-~231576604,app-android,1,0,待定,2025/5/10 23:39,2025/5/10 23:55,0,NULL,NULL
1101830,25051081856452,231561881,1,已付款,2025/5/10 23:02,1746857888430,1.4,2,17d4ce1e68247e20b48538fc3d6e70f9-~1746857888430-~231561881,app-ios,17.46,0,待定,2025/5/10 23:39,2025/5/10 23:55,1,2025/5/10 23:41,NULL
1101856,25051000901280,231576604,1,已付款,2025/5/10 23:17,1746889617502,7.46,2,dd391ccef6b13960d42d394c8934fc97-~1746889617502-~231576604,app-android,114,0,待定,2025/5/10 23:39,2025/5/10 23:55,1,2025/5/10 23:41,NULL
1101859,25051079001152,233502029,1,已付款,2025/5/10 23:13,1746873942199,4.19,2,dd391ccef6b13960d42d394c8934fc97-~1746873942199-~233502029,app-android,38.09,0,待定,2025/5/10 23:39,2025/5/10 23:55,1,2025/5/10 23:41,NULL
1101861,25051035343712,233762582,1,已付款,2025/5/10 23:05,1746672805774,11.68,2,dd391ccef6b13960d42d394c8934fc97-~1746672805774-~233762582,app-android,146,0,待定,2025/5/10 23:39,2025/5/10 23:55,1,2025/5/10 23:42,NULL
1101865,25051081071645,234093274,1,已付款,2025/5/10 23:39,1746888874552,0.17,2,17d4ce1e68247e20b48538fc3d6e70f9-~1746888874552-~234093274,app-ios,34.65,0,待定,2025/5/10 23:39,2025/5/10 23:56,1,2025/5/10 23:56,NULL
1101929,25051095236908,233502003,1,已付款,2025/5/10 23:40,1746890601751,2.4,2,17d4ce1e68247e20b48538fc3d6e70f9-~1746890601751-~233502003,app-ios,85.1,0,待定,2025/5/10 23:40,2025/5/10 23:57,1,2025/5/10 23:57,NULL
1101940,25051081015645,233498046,1,已付款,2025/5/10 23:41,1746890065020,0,2,17d4ce1e68247e20b48538fc3d6e70f9-~1746890065020-~233498046,app-ios,133,1,/,2025/5/10 23:41,2025/5/10 23:55,0,NULL,NULL
1101943,25051079712252,233502003,1,已付款,2025/5/10 23:41,1746845210709,10.19,2,17d4ce1e68247e20b48538fc3d6e70f9-~1746845210709-~233502003,app-ios,92.6,0,待定,2025/5/10 23:41,2025/5/10 23:58,1,2025/5/10 23:58,NULL
1101946,25051033353912,233762542,1,已付款,2025/5/10 23:41,1746889782444,37.36,2,17d4ce1e68247e20b48538fc3d6e70f9-~1746889782444-~233762542,app-ios,510.7,0,待定,2025/5/10 23:41,2025/5/10 23:57,1,2025/5/10 23:57,NULL
1101953,25051033359312,233502003,1,已付款,2025/5/10 23:41,1746889280374,0,2,17d4ce1e68247e20b48538fc3d6e70f9-~1746889280374-~233502003,app-ios,175,1,/,2025/5/10 23:41,2025/5/10 23:55,0,NULL,NULL
1101959,25051081017545,231561881,1,已付款,2025/5/10 23:41,1746891116306,0,2,17d4ce1e68247e20b48538fc3d6e70f9-~1746891116306-~231561881,app-ios,2.7,1,/,2025/5/10 23:41,2025/5/10 23:55,0,NULL,NULL
1102071,25051033327312,233502029,1,已付款,2025/5/10 23:43,1746854157516,0.63,2,dd391ccef6b13960d42d394c8934fc97-~1746854157516-~233502029,app-android,63,0,待定,2025/5/10 23:43,2025/5/10 23:59,1,2025/5/11 0:00,NULL
1105482,25051033184012,233502003,1,已付款,2025/5/10 23:45,1746872066298,9.8,2,17d4ce1e68247e20b48538fc3d6e70f9-~1746872066298-~233502003,app-ios,280,0,待定,2025/5/10 23:46,2025/5/10 23:55,0,NULL,NULL
1105532,25051079881652,234093274,1,已付款,2025/5/10 23:46,1746879622735,0,2,17d4ce1e68247e20b48538fc3d6e70f9-~1746879622735-~234093274,app-ios,60.6,1,/,2025/5/10 23:47,2025/5/10 23:55,0,NULL,NULL
1105559,25051024602580,233476754,1,已付款,2025/5/10 23:44,1746859124701,51.69,2,17d4ce1e68247e20b48538fc3d6e70f9-~1746859124701-~233476754,app-android,1090,0,待定,2025/5/10 23:47,2025/5/10 23:55,0,NULL,NULL
1105571,25051081198445,233460954,1,已付款,2025/5/10 23:47,1746891550786,1.97,0,dd391ccef6b13960d42d394c8934fc97-~1746891550786-~233460954,app-android,65.83,0,待定,2025/5/10 23:47,2025/5/10 23:55,0,NULL,NULL
1105600,25051095431308,234061612,1,已付款,2025/5/10 23:47,1746878444214,0.22,2,17d4ce1e68247e20b48538fc3d6e70f9-~1746878444214-~234061612,app-ios,7.79,0,待定,2025/5/10 23:48,2025/5/10 23:55,0,NULL,NULL
1105649,25051033574512,231576604,1,已付款,2025/5/10 23:48,1746805112837,0.15,2,dd391ccef6b13960d42d394c8934fc97-~1746805112837-~231576604,app-android,19.9,0,待定,2025/5/10 23:49,2025/5/10 23:55,0,NULL,NULL
1109037,25051033533912,233502003,1,已付款,2025/5/10 23:50,1746892175671,10.8,2,17d4ce1e68247e20b48538fc3d6e70f9-~1746892175671-~233502003,app-ios,360,0,待定,2025/5/10 23:51,2025/5/10 23:55,0,NULL,NULL
1109090,25051095322208,233502003,1,已付款,2025/5/10 23:51,1746890601751,2.4,2,17d4ce1e68247e20b48538fc3d6e70f9-~1746890601751-~233502003,app-ios,85.1,0,待定,2025/5/10 23:51,2025/5/10 23:55,0,NULL,NULL
1109094,25051096211965,233502029,1,已付款,2025/5/10 23:52,1746890879849,10.01,2,dd391ccef6b13960d42d394c8934fc97-~1746890879849-~233502029,app-android,143,0,待定,2025/5/10 23:52,2025/5/10 23:57,0,NULL,NULL
1109170,25051098601675,231576604,1,已付款,2025/5/10 23:53,1746891743060,3.42,0,dd391ccef6b13960d42d394c8934fc97-~1746891743060-~231576604,app-android,38,0,待定,2025/5/10 23:53,2025/5/10 23:57,0,NULL,NULL
1109192,25051081459345,233502003,1,已付款,2025/5/10 23:53,1746891464843,0,2,17d4ce1e68247e20b48538fc3d6e70f9-~1746891464843-~233502003,app-ios,0,0,待定,2025/5/10 23:53,2025/5/10 23:58,0,NULL,NULL
1109238,25051095611708,233762582,1,已付款,2025/5/10 23:54,1746858648875,0.22,2,dd391ccef6b13960d42d394c8934fc97-~1746858648875-~233762582,app-android,48.48,0,待定,2025/5/10 23:54,2025/5/10 23:59,0,NULL,NULL
1109254,25051033432012,233762582,1,已付款,2025/5/10 23:54,1746858648875,0.29,2,dd391ccef6b13960d42d394c8934fc97-~1746858648875-~233762582,app-android,63.52,0,待定,2025/5/10 23:54,2025/5/10 23:59,0,NULL,NULL
1109261,25051095611108,231561881,1,已付款,2025/5/10 23:54,1746838242545,0.57,2,17d4ce1e68247e20b48538fc3d6e70f9-~1746838242545-~231561881,app-ios,57,0,待定,2025/5/10 23:54,2025/5/10 23:59,0,NULL,NULL
1111770,25051095625008,231576604,1,已付款,2025/5/10 23:54,1746881795563,4.06,2,dd391ccef6b13960d42d394c8934fc97-~1746881795563-~231576604,app-android,40.55,0,待定,2025/5/10 23:55,2025/5/10 23:59,0,NULL,NULL
1112684,25051033784512,231576604,1,已付款,2025/5/10 23:56,1746864933572,0,2,dd391ccef6b13960d42d394c8934fc97-~1746864933572-~231576604,app-android,16.59,1,/,2025/5/10 23:56,2025/5/11 0:01,0,NULL,NULL
1112685,25051033782112,233502003,1,已付款,2025/5/10 23:56,1746890601751,2.4,2,17d4ce1e68247e20b48538fc3d6e70f9-~1746890601751-~233502003,app-ios,85.1,0,待定,2025/5/10 23:56,2025/5/11 0:00,0,NULL,NULL
1112716,25051096447165,234061612,1,已付款,2025/5/10 23:57,1746889921174,0.62,2,17d4ce1e68247e20b48538fc3d6e70f9-~1746889921174-~234061612,app-ios,25.8,0,待定,2025/5/10 23:57,2025/5/11 0:01,0,NULL,NULL
1112737,25051096452165,231576604,1,已付款,2025/5/10 23:57,1746834021405,0,2,dd391ccef6b13960d42d394c8934fc97-~1746834021405-~231576604,app-android,99,1,/,2025/5/10 23:57,2025/5/11 0:02,0,NULL,NULL
1112837,25051003384753,234093274,1,已付款,2025/5/10 23:56,1746879017837,1.7,2,17d4ce1e68247e20b48538fc3d6e70f9-~1746879017837-~234093274,app-ios,14.2,0,待定,2025/5/10 23:59,2025/5/11 0:00,0,NULL,NULL
1112948,25051168898966,233498046,1,已付款,2025/5/11 0:01,1746890588103,1.35,2,17d4ce1e68247e20b48538fc3d6e70f9-~1746890588103-~233498046,app-ios,26.99,0,待定,2025/5/11 0:02,2025/5/11 8:55,1,2025/5/11 0:18,NULL
1113007,25051144222136,231561881,1,已付款,2025/5/11 0:03,1746833947473,1.86,2,17d4ce1e68247e20b48538fc3d6e70f9-~1746833947473-~231561881,app-ios,61.91,0,待定,2025/5/11 0:03,2025/5/11 8:55,1,2025/5/11 0:20,NULL
1113015,25051125633226,231561881,1,已付款,2025/5/11 0:03,1746841709278,0.48,2,17d4ce1e68247e20b48538fc3d6e70f9-~1746841709278-~231561881,app-ios,21,0,待定,2025/5/11 0:03,2025/5/11 8:55,1,2025/5/11 0:20,NULL
1113023,25051168945566,231576604,1,已付款,2025/5/11 0:03,1746857425523,1.29,2,dd391ccef6b13960d42d394c8934fc97-~1746857425523-~231576604,app-android,129,0,待定,2025/5/11 0:04,2025/5/11 8:55,1,2025/5/11 0:20,NULL
1113039,25051125669326,231576604,1,已付款,2025/5/11 0:03,1746857425523,0.4,2,dd391ccef6b13960d42d394c8934fc97-~1746857425523-~231576604,app-android,39.9,0,待定,2025/5/11 0:04,2025/5/11 8:55,1,2025/5/11 0:20,NULL
1113046,25051131215846,231576604,0,已失效,2025/5/11 0:03,1746857425523,1.69,2,dd391ccef6b13960d42d394c8934fc97-~1746857425523-~231576604,app-android,168.9,0,待定,2025/5/11 0:04,2025/5/11 8:55,1,2025/5/11 0:20,NULL
1113132,25051131260646,233502003,1,已付款,2025/5/11 0:05,1746806515518,0.01,2,17d4ce1e68247e20b48538fc3d6e70f9-~1746806515518-~233502003,app-ios,1.53,0,待定,2025/5/11 0:05,2025/5/11 8:55,1,2025/5/11 0:22,NULL
1113135,25051161680259,231576604,1,已付款,2025/5/11 0:05,1746883986274,13.04,2,dd391ccef6b13960d42d394c8934fc97-~1746883986274-~231576604,app-android,373.6,0,待定,2025/5/11 0:05,2025/5/11 8:55,1,2025/5/11 0:22,NULL
1113222,25051117144303,231561881,1,已付款,2025/5/11 0:08,1746870540562,28.21,2,17d4ce1e68247e20b48538fc3d6e70f9-~1746870540562-~231561881,app-ios,403.05,0,待定,2025/5/11 0:08,2025/5/11 8:55,1,2025/5/11 0:25,NULL
1113268,25051140090882,231576604,1,已付款,2025/5/11 0:09,1746881093999,2.92,2,dd391ccef6b13960d42d394c8934fc97-~1746881093999-~231576604,app-android,58.43,0,待定,2025/5/11 0:09,2025/5/11 8:55,1,2025/5/11 0:25,NULL
1113350,25051160085046,233502003,1,已付款,2025/5/11 0:12,1746848787431,4.39,2,17d4ce1e68247e20b48538fc3d6e70f9-~1746848787431-~233502003,app-ios,107,0,待定,2025/5/11 0:12,2025/5/11 8:55,1,2025/5/11 0:29,NULL
1113366,25051125871026,231576604,1,已付款,2025/5/11 0:12,1746886978404,0,2,dd391ccef6b13960d42d394c8934fc97-~1746886978404-~231576604,app-android,128.01,1,/,2025/5/11 0:13,2025/5/11 8:55,0,NULL,NULL
1113377,25051161058459,233502029,1,已付款,2025/5/11 0:13,1746877379811,0.72,2,dd391ccef6b13960d42d394c8934fc97-~1746877379811-~233502029,app-android,143.93,0,待定,2025/5/11 0:13,2025/5/11 8:55,1,2025/5/11 0:30,NULL
1113386,25051171613166,233502029,1,已付款,2025/5/11 0:13,1746877379811,1.2,2,dd391ccef6b13960d42d394c8934fc97-~1746877379811-~233502029,app-android,39.88,0,待定,2025/5/11 0:13,2025/5/11 8:55,1,2025/5/11 0:30,NULL
1113409,25051161077659,231576604,1,已付款,2025/5/11 0:14,1746892816571,6.42,2,dd391ccef6b13960d42d394c8934fc97-~1746892816571-~231576604,app-android,107,0,待定,2025/5/11 0:14,2025/5/11 8:55,1,2025/5/11 0:31,NULL
1113416,25051130742610,233502003,1,已付款,2025/5/11 0:14,1746841341350,0,2,17d4ce1e68247e20b48538fc3d6e70f9-~1746841341350-~233502003,app-ios,4.69,1,/,2025/5/11 0:14,2025/5/11 8:55,0,NULL,NULL
1113421,25051160151946,231576604,0,已失效,2025/5/11 0:14,1746858819316,0,2,dd391ccef6b13960d42d394c8934fc97-~1746858819316-~231576604,app-android,164.06,1,/,2025/5/11 0:14,2025/5/11 8:55,0,NULL,NULL
1113469,25051125887526,231561881,1,已付款,2025/5/11 0:14,1746866184783,0,2,17d4ce1e68247e20b48538fc3d6e70f9-~1746866184783-~231561881,app-ios,637,1,/,2025/5/11 0:15,2025/5/11 8:55,0,NULL,NULL
1113473,25051165932676,231576604,0,已失效,2025/5/11 0:14,1746858819316,0,2,dd391ccef6b13960d42d394c8934fc97-~1746858819316-~231576604,app-android,28.49,1,/,2025/5/11 0:15,2025/5/11 8:55,0,NULL,NULL
1113496,25051130759910,231576604,0,已失效,2025/5/11 0:14,1746858819316,0,2,dd391ccef6b13960d42d394c8934fc97-~1746858819316-~231576604,app-android,135.57,1,/,2025/5/11 0:15,2025/5/11 8:55,0,NULL,NULL
1113564,25051120783036,231561881,1,已付款,2025/5/11 0:16,1746893713266,2.1,2,17d4ce1e68247e20b48538fc3d6e70f9-~1746893713266-~231561881,app-ios,19,0,待定,2025/5/11 0:17,2025/5/11 8:55,1,2025/5/11 0:32,NULL
1113608,25051166006076,234061612,1,已付款,2025/5/11 0:18,1746893031583,10.89,2,17d4ce1e68247e20b48538fc3d6e70f9-~1746893031583-~234061612,app-ios,363,0,待定,2025/5/11 0:18,2025/5/11 8:55,1,2025/5/11 0:35,NULL
1113639,25051139480082,233762582,1,已付款,2025/5/11 0:19,1746846102162,0,2,dd391ccef6b13960d42d394c8934fc97-~1746846102162-~233762582,app-android,1,1,/,2025/5/11 0:19,2025/5/11 8:55,0,NULL,NULL
1113641,25051139447982,231561881,1,已付款,2025/5/11 0:16,1746840480324,0.84,2,17d4ce1e68247e20b48538fc3d6e70f9-~1746840480324-~231561881,app-ios,7,0,待定,2025/5/11 0:19,2025/5/11 8:55,1,2025/5/11 0:32,NULL
1113733,25051130867710,233460954,1,已付款,2025/5/11 0:20,1746893088907,2.01,2,dd391ccef6b13960d42d394c8934fc97-~1746893088907-~233460954,app-android,72,0,待定,2025/5/11 0:20,2025/5/11 8:55,1,2025/5/11 0:37,NULL
1113825,25051139523382,231576604,0,已失效,2025/5/11 0:20,1746893252622,2.4,2,dd391ccef6b13960d42d394c8934fc97-~1746893252622-~231576604,app-ios,47.96,0,待定,2025/5/11 0:23,2025/5/11 8:55,1,2025/5/11 0:37,NULL
1113845,25051130943010,233502003,1,已付款,2025/5/11 0:24,1746846835851,0.56,2,17d4ce1e68247e20b48538fc3d6e70f9-~1746846835851-~233502003,app-ios,55.72,0,待定,2025/5/11 0:24,2025/5/11 8:55,1,2025/5/11 0:41,NULL
1113849,25051160321046,233502003,0,已失效,2025/5/11 0:24,1746893734791,0,2,17d4ce1e68247e20b48538fc3d6e70f9-~1746893734791-~233502003,app-ios,211.18,1,/,2025/5/11 0:24,2025/5/11 8:55,0,NULL,NULL
1113853,25051125247726,231576604,1,已付款,2025/5/11 0:24,1746810524607,0.24,2,dd391ccef6b13960d42d394c8934fc97-~1746810524607-~231576604,app-android,28.53,0,待定,2025/5/11 0:24,2025/5/11 8:55,1,2025/5/11 0:41,NULL
1113939,25051161280859,233498054,1,已付款,2025/5/11 0:25,1746893083501,7.44,2,dd391ccef6b13960d42d394c8934fc97-~1746893083501-~233498054,app-android,156,0,待定,2025/5/11 0:25,2025/5/11 8:55,1,2025/5/11 0:42,NULL
1113944,25051160355946,233502003,1,已付款,2025/5/11 0:25,1746893734791,0,2,17d4ce1e68247e20b48538fc3d6e70f9-~1746893734791-~233502003,app-ios,160.2,1,/,2025/5/11 0:25,2025/5/11 8:55,0,NULL,NULL
1113945,25051165329576,233498054,1,已付款,2025/5/11 0:25,1746869296093,1.16,2,dd391ccef6b13960d42d394c8934fc97-~1746869296093-~233498054,app-android,43.73,0,待定,2025/5/11 0:25,2025/5/11 8:55,1,2025/5/11 0:42,NULL
1113947,25051165306276,233502003,1,已付款,2025/5/11 0:25,1746893734791,0,2,17d4ce1e68247e20b48538fc3d6e70f9-~1746893734791-~233502003,app-ios,50.98,1,/,2025/5/11 0:25,2025/5/11 8:55,0,NULL,NULL
1113973,25051125306426,231576604,1,已付款,2025/5/11 0:26,1746893409743,8.7,2,dd391ccef6b13960d42d394c8934fc97-~1746893409743-~231576604,app-android,174,0,待定,2025/5/11 0:27,2025/5/11 8:55,1,2025/5/11 0:43,NULL
1113976,25051125309326,234093274,1,已付款,2025/5/11 0:26,1746870804029,6.96,2,17d4ce1e68247e20b48538fc3d6e70f9-~1746870804029-~234093274,app-ios,232,0,待定,2025/5/11 0:27,2025/5/11 8:55,1,2025/5/11 0:43,NULL
1113985,25051165336576,233498046,1,已付款,2025/5/11 0:26,1746855082526,1.79,2,17d4ce1e68247e20b48538fc3d6e70f9-~1746855082526-~233498046,app-ios,64.68,0,待定,2025/5/11 0:27,2025/5/11 8:55,1,2025/5/11 0:43,NULL
1114014,25051130985210,231576604,0,已失效,2025/5/11 0:28,1746858819316,0,2,dd391ccef6b13960d42d394c8934fc97-~1746858819316-~231576604,app-android,444.37,1,/,2025/5/11 0:28,2025/5/11 8:55,0,NULL,NULL
1114024,25051125340226,231576604,0,已失效,2025/5/11 0:28,1746858819316,0,2,dd391ccef6b13960d42d394c8934fc97-~1746858819316-~231576604,app-android,28.03,1,/,2025/5/11 0:28,2025/5/11 8:55,0,NULL,NULL
1114032,25051159591346,231576604,1,已付款,2025/5/11 0:28,1746867344737,5.37,2,dd391ccef6b13960d42d394c8934fc97-~1746867344737-~231576604,app-android,179,0,待定,2025/5/11 0:29,2025/5/11 8:55,1,2025/5/11 0:45,NULL
1114057,25051121012736,234093274,1,已付款,2025/5/11 0:29,1746881903980,0.3,2,17d4ce1e68247e20b48538fc3d6e70f9-~1746881903980-~234093274,app-ios,60.7,0,待定,2025/5/11 0:29,2025/5/11 8:55,1,2025/5/11 0:46,NULL
1114159,25051131012110,233460954,1,已付款,2025/5/11 0:30,1746887701679,1.19,2,dd391ccef6b13960d42d394c8934fc97-~1746887701679-~233460954,app-android,44.51,0,待定,2025/5/11 0:30,2025/5/11 8:55,1,2025/5/11 0:47,NULL
1114167,25051125344926,233502003,1,已付款,2025/5/11 0:30,1746892847172,4.17,2,17d4ce1e68247e20b48538fc3d6e70f9-~1746892847172-~233502003,app-ios,83.42,0,待定,2025/5/11 0:30,2025/5/11 8:55,1,2025/5/11 0:47,NULL
1114223,25051145434503,233502029,1,已付款,2025/5/11 0:33,1746892981840,0.33,2,dd391ccef6b13960d42d394c8934fc97-~1746892981840-~233502029,app-android,16,0,待定,2025/5/11 0:33,2025/5/11 8:55,1,2025/5/11 0:50,NULL
1114346,25051120289036,231576604,1,已付款,2025/5/11 0:35,1746840645357,2.85,2,dd391ccef6b13960d42d394c8934fc97-~1746840645357-~231576604,app-android,35.67,0,待定,2025/5/11 0:35,2025/5/11 8:55,1,2025/5/11 0:52,NULL
1114394,25051171269866,233762542,1,已付款,2025/5/11 0:38,1746855138431,12.51,2,17d4ce1e68247e20b48538fc3d6e70f9-~1746855138431-~233762542,app-ios,178.76,0,待定,2025/5/11 0:38,2025/5/11 8:55,1,2025/5/11 0:55,NULL
1114395,25051165521576,231561881,1,已付款,2025/5/11 0:37,1746859382156,0,2,17d4ce1e68247e20b48538fc3d6e70f9-~1746859382156-~231561881,app-ios,66,1,/,2025/5/11 0:38,2025/5/11 8:55,0,NULL,NULL
1114428,25051133622410,233498046,1,已付款,2025/5/11 0:39,1746894745637,1.68,2,17d4ce1e68247e20b48538fc3d6e70f9-~1746894745637-~233498046,app-ios,56,0,待定,2025/5/11 0:39,2025/5/11 8:55,1,2025/5/11 0:56,NULL
1114567,25051159793446,231576604,0,已失效,2025/5/11 0:41,1746825037678,3.25,2,dd391ccef6b13960d42d394c8934fc97-~1746825037678-~231576604,app-android,112.1,0,待定,2025/5/11 0:41,2025/5/11 8:55,1,2025/5/11 0:58,NULL
1114588,25051145602903,231576604,1,已付款,2025/5/11 0:42,1746825037678,2.83,2,dd391ccef6b13960d42d394c8934fc97-~1746825037678-~231576604,app-android,28.32,0,待定,2025/5/11 0:43,2025/5/11 8:55,1,2025/5/11 0:59,NULL
1114591,25051142334282,231576604,1,已付款,2025/5/11 0:42,1746825037678,0.42,2,dd391ccef6b13960d42d394c8934fc97-~1746825037678-~231576604,app-android,83.78,0,待定,2025/5/11 0:43,2025/5/11 8:55,1,2025/5/11 0:59,NULL
1114605,25051120385436,231576604,0,已失效,2025/5/11 0:43,1746877758043,6.73,2,dd391ccef6b13960d42d394c8934fc97-~1746877758043-~231576604,app-android,1345,0,待定,2025/5/11 0:44,2025/5/11 8:55,1,2025/5/11 1:00,NULL
1114608,25051142305482,233502003,1,已付款,2025/5/11 0:40,1746894287169,0,2,17d4ce1e68247e20b48538fc3d6e70f9-~1746894287169-~233502003,app-android,70,1,/,2025/5/11 0:44,2025/5/11 8:55,0,NULL,NULL
1114617,25051145597003,234093274,1,已付款,2025/5/11 0:44,1746893866376,5.55,1,17d4ce1e68247e20b48538fc3d6e70f9-~1746893866376-~234093274,app-ios,111,0,待定,2025/5/11 0:44,2025/5/11 8:55,1,2025/5/11 1:01,NULL
1114762,25051171371966,231576604,1,已付款,2025/5/11 0:45,1746854577833,0,2,dd391ccef6b13960d42d394c8934fc97-~1746854577833-~231576604,app-android,29.22,1,/,2025/5/11 0:46,2025/5/11 8:55,0,NULL,NULL
1114766,25051142338582,233502003,1,已付款,2025/5/11 0:42,1746894287169,0,2,17d4ce1e68247e20b48538fc3d6e70f9-~1746894287169-~233502003,app-android,77,1,/,2025/5/11 0:46,2025/5/11 8:55,0,NULL,NULL
1114767,25051142353682,231576604,1,已付款,2025/5/11 0:45,1746854577833,0,2,dd391ccef6b13960d42d394c8934fc97-~1746854577833-~231576604,app-android,5.44,1,/,2025/5/11 0:46,2025/5/11 8:55,0,NULL,NULL
1114783,25051165644576,233502003,1,已付款,2025/5/11 0:46,1746852120648,0.82,2,17d4ce1e68247e20b48538fc3d6e70f9-~1746852120648-~233502003,app-ios,163,0,待定,2025/5/11 0:46,2025/5/11 8:55,1,2025/5/11 1:03,NULL
1114787,25051142370582,233780426,0,已失效,2025/5/11 0:46,1746894608368,2.06,2,17d4ce1e68247e20b48538fc3d6e70f9-~1746894608368-~233780426,app-ios,10.32,0,待定,2025/5/11 0:47,2025/5/11 8:55,1,2025/5/11 1:03,NULL
1114967,25051124811426,233780426,1,已付款,2025/5/11 0:50,1746894608368,1.89,2,17d4ce1e68247e20b48538fc3d6e70f9-~1746894608368-~233780426,app-ios,9.47,0,待定,2025/5/11 0:51,2025/5/11 8:55,1,2025/5/11 1:07,NULL
1114973,25051145730103,231576604,1,已付款,2025/5/11 0:52,1746886978404,0,2,dd391ccef6b13960d42d394c8934fc97-~1746886978404-~231576604,app-android,320,1,/,2025/5/11 0:52,2025/5/11 8:55,0,NULL,NULL
1115290,25051133939110,231576604,0,已失效,2025/5/11 1:02,1746877758043,8.15,2,dd391ccef6b13960d42d394c8934fc97-~1746877758043-~231576604,app-android,1629,0,待定,2025/5/11 1:02,2025/5/11 8:55,1,2025/5/11 1:19,NULL
1115297,25051124979626,231576604,1,已付款,2025/5/11 1:03,1746896398822,2.46,2,dd391ccef6b13960d42d394c8934fc97-~1746896398822-~231576604,app-android,82,0,待定,2025/5/11 1:04,2025/5/11 8:55,1,2025/5/11 1:20,NULL
1115453,25051160989659,231576604,0,已失效,2025/5/11 1:07,1746877758043,8.15,2,dd391ccef6b13960d42d394c8934fc97-~1746877758043-~231576604,app-android,1629,0,待定,2025/5/11 1:07,2025/5/11 8:55,1,2025/5/11 1:24,NULL
1115606,25051159330746,233498046,1,已付款,2025/5/11 1:11,1746895874764,0.24,5,17d4ce1e68247e20b48538fc3d6e70f9-~1746895874764-~233498046,app-ios,29.38,0,待定,2025/5/11 1:11,2025/5/11 8:55,1,2025/5/11 1:28,NULL
1116311,25051124444426,231561881,1,已付款,2025/5/11 1:37,1746826734109,0.81,2,17d4ce1e68247e20b48538fc3d6e70f9-~1746826734109-~231561881,app-ios,80.6,0,待定,2025/5/11 1:37,2025/5/11 8:55,1,2025/5/11 1:54,NULL
1116461,25051159526246,231576604,1,已付款,2025/5/11 1:40,1746879814599,59.72,2,dd391ccef6b13960d42d394c8934fc97-~1746879814599-~231576604,app-android,1492.7,0,待定,2025/5/11 1:41,2025/5/11 8:55,1,2025/5/11 1:57,NULL
1116478,25051167831476,233476754,1,已付款,2025/5/11 1:43,1746868362565,0,2,17d4ce1e68247e20b48538fc3d6e70f9-~1746868362565-~233476754,app-ios,4.41,1,/,2025/5/11 1:44,2025/5/11 8:55,0,NULL,NULL
1116644,25051167819776,233460954,1,已付款,2025/5/11 1:45,1746867660757,0,2,dd391ccef6b13960d42d394c8934fc97-~1746867660757-~233460954,app-android,22.92,1,/,2025/5/11 1:46,2025/5/11 8:55,0,NULL,NULL
1116657,25051124514726,231576604,1,已付款,2025/5/11 1:48,1746863431024,0.01,2,dd391ccef6b13960d42d394c8934fc97-~1746863431024-~231576604,app-android,1,0,待定,2025/5/11 1:48,2025/5/11 8:55,1,2025/5/11 2:05,NULL
1116812,25051158761846,231561881,1,已付款,2025/5/11 1:50,1746826734109,17.64,2,17d4ce1e68247e20b48538fc3d6e70f9-~1746826734109-~231561881,app-ios,252,0,待定,2025/5/11 1:50,2025/5/11 8:55,1,2025/5/11 2:07,NULL
1116974,25051160537459,231561881,1,已付款,2025/5/11 1:56,1746826734109,5.1,2,17d4ce1e68247e20b48538fc3d6e70f9-~1746826734109-~231561881,app-ios,189,0,待定,2025/5/11 1:56,2025/5/11 8:55,1,2025/5/11 2:13,NULL
1116981,25051120239236,231561881,1,已付款,2025/5/11 1:58,1746826734109,0.88,2,17d4ce1e68247e20b48538fc3d6e70f9-~1746826734109-~231561881,app-ios,88.1,0,待定,2025/5/11 1:59,2025/5/11 8:55,1,2025/5/11 2:15,NULL
1117139,25051120225836,233762542,1,已下单,2025/5/11 2:01,1746847856714,5.39,2,17d4ce1e68247e20b48538fc3d6e70f9-~1746847856714-~233762542,app-ios,77,0,待定,2025/5/11 2:02,2025/5/11 8:55,1,2025/5/11 2:18,NULL
1117303,25051158873846,233762542,0,已失效,2025/5/11 2:07,1746847856714,4.48,2,17d4ce1e68247e20b48538fc3d6e70f9-~1746847856714-~233762542,app-ios,64,0,待定,2025/5/11 2:07,2025/5/11 8:55,1,2025/5/11 2:23,NULL
1117308,25051160617859,233762542,1,已付款,2025/5/11 2:09,1746892573426,0,2,17d4ce1e68247e20b48538fc3d6e70f9-~1746892573426-~233762542,app-ios,28,1,/,2025/5/11 2:09,2025/5/11 8:55,0,NULL,NULL
1117934,25051168021476,231561881,1,已付款,2025/5/11 2:27,1746899803188,6.23,1,17d4ce1e68247e20b48538fc3d6e70f9-~1746899803188-~231561881,app-ios,89,0,待定,2025/5/11 2:27,2025/5/11 8:55,1,2025/5/11 2:44,NULL
1119022,25051168128976,231576604,1,已付款,2025/5/11 3:02,1746894770122,3.14,2,dd391ccef6b13960d42d394c8934fc97-~1746894770122-~231576604,app-android,104.4,0,待定,2025/5/11 3:02,2025/5/11 8:55,1,2025/5/11 3:19,NULL
1119818,25051159091846,231576604,1,已付款,2025/5/11 3:24,1746868872355,2.88,2,dd391ccef6b13960d42d394c8934fc97-~1746868872355-~231576604,app-android,96.16,0,待定,2025/5/11 3:25,2025/5/11 8:55,1,2025/5/11 3:41,NULL
1119823,25051170628066,231576604,1,已付款,2025/5/11 3:26,1746868872355,2.28,2,dd391ccef6b13960d42d394c8934fc97-~1746868872355-~231576604,app-android,57,0,待定,2025/5/11 3:26,2025/5/11 8:55,1,2025/5/11 3:43,NULL
1119995,25051119698836,231576604,1,已付款,2025/5/11 3:31,1746868872355,3.81,2,dd391ccef6b13960d42d394c8934fc97-~1746868872355-~231576604,app-android,38.1,0,待定,2025/5/11 3:32,2025/5/11 8:55,1,2025/5/11 3:47,NULL
1120001,25051133008110,233762542,1,已付款,2025/5/11 3:34,1746873233529,0,2,17d4ce1e68247e20b48538fc3d6e70f9-~1746873233529-~233762542,app-ios,3372,1,/,2025/5/11 3:34,2025/5/11 8:55,0,NULL,NULL
1120170,25051163319759,231576604,1,已付款,2025/5/11 3:37,1746868872355,2.01,2,dd391ccef6b13960d42d394c8934fc97-~1746868872355-~231576604,app-android,40.1,0,待定,2025/5/11 3:37,2025/5/11 8:55,1,2025/5/11 3:54,NULL
1120667,25051127352926,233502029,0,已失效,2025/5/11 3:51,1746843408166,1.96,2,dd391ccef6b13960d42d394c8934fc97-~1746843408166-~233502029,app-android,39.22,0,待定,2025/5/11 3:52,2025/5/11 8:55,1,2025/5/11 4:08,NULL
1120673,25051167450076,233762582,1,已付款,2025/5/11 3:54,1746889897252,3.75,2,dd391ccef6b13960d42d394c8934fc97-~1746889897252-~233762582,app-android,37.51,0,待定,2025/5/11 3:54,2025/5/11 8:55,1,2025/5/11 4:11,NULL
1120674,25051161637146,233762582,1,已付款,2025/5/11 3:54,1746889897252,1.07,2,dd391ccef6b13960d42d394c8934fc97-~1746889897252-~233762582,app-android,35.82,0,待定,2025/5/11 3:54,2025/5/11 8:55,1,2025/5/11 4:11,NULL
1120675,25051167452776,233762582,0,已失效,2025/5/11 3:54,1746889897252,4.82,2,dd391ccef6b13960d42d394c8934fc97-~1746889897252-~233762582,app-android,73.33,0,待定,2025/5/11 3:54,2025/5/11 8:55,1,2025/5/11 4:10,NULL
1121527,25051119807636,233498054,1,已付款,2025/5/11 4:14,1746906226025,1.56,1,dd391ccef6b13960d42d394c8934fc97-~1746906226025-~233498054,app-android,31,0,待定,2025/5/11 4:15,2025/5/11 8:55,1,2025/5/11 4:31,NULL
1121869,25051161671346,233498046,1,已付款,2025/5/11 4:27,1746908416539,1.77,2,17d4ce1e68247e20b48538fc3d6e70f9-~1746908416539-~233498046,app-ios,64,0,待定,2025/5/11 4:27,2025/5/11 8:55,1,2025/5/11 4:43,NULL
1122043,25051119831336,233502029,1,已付款,2025/5/11 4:29,1746843408166,0.39,2,dd391ccef6b13960d42d394c8934fc97-~1746843408166-~233502029,app-android,39.22,0,待定,2025/5/11 4:30,2025/5/11 8:55,1,2025/5/11 4:46,NULL
1122390,25051161702546,233502003,1,已付款,2025/5/11 4:42,1746843679728,0,2,17d4ce1e68247e20b48538fc3d6e70f9-~1746843679728-~233502003,app-ios,1,1,/,2025/5/11 4:42,2025/5/11 8:55,0,NULL,NULL
1123752,25051147125566,233498054,1,已付款,2025/5/11 5:21,1746911507430,9,2,dd391ccef6b13960d42d394c8934fc97-~1746911507430-~233498054,app-android,90,0,待定,2025/5/11 5:21,2025/5/11 8:55,1,2025/5/11 5:38,NULL
1123931,25051161827046,231576604,0,已失效,2025/5/11 5:28,1746882552273,0,2,dd391ccef6b13960d42d394c8934fc97-~1746882552273-~231576604,app-android,171,1,/,2025/5/11 5:29,2025/5/11 8:55,0,NULL,NULL
1124105,25051161832346,233762542,0,已失效,2025/5/11 5:29,1746846729247,2.2,2,17d4ce1e68247e20b48538fc3d6e70f9-~1746846729247-~233762542,app-ios,220,0,待定,2025/5/11 5:30,2025/5/11 8:55,1,2025/5/11 5:46,NULL
1124114,25051141089382,231576604,1,已付款,2025/5/11 5:32,1746860111264,3.23,2,dd391ccef6b13960d42d394c8934fc97-~1746860111264-~231576604,app-android,80.84,0,待定,2025/5/11 5:32,2025/5/11 8:55,1,2025/5/11 5:49,NULL
1124313,25051167695276,233502003,1,已付款,2025/5/11 5:39,1746912415831,3.3,2,17d4ce1e68247e20b48538fc3d6e70f9-~1746912415831-~233502003,app-ios,110,0,待定,2025/5/11 5:39,2025/5/11 8:55,1,2025/5/11 5:56,NULL
1124496,25051126814326,233502003,0,已失效,2025/5/11 5:43,1746912562463,1.26,2,17d4ce1e68247e20b48538fc3d6e70f9-~1746912562463-~233502003,app-ios,126,0,待定,2025/5/11 5:44,2025/5/11 8:55,1,2025/5/11 5:59,NULL
1124677,25051162815659,233460954,1,已付款,2025/5/11 5:44,1746841902062,0,2,dd391ccef6b13960d42d394c8934fc97-~1746841902062-~233460954,app-android,26.72,1,/,2025/5/11 5:45,2025/5/11 8:55,0,NULL,NULL
1124683,25051122516436,233762542,0,已失效,2025/5/11 5:46,1746858977972,0,2,17d4ce1e68247e20b48538fc3d6e70f9-~1746858977972-~233762542,app-ios,72.9,1,/,2025/5/11 5:47,2025/5/11 8:55,0,NULL,NULL
1125057,25051141196982,233498054,1,已付款,2025/5/11 5:55,1746913767257,2.82,2,dd391ccef6b13960d42d394c8934fc97-~1746913767257-~233498054,app-android,94,0,待定,2025/5/11 5:55,2025/5/11 8:55,1,2025/5/11 6:12,NULL
1125255,25051161985246,233498046,1,已付款,2025/5/11 6:02,1746913109930,4.76,2,17d4ce1e68247e20b48538fc3d6e70f9-~1746913109930-~233498046,app-ios,158.8,0,待定,2025/5/11 6:03,2025/5/11 8:55,1,2025/5/11 6:19,NULL
1125446,25051161229746,233762542,1,已下单,2025/5/11 6:08,1746877425375,11.69,2,17d4ce1e68247e20b48538fc3d6e70f9-~1746877425375-~233762542,app-ios,167,0,待定,2025/5/11 6:08,2025/5/11 8:55,1,2025/5/11 6:25,NULL
1125447,25051146499366,231576604,0,已失效,2025/5/11 6:08,1746873569134,4.45,2,dd391ccef6b13960d42d394c8934fc97-~1746873569134-~231576604,app-android,89,0,待定,2025/5/11 6:08,2025/5/11 8:55,1,2025/5/11 6:25,NULL
1125451,25051132666410,231576604,1,已付款,2025/5/11 6:09,1746913703262,23.1,2,dd391ccef6b13960d42d394c8934fc97-~1746913703262-~231576604,app-android,330,0,待定,2025/5/11 6:09,2025/5/11 8:55,1,2025/5/11 6:26,NULL
1125453,25051144548803,231561881,1,已付款,2025/5/11 6:09,1746878458881,0,2,17d4ce1e68247e20b48538fc3d6e70f9-~1746878458881-~231561881,app-ios,73.67,1,/,2025/5/11 6:09,2025/5/11 8:55,0,NULL,NULL
1125651,25051167054876,231561881,1,已付款,2025/5/11 6:11,1746719064934,1.23,2,17d4ce1e68247e20b48538fc3d6e70f9-~1746719064934-~231561881,app-ios,41,0,待定,2025/5/11 6:11,2025/5/11 8:55,1,2025/5/11 6:28,NULL
1125863,25051147070203,233498054,1,已付款,2025/5/11 6:14,1746914980852,3.82,2,dd391ccef6b13960d42d394c8934fc97-~1746914980852-~233498054,app-android,127.4,0,待定,2025/5/11 6:15,2025/5/11 8:55,1,2025/5/11 6:31,NULL
1125873,25051141367282,233498046,1,已付款,2025/5/11 6:17,1746832483132,0,2,17d4ce1e68247e20b48538fc3d6e70f9-~1746832483132-~233498046,app-ios,59,1,/,2025/5/11 6:17,2025/5/11 8:55,0,NULL,NULL
1125878,25051141345382,231576604,0,已失效,2025/5/11 6:17,1746914729471,0.82,2,dd391ccef6b13960d42d394c8934fc97-~1746914729471-~231576604,app-android,32.41,0,待定,2025/5/11 6:18,2025/5/11 8:55,1,2025/5/11 6:52,NULL
1126073,25051147082203,233498054,0,已失效,2025/5/11 6:19,1746848857779,4.8,2,dd391ccef6b13960d42d394c8934fc97-~1746848857779-~233498054,app-android,23.98,0,待定,2025/5/11 6:20,2025/5/11 8:55,1,2025/5/11 6:36,NULL
1126088,25051143827782,231576604,1,已付款,2025/5/11 6:20,1746861947740,2.84,2,dd391ccef6b13960d42d394c8934fc97-~1746861947740-~231576604,app-android,28.39,0,待定,2025/5/11 6:20,2025/5/11 8:55,1,2025/5/11 6:37,NULL
1126091,25051163046359,231561881,1,已付款,2025/5/11 6:20,1746911582404,2.76,2,17d4ce1e68247e20b48538fc3d6e70f9-~1746911582404-~231561881,app-ios,74,0,待定,2025/5/11 6:21,2025/5/11 8:55,1,2025/5/11 6:37,NULL
1126100,25051147099003,231561881,1,已付款,2025/5/11 6:21,1746915465419,15.6,2,17d4ce1e68247e20b48538fc3d6e70f9-~1746915465419-~231561881,app-ios,520,0,待定,2025/5/11 6:22,2025/5/11 8:55,1,2025/5/11 6:38,NULL
1126109,25051135226110,233498046,1,已付款,2025/5/11 6:22,1746890228209,0.16,2,17d4ce1e68247e20b48538fc3d6e70f9-~1746890228209-~233498046,app-ios,21,0,待定,2025/5/11 6:23,2025/5/11 8:55,1,2025/5/11 6:39,NULL
1126127,25051135268910,231576604,1,已付款,2025/5/11 6:24,1746838016970,0,2,dd391ccef6b13960d42d394c8934fc97-~1746838016970-~231576604,app-android,28.9,1,/,2025/5/11 6:24,2025/5/11 8:55,0,NULL,NULL
1126329,25051167189676,231576604,1,已付款,2025/5/11 6:25,1746915079159,2.34,2,dd391ccef6b13960d42d394c8934fc97-~1746915079159-~231576604,app-android,77.98,0,待定,2025/5/11 6:25,2025/5/11 8:55,1,2025/5/11 6:42,NULL
1126337,25051146664366,231576604,0,已失效,2025/5/11 6:26,1746912634322,5.28,2,dd391ccef6b13960d42d394c8934fc97-~1746912634322-~231576604,app-android,124,0,待定,2025/5/11 6:26,2025/5/11 8:55,1,2025/5/11 6:43,NULL
1126344,25051143882182,231576604,1,已付款,2025/5/11 6:26,1746912634322,0.26,2,dd391ccef6b13960d42d394c8934fc97-~1746912634322-~231576604,app-android,52.34,0,待定,2025/5/11 6:26,2025/5/11 8:55,1,2025/5/11 6:43,NULL
1126345,25051147168003,231576604,1,已付款,2025/5/11 6:26,1746912634322,5.02,2,dd391ccef6b13960d42d394c8934fc97-~1746912634322-~231576604,app-android,71.66,0,待定,2025/5/11 6:26,2025/5/11 8:55,1,2025/5/11 6:43,NULL
1126357,25051127125826,231561881,0,已失效,2025/5/11 6:27,1746874539275,0.36,2,17d4ce1e68247e20b48538fc3d6e70f9-~1746874539275-~231561881,app-ios,71,0,待定,2025/5/11 6:27,2025/5/11 8:55,1,2025/5/11 6:44,NULL
1126375,25051146692866,233498046,1,已付款,2025/5/11 6:29,1746916047842,1.25,2,17d4ce1e68247e20b48538fc3d6e70f9-~1746916047842-~233498046,app-ios,125,0,待定,2025/5/11 6:29,2025/5/11 8:55,1,2025/5/11 6:45,NULL
1126595,25051161390846,233498054,1,已付款,2025/5/11 6:31,1746915875652,2.16,2,dd391ccef6b13960d42d394c8934fc97-~1746915875652-~233498054,app-android,71.8,0,待定,2025/5/11 6:31,2025/5/11 8:55,1,2025/5/11 6:48,NULL
1126826,25051143963282,231576604,1,已付款,2025/5/11 6:35,1746869921487,1.19,2,dd391ccef6b13960d42d394c8934fc97-~1746869921487-~231576604,app-android,119.18,0,待定,2025/5/11 6:35,2025/5/11 8:55,1,NULL,NULL
1126841,25051143987382,231576604,1,已付款,2025/5/11 6:37,1746872889627,1.53,2,dd391ccef6b13960d42d394c8934fc97-~1746872889627-~231576604,app-android,51,0,待定,2025/5/11 6:37,2025/5/11 8:55,1,2025/5/11 6:54,NULL
1126846,25051162394859,233498046,1,已付款,2025/5/11 6:38,1746915150340,4.5,2,17d4ce1e68247e20b48538fc3d6e70f9-~1746915150340-~233498046,app-ios,90,0,待定,2025/5/11 6:38,2025/5/11 8:55,1,2025/5/11 6:55,NULL
1126848,25051162399259,233498046,1,已付款,2025/5/11 6:38,1746872709204,1.68,5,17d4ce1e68247e20b48538fc3d6e70f9-~1746872709204-~233498046,app-ios,29,0,待定,2025/5/11 6:38,2025/5/11 8:55,1,2025/5/11 6:55,NULL
1126861,25051135420610,231576604,0,已失效,2025/5/11 6:39,1746877758043,8.15,2,dd391ccef6b13960d42d394c8934fc97-~1746877758043-~231576604,app-android,1629,0,待定,2025/5/11 6:39,2025/5/11 8:55,1,2025/5/11 6:56,NULL
1127069,25051126404226,233498054,0,已失效,2025/5/11 6:39,1746892303670,2.27,2,dd391ccef6b13960d42d394c8934fc97-~1746892303670-~233498054,app-android,37.38,0,待定,2025/5/11 6:40,2025/5/11 8:55,1,2025/5/11 6:56,NULL
1127089,25051146786966,231576604,1,已付款,2025/5/11 6:38,1746766620214,10.12,2,dd391ccef6b13960d42d394c8934fc97-~1746766620214-~231576604,app-android,337.46,0,待定,2025/5/11 6:41,2025/5/11 8:55,1,2025/5/11 6:55,NULL
1127264,25051169820376,233498054,1,已付款,2025/5/11 6:44,1746916736071,1.88,2,dd391ccef6b13960d42d394c8934fc97-~1746916736071-~233498054,app-android,94,0,待定,2025/5/11 6:45,2025/5/11 8:55,1,2025/5/11 7:01,NULL
1127342,25051122173136,231576604,1,已付款,2025/5/11 6:48,1746914729471,7.03,5,dd391ccef6b13960d42d394c8934fc97-~1746914729471-~231576604,app-android,115.6,0,待定,2025/5/11 6:48,2025/5/11 8:55,1,2025/5/11 7:05,NULL
1127569,25051144162382,231576604,1,已付款,2025/5/11 6:52,1746866096342,0,2,dd391ccef6b13960d42d394c8934fc97-~1746866096342-~231576604,app-android,20.22,1,/,2025/5/11 6:52,2025/5/11 8:55,0,NULL,NULL
1127579,25051126593326,233498054,1,已付款,2025/5/11 6:53,1746916647167,2.43,2,dd391ccef6b13960d42d394c8934fc97-~1746916647167-~233498054,app-android,243.12,0,待定,2025/5/11 6:53,2025/5/11 8:55,1,NULL,NULL
1127587,25051162614259,233498054,0,已失效,2025/5/11 6:54,1746916783573,2.75,2,dd391ccef6b13960d42d394c8934fc97-~1746916783573-~233498054,app-android,111.28,0,待定,2025/5/11 6:54,2025/5/11 8:55,1,2025/5/11 7:11,NULL
1127812,25051146645503,231576604,1,已付款,2025/5/11 6:55,1746857425523,1.51,2,dd391ccef6b13960d42d394c8934fc97-~1746857425523-~231576604,app-android,151,0,待定,2025/5/11 6:55,2025/5/11 8:55,1,2025/5/11 7:12,NULL
1127820,25051122285936,234093274,1,已付款,2025/5/11 6:55,1746885419042,0.41,2,17d4ce1e68247e20b48538fc3d6e70f9-~1746885419042-~234093274,app-ios,82.55,0,待定,2025/5/11 6:55,2025/5/11 8:55,1,2025/5/11 7:12,NULL
1127833,25051144215982,233498054,1,已付款,2025/5/11 6:56,1746916783573,2.54,2,dd391ccef6b13960d42d394c8934fc97-~1746916783573-~233498054,app-android,69.58,0,待定,2025/5/11 6:56,2025/5/11 8:55,1,2025/5/11 7:13,NULL
1127838,25051160894846,231576604,1,已付款,2025/5/11 6:57,1746917365843,3.89,2,dd391ccef6b13960d42d394c8934fc97-~1746917365843-~231576604,app-android,389,0,待定,2025/5/11 6:57,2025/5/11 8:55,1,2025/5/11 7:14,NULL
1127840,25051126637426,233498054,1,已付款,2025/5/11 6:56,1746916783573,0.21,2,dd391ccef6b13960d42d394c8934fc97-~1746916783573-~233498054,app-android,41.69,0,待定,2025/5/11 6:57,2025/5/11 8:55,1,2025/5/11 7:13,NULL
1127842,25051146165166,231561881,1,已付款,2025/5/11 6:56,1746891592286,0,2,17d4ce1e68247e20b48538fc3d6e70f9-~1746891592286-~231561881,app-ios,38,1,/,2025/5/11 6:57,2025/5/11 8:55,0,NULL,NULL
1127862,25051126668026,231561881,0,已失效,2025/5/11 6:58,1746859347624,0,2,17d4ce1e68247e20b48538fc3d6e70f9-~1746859347624-~231561881,app-ios,108,1,/,2025/5/11 6:59,2025/5/11 8:55,0,NULL,NULL
1127863,25051146692403,231561881,0,已失效,2025/5/11 6:58,1746859347624,0,2,17d4ce1e68247e20b48538fc3d6e70f9-~1746859347624-~231561881,app-ios,156,1,/,2025/5/11 6:59,2025/5/11 8:55,0,NULL,NULL
1127866,25051169999376,233498046,1,已付款,2025/5/11 6:58,1746917521940,4.85,5,17d4ce1e68247e20b48538fc3d6e70f9-~1746917521940-~233498046,app-ios,53,0,待定,2025/5/11 6:59,2025/5/11 8:55,1,2025/5/11 7:15,NULL
1127868,25051160884846,233502029,0,已失效,2025/5/11 6:58,1746878498620,0,2,dd391ccef6b13960d42d394c8934fc97-~1746878498620-~233502029,app-android,80,1,/,2025/5/11 6:59,2025/5/11 8:55,0,NULL,NULL
1128140,25051161857859,231561881,1,已下单,2025/5/11 7:00,1746917779954,7.74,2,17d4ce1e68247e20b48538fc3d6e70f9-~1746917779954-~231561881,app-ios,258,0,待定,2025/5/11 7:01,2025/5/11 8:55,1,2025/5/11 7:17,NULL
1128143,25051170054776,231561881,1,已付款,2025/5/11 7:01,1746858551111,0,2,17d4ce1e68247e20b48538fc3d6e70f9-~1746858551111-~231561881,app-ios,146,1,/,2025/5/11 7:01,2025/5/11 8:55,0,NULL,NULL
1128179,25051161888359,231561881,1,已付款,2025/5/11 7:03,1746858551111,0,2,17d4ce1e68247e20b48538fc3d6e70f9-~1746858551111-~231561881,app-ios,267,1,/,2025/5/11 7:03,2025/5/11 8:55,0,NULL,NULL
1128184,25051126713126,233498054,1,已付款,2025/5/11 7:03,1746917252723,5.46,2,dd391ccef6b13960d42d394c8934fc97-~1746917252723-~233498054,app-android,182,0,待定,2025/5/11 7:04,2025/5/11 8:55,1,2025/5/11 8:36,NULL
1128186,25051126745626,231576604,1,已付款,2025/5/11 7:04,1746850014384,7.42,2,dd391ccef6b13960d42d394c8934fc97-~1746850014384-~231576604,app-android,92.79,0,待定,2025/5/11 7:04,2025/5/11 8:55,1,2025/5/11 7:21,NULL
1128188,25051160997046,231576604,1,已付款,2025/5/11 7:04,1746850014384,1.33,2,dd391ccef6b13960d42d394c8934fc97-~1746850014384-~231576604,app-android,44.47,0,待定,2025/5/11 7:04,2025/5/11 8:55,1,2025/5/11 7:21,NULL
1128189,25051121562836,231576604,1,已付款,2025/5/11 7:04,1746850014384,11.25,2,dd391ccef6b13960d42d394c8934fc97-~1746850014384-~231576604,app-android,93.75,0,待定,2025/5/11 7:04,2025/5/11 8:55,1,2025/5/11 7:21,NULL
1128190,25051161930959,231576604,0,已失效,2025/5/11 7:04,1746850014384,20,2,dd391ccef6b13960d42d394c8934fc97-~1746850014384-~231576604,app-android,231,0,待定,2025/5/11 7:04,2025/5/11 8:55,1,2025/5/11 7:21,NULL
1128450,25051146304866,231576604,1,已付款,2025/5/11 7:05,1746869789123,2.91,2,dd391ccef6b13960d42d394c8934fc97-~1746869789123-~231576604,app-android,29.14,0,待定,2025/5/11 7:05,2025/5/11 8:55,1,2025/5/11 7:22,NULL
1128462,25051143524082,231561881,1,已付款,2025/5/11 7:06,1746916116056,28.53,2,17d4ce1e68247e20b48538fc3d6e70f9-~1746916116056-~231561881,app-ios,598.34,0,待定,2025/5/11 7:06,2025/5/11 8:55,1,2025/5/11 7:23,NULL
1128466,25051161025346,233498054,1,已付款,2025/5/11 7:06,1746918238971,5.92,2,dd391ccef6b13960d42d394c8934fc97-~1746918238971-~233498054,app-android,197.44,0,待定,2025/5/11 7:06,2025/5/11 8:55,1,NULL,NULL
1128473,25051121619436,231576604,1,已付款,2025/5/11 7:06,1746866920080,0.01,2,dd391ccef6b13960d42d394c8934fc97-~1746866920080-~231576604,app-android,1.32,0,待定,2025/5/11 7:07,2025/5/11 8:55,1,2025/5/11 7:23,NULL
1128513,25051121640536,233498054,1,已付款,2025/5/11 7:09,1746917252723,5.46,2,dd391ccef6b13960d42d394c8934fc97-~1746917252723-~233498054,app-android,182,0,待定,2025/5/11 7:09,2025/5/11 8:55,1,2025/5/11 8:36,NULL
1128515,25051146849903,234061612,0,已失效,2025/5/11 7:09,1746916813838,42.48,2,17d4ce1e68247e20b48538fc3d6e70f9-~1746916813838-~234061612,app-ios,501,0,待定,2025/5/11 7:09,2025/5/11 8:55,1,2025/5/11 7:26,NULL
1128517,25051162006859,233498046,1,已付款,2025/5/11 7:09,1746911990250,17.5,2,17d4ce1e68247e20b48538fc3d6e70f9-~1746911990250-~233498046,app-ios,350,0,待定,2025/5/11 7:09,2025/5/11 8:55,1,2025/5/11 7:26,NULL
1128773,25051125990526,234061612,1,已付款,2025/5/11 7:10,1746916813838,24.7,2,17d4ce1e68247e20b48538fc3d6e70f9-~1746916813838-~234061612,app-ios,247,0,待定,2025/5/11 7:10,2025/5/11 8:55,1,2025/5/11 7:27,NULL
1128776,25051146890703,234061612,1,已付款,2025/5/11 7:10,1746916813838,7.7,2,17d4ce1e68247e20b48538fc3d6e70f9-~1746916813838-~234061612,app-ios,110,0,待定,2025/5/11 7:10,2025/5/11 8:55,1,2025/5/11 7:27,NULL
1128788,25051162025959,234061612,1,已付款,2025/5/11 7:10,1746916813838,10.08,2,17d4ce1e68247e20b48538fc3d6e70f9-~1746916813838-~234061612,app-ios,144,0,待定,2025/5/11 7:11,2025/5/11 8:55,1,2025/5/11 7:27,NULL
1128805,25051126020926,231576604,0,已失效,2025/5/11 7:12,1746918273180,0.78,2,dd391ccef6b13960d42d394c8934fc97-~1746918273180-~231576604,app-android,30.92,0,待定,2025/5/11 7:12,2025/5/11 8:55,1,2025/5/11 7:29,NULL
1128831,25051121714036,231576604,1,已付款,2025/5/11 7:14,1746846106864,0,2,dd391ccef6b13960d42d394c8934fc97-~1746846106864-~231576604,app-android,8.99,1,/,2025/5/11 7:14,2025/5/11 8:55,0,NULL,NULL
1129119,25051147008703,231576604,1,已下单,2025/5/11 7:18,1746918815039,38.85,2,dd391ccef6b13960d42d394c8934fc97-~1746918815039-~231576604,app-android,1295,0,待定,2025/5/11 7:19,2025/5/11 8:55,1,2025/5/11 7:35,NULL
1129120,25051162151359,233502003,0,已失效,2025/5/11 7:18,1746865608947,0,2,17d4ce1e68247e20b48538fc3d6e70f9-~1746865608947-~233502003,app-ios,132,1,/,2025/5/11 7:19,2025/5/11 8:55,0,NULL,NULL
1129122,25051147016503,231576604,1,已付款,2025/5/11 7:19,1746861625216,0,2,dd391ccef6b13960d42d394c8934fc97-~1746861625216-~231576604,app-android,172,1,/,2025/5/11 7:19,2025/5/11 8:55,0,NULL,NULL
1129124,25051143738382,233498054,1,已付款,2025/5/11 7:18,1746892303670,2.88,1,dd391ccef6b13960d42d394c8934fc97-~1746892303670-~233498054,app-android,73.48,0,待定,2025/5/11 7:19,2025/5/11 8:55,1,2025/5/11 7:35,NULL
1129132,25051169480076,233498054,1,已下单,2025/5/11 7:19,1746919063943,3.91,2,dd391ccef6b13960d42d394c8934fc97-~1746919063943-~233498054,app-android,60.8,0,待定,2025/5/11 7:19,2025/5/11 8:55,1,2025/5/11 7:36,NULL
1129404,25051160398846,233502003,1,已付款,2025/5/11 7:20,1746865608947,0,2,17d4ce1e68247e20b48538fc3d6e70f9-~1746865608947-~233502003,app-ios,132,1,/,2025/5/11 7:20,2025/5/11 8:55,0,NULL,NULL
1129423,25051135149710,233498046,1,已付款,2025/5/11 7:21,1746837318609,53.79,2,17d4ce1e68247e20b48538fc3d6e70f9-~1746837318609-~233498046,app-ios,489,0,待定,2025/5/11 7:21,2025/5/11 8:55,1,2025/5/11 7:38,NULL
1129432,25051143792082,233502029,0,已失效,2025/5/11 7:21,1746878498620,0,2,dd391ccef6b13960d42d394c8934fc97-~1746878498620-~233502029,app-android,178.01,1,/,2025/5/11 7:22,2025/5/11 8:55,0,NULL,NULL
1129455,25051160448046,233502029,1,已付款,2025/5/11 7:23,1746878498620,0,2,dd391ccef6b13960d42d394c8934fc97-~1746878498620-~233502029,app-android,106.99,1,/,2025/5/11 7:23,2025/5/11 8:55,0,NULL,NULL
1129459,25051145752966,233502029,1,已付款,2025/5/11 7:23,1746878498620,0,2,dd391ccef6b13960d42d394c8934fc97-~1746878498620-~233502029,app-android,36.93,1,/,2025/5/11 7:23,2025/5/11 8:55,0,NULL,NULL
1129460,25051169572576,233502029,1,已付款,2025/5/11 7:23,1746878498620,0,2,dd391ccef6b13960d42d394c8934fc97-~1746878498620-~233502029,app-android,34.09,1,/,2025/5/11 7:23,2025/5/11 8:55,0,NULL,NULL
1129763,25051145811066,231561881,1,已付款,2025/5/11 7:26,1746873186194,0,2,17d4ce1e68247e20b48538fc3d6e70f9-~1746873186194-~231561881,app-ios,22,1,/,2025/5/11 7:26,2025/5/11 8:55,0,NULL,NULL
1129778,25051146351003,231576604,1,已付款,2025/5/11 7:27,1746884965994,0,2,dd391ccef6b13960d42d394c8934fc97-~1746884965994-~231576604,app-android,49.58,1,/,2025/5/11 7:27,2025/5/11 8:55,0,NULL,NULL
1129785,25051164772759,233498046,1,已付款,2025/5/11 7:28,1746918184813,5.8,2,17d4ce1e68247e20b48538fc3d6e70f9-~1746918184813-~233498046,app-ios,106.86,0,待定,2025/5/11 7:28,2025/5/11 8:55,1,2025/5/11 7:45,NULL
1129786,25051146340703,231576604,1,已付款,2025/5/11 7:28,1746885136526,4.01,2,dd391ccef6b13960d42d394c8934fc97-~1746885136526-~231576604,app-android,57.32,0,待定,2025/5/11 7:29,2025/5/11 8:55,1,2025/5/11 7:45,NULL
1129790,25051126259826,231576604,1,已付款,2025/5/11 7:25,1746847691065,1.58,2,dd391ccef6b13960d42d394c8934fc97-~1746847691065-~231576604,app-android,52.7,0,待定,2025/5/11 7:29,2025/5/11 8:55,1,2025/5/11 7:42,NULL
1129791,25051145849966,231576604,1,已付款,2025/5/11 7:28,1746867391934,10.43,2,dd391ccef6b13960d42d394c8934fc97-~1746867391934-~231576604,app-android,149,0,待定,2025/5/11 7:29,2025/5/11 8:55,1,2025/5/11 7:45,NULL
1130084,25051160608446,234061612,1,已付款,2025/5/11 7:31,1746919017210,14.97,2,17d4ce1e68247e20b48538fc3d6e70f9-~1746919017210-~234061612,app-ios,337,0,待定,2025/5/11 7:31,2025/5/11 8:55,1,2025/5/11 7:48,NULL
1130088,25051164800659,231576604,1,已付款,2025/5/11 7:30,1746840715073,1.02,2,dd391ccef6b13960d42d394c8934fc97-~1746840715073-~231576604,app-android,9.3,0,待定,2025/5/11 7:31,2025/5/11 8:55,1,2025/5/11 7:47,NULL
1130090,25051145887366,234061612,0,已失效,2025/5/11 7:30,1746919017210,16.53,2,17d4ce1e68247e20b48538fc3d6e70f9-~1746919017210-~234061612,app-ios,389,0,待定,2025/5/11 7:31,2025/5/11 8:55,1,2025/5/11 7:47,NULL
1130097,25051164807659,231576604,1,已付款,2025/5/11 7:31,1746885002879,0,2,dd391ccef6b13960d42d394c8934fc97-~1746885002879-~231576604,app-android,3.14,1,/,2025/5/11 7:31,2025/5/11 8:55,0,NULL,NULL
1130099,25051121211936,234061612,1,已付款,2025/5/11 7:31,1746919017210,1.56,2,17d4ce1e68247e20b48538fc3d6e70f9-~1746919017210-~234061612,app-ios,52,0,待定,2025/5/11 7:31,2025/5/11 8:55,1,2025/5/11 7:48,NULL
1130110,25051134558910,231576604,1,已付款,2025/5/11 7:32,1746862609755,9.75,2,dd391ccef6b13960d42d394c8934fc97-~1746862609755-~231576604,app-android,159.3,0,待定,2025/5/11 7:32,2025/5/11 8:55,1,2025/5/11 7:49,NULL
1130440,25051146502103,231561881,1,已付款,2025/5/11 7:35,1746856117692,4.83,2,17d4ce1e68247e20b48538fc3d6e70f9-~1746856117692-~231561881,app-ios,161,0,待定,2025/5/11 7:36,2025/5/11 8:55,1,2025/5/11 7:52,NULL
1130441,25051160696046,231561881,1,已付款,2025/5/11 7:35,1746856117692,1.94,2,17d4ce1e68247e20b48538fc3d6e70f9-~1746856117692-~231561881,app-ios,12.9,0,待定,2025/5/11 7:36,2025/5/11 8:55,1,2025/5/11 7:52,NULL
1130447,25051146018766,233498046,1,已付款,2025/5/11 7:36,1746869869129,1.15,2,17d4ce1e68247e20b48538fc3d6e70f9-~1746869869129-~233498046,app-ios,25.5,0,待定,2025/5/11 7:36,2025/5/11 8:55,1,2025/5/11 7:53,NULL
1130451,25051169009276,231561881,0,已失效,2025/5/11 7:36,1746917480096,26.26,2,17d4ce1e68247e20b48538fc3d6e70f9-~1746917480096-~231561881,app-ios,5252.35,0,待定,2025/5/11 7:37,2025/5/11 8:55,1,2025/5/11 7:53,NULL
1130454,25051146024366,231561881,1,已付款,2025/5/11 7:36,1746847080706,0.48,2,17d4ce1e68247e20b48538fc3d6e70f9-~1746847080706-~231561881,app-ios,48,0,待定,2025/5/11 7:37,2025/5/11 8:55,1,2025/5/11 7:53,NULL
1130788,25051143312982,231576604,1,已付款,2025/5/11 7:40,1746839979150,0.01,2,dd391ccef6b13960d42d394c8934fc97-~1746839979150-~231576604,app-android,2.04,0,待定,2025/5/11 7:40,2025/5/11 8:55,1,2025/5/11 7:57,NULL
1131090,25051129011326,231576604,0,已失效,2025/5/11 7:42,1746851193841,19.59,2,dd391ccef6b13960d42d394c8934fc97-~1746851193841-~231576604,app-ios,718.14,0,待定,2025/5/11 7:46,2025/5/11 8:55,1,2025/5/11 7:59,NULL
1131091,25051169153776,234061612,1,已付款,2025/5/11 7:45,1746920354170,2.31,2,17d4ce1e68247e20b48538fc3d6e70f9-~1746920354170-~234061612,app-ios,46.1,0,待定,2025/5/11 7:46,2025/5/11 8:55,1,2025/5/11 8:02,NULL
1131092,25051134759710,231576604,1,已付款,2025/5/11 7:43,1746851193841,7.55,2,dd391ccef6b13960d42d394c8934fc97-~1746851193841-~231576604,app-ios,251.7,0,待定,2025/5/11 7:46,2025/5/11 8:55,1,2025/5/11 8:00,NULL
1131094,25051148575666,231576604,1,已付款,2025/5/11 7:43,1746851193841,0.98,2,dd391ccef6b13960d42d394c8934fc97-~1746851193841-~231576604,app-ios,97.88,0,待定,2025/5/11 7:46,2025/5/11 8:55,1,2025/5/11 8:00,NULL
1131096,25051129045826,231576604,1,已付款,2025/5/11 7:43,1746851193841,11.06,2,dd391ccef6b13960d42d394c8934fc97-~1746851193841-~231576604,app-ios,368.56,0,待定,2025/5/11 7:46,2025/5/11 8:55,1,2025/5/11 8:00,NULL
1131106,25051142639082,233460954,1,已付款,2025/5/11 7:47,1746878419076,0,5,dd391ccef6b13960d42d394c8934fc97-~1746878419076-~233460954,app-android,72,1,/,2025/5/11 7:47,2025/5/11 8:55,0,NULL,NULL
1131109,25051169213276,231576604,1,已付款,2025/5/11 7:47,1746886944527,0,2,dd391ccef6b13960d42d394c8934fc97-~1746886944527-~231576604,app-android,36.1,1,/,2025/5/11 7:48,2025/5/11 8:55,0,NULL,NULL
1131115,25051134046810,233762542,1,已付款,2025/5/11 7:48,1746870393273,0.74,2,17d4ce1e68247e20b48538fc3d6e70f9-~1746870393273-~233762542,app-ios,29.72,0,待定,2025/5/11 7:48,2025/5/11 8:55,1,2025/5/11 8:05,NULL
1131428,25051164348459,231561881,1,已付款,2025/5/11 7:50,1746917952296,2.34,2,17d4ce1e68247e20b48538fc3d6e70f9-~1746917952296-~231561881,app-ios,78.2,0,待定,2025/5/11 7:50,2025/5/11 8:55,1,2025/5/11 8:07,NULL
1131432,25051142676282,231561881,1,已付款,2025/5/11 7:50,1746872611632,4.05,2,17d4ce1e68247e20b48538fc3d6e70f9-~1746872611632-~231561881,app-ios,50.06,0,待定,2025/5/11 7:51,2025/5/11 8:55,1,2025/5/11 8:07,NULL
1131434,25051145952303,231576604,1,已付款,2025/5/11 7:50,1746920165997,3.97,2,dd391ccef6b13960d42d394c8934fc97-~1746920165997-~231576604,app-android,113.47,0,待定,2025/5/11 7:51,2025/5/11 8:55,1,2025/5/11 8:07,NULL
1131435,25051129170126,231561881,1,已付款,2025/5/11 7:50,1746872611632,6.21,2,17d4ce1e68247e20b48538fc3d6e70f9-~1746872611632-~231561881,app-ios,206.95,0,待定,2025/5/11 7:51,2025/5/11 8:55,1,2025/5/11 8:07,NULL
1131450,25051134121110,231576604,1,已付款,2025/5/11 7:52,1746839979150,0.01,2,dd391ccef6b13960d42d394c8934fc97-~1746839979150-~231576604,app-android,1.13,0,待定,2025/5/11 7:52,2025/5/11 8:55,1,2025/5/11 8:09,NULL
1131796,25051134162310,231576604,1,已付款,2025/5/11 7:55,1746853952171,4.67,2,dd391ccef6b13960d42d394c8934fc97-~1746853952171-~231576604,app-android,51.32,0,待定,2025/5/11 7:55,2025/5/11 8:55,1,2025/5/11 8:12,NULL
1131798,25051163517046,233498046,1,已付款,2025/5/11 7:55,1746920050829,2.79,2,17d4ce1e68247e20b48538fc3d6e70f9-~1746920050829-~233498046,app-ios,92.84,0,待定,2025/5/11 7:55,2025/5/11 8:55,1,2025/5/11 8:12,NULL
1131806,25051164473559,233502029,0,已失效,2025/5/11 7:56,1746921289587,5.73,2,dd391ccef6b13960d42d394c8934fc97-~1746921289587-~233502029,app-android,108,0,待定,2025/5/11 7:56,2025/5/11 8:55,1,2025/5/11 8:13,NULL
1131812,25051134221110,233502029,1,已付款,2025/5/11 7:56,1746921289587,5.31,2,dd391ccef6b13960d42d394c8934fc97-~1746921289587-~233502029,app-android,66.37,0,待定,2025/5/11 7:57,2025/5/11 8:55,1,2025/5/11 8:13,NULL
1131814,25051164474759,233502029,1,已付款,2025/5/11 7:56,1746921289587,0.42,2,dd391ccef6b13960d42d394c8934fc97-~1746921289587-~233502029,app-android,41.64,0,待定,2025/5/11 7:57,2025/5/11 8:55,1,2025/5/11 8:13,NULL
1131842,25051142860182,231576604,1,已付款,2025/5/11 7:59,1746838953076,25.97,2,dd391ccef6b13960d42d394c8934fc97-~1746838953076-~231576604,app-android,371,0,待定,2025/5/11 8:00,2025/5/11 8:55,1,2025/5/11 8:16,NULL
1132163,25051168637276,233498054,1,已付款,2025/5/11 8:01,1746917252723,60.97,2,dd391ccef6b13960d42d394c8934fc97-~1746917252723-~233498054,app-android,871,0,待定,2025/5/11 8:01,2025/5/11 8:55,1,2025/5/11 8:36,NULL
1132168,25051168643776,233502029,1,已付款,2025/5/11 8:01,1746848109870,3.66,2,dd391ccef6b13960d42d394c8934fc97-~1746848109870-~233502029,app-android,122,0,待定,2025/5/11 8:01,2025/5/11 8:55,1,NULL,NULL
1132173,25051146187703,231561881,1,已付款,2025/5/11 8:02,1746719064934,52.14,2,17d4ce1e68247e20b48538fc3d6e70f9-~1746719064934-~231561881,app-ios,474,0,待定,2025/5/11 8:02,2025/5/11 8:55,1,2025/5/11 8:18,NULL
1132180,25051146207303,234061612,1,已付款,2025/5/11 8:03,1746844798881,44.27,2,17d4ce1e68247e20b48538fc3d6e70f9-~1746844798881-~234061612,app-ios,1522,0,待定,2025/5/11 8:03,2025/5/11 8:55,1,2025/5/11 8:20,NULL
1132192,25051168725676,233498046,1,已付款,2025/5/11 8:03,1746920604467,2.18,2,17d4ce1e68247e20b48538fc3d6e70f9-~1746920604467-~233498046,app-ios,72,0,待定,2025/5/11 8:04,2025/5/11 8:55,1,2025/5/11 8:20,NULL
1132194,25051142974982,231561881,1,已付款,2025/5/11 8:03,1746917485764,1.06,2,17d4ce1e68247e20b48538fc3d6e70f9-~1746917485764-~231561881,app-ios,35.2,0,待定,2025/5/11 8:04,2025/5/11 8:55,1,2025/5/11 8:19,NULL
1132534,25051146204303,231561881,1,已付款,2025/5/11 8:02,1746862559741,1.13,2,17d4ce1e68247e20b48538fc3d6e70f9-~1746862559741-~231561881,app-ios,112.65,0,待定,2025/5/11 8:06,2025/5/11 8:55,1,2025/5/11 8:18,NULL
1132549,25051162975846,233498054,1,已付款,2025/5/11 8:06,1746917252723,25.83,2,dd391ccef6b13960d42d394c8934fc97-~1746917252723-~233498054,app-android,369,0,待定,2025/5/11 8:07,2025/5/11 8:55,1,2025/5/11 8:36,NULL
1132552,25051148281266,233502029,1,已付款,2025/5/11 8:07,1746921887740,8.47,2,dd391ccef6b13960d42d394c8934fc97-~1746921887740-~233502029,app-android,121,0,待定,2025/5/11 8:07,2025/5/11 8:55,1,2025/5/11 8:24,NULL
1132565,25051168818776,231576604,1,已付款,2025/5/11 8:09,1746880595563,20.9,5,dd391ccef6b13960d42d394c8934fc97-~1746880595563-~231576604,app-android,209,0,待定,2025/5/11 8:09,2025/5/11 8:55,1,2025/5/11 8:26,NULL
1132568,25051145559682,233502029,1,已付款,2025/5/11 8:09,1746836364623,0.08,2,dd391ccef6b13960d42d394c8934fc97-~1746836364623-~233502029,app-android,15.32,0,待定,2025/5/11 8:09,2025/5/11 8:55,1,2025/5/11 8:26,NULL
1132571,25051148329066,233476754,1,已付款,2025/5/11 8:09,1746921689984,1.6,2,17d4ce1e68247e20b48538fc3d6e70f9-~1746921689984-~233476754,app-ios,160,0,待定,2025/5/11 8:09,2025/5/11 8:55,1,2025/5/11 8:26,NULL
1132895,25051145550682,233498046,1,已付款,2025/5/11 8:10,1746921034103,6.03,2,17d4ce1e68247e20b48538fc3d6e70f9-~1746921034103-~233498046,app-ios,92.72,0,待定,2025/5/11 8:10,2025/5/11 8:55,1,2025/5/11 8:27,NULL
1132914,25051163097146,233498054,1,已付款,2025/5/11 8:11,1746920921807,2.27,2,dd391ccef6b13960d42d394c8934fc97-~1746920921807-~233498054,app-android,227.37,0,待定,2025/5/11 8:11,2025/5/11 8:55,1,2025/5/11 8:28,NULL
1132917,25051148881203,233498054,0,已失效,2025/5/11 8:11,1746920921807,4.88,2,dd391ccef6b13960d42d394c8934fc97-~1746920921807-~233498054,app-android,488,0,待定,2025/5/11 8:11,2025/5/11 8:55,1,2025/5/11 8:28,NULL
1132919,25051163096846,233498054,1,已付款,2025/5/11 8:11,1746920921807,2.61,2,dd391ccef6b13960d42d394c8934fc97-~1746920921807-~233498054,app-android,260.64,0,待定,2025/5/11 8:11,2025/5/11 8:55,1,2025/5/11 8:28,NULL
1132955,25051148850303,231561881,1,已付款,2025/5/11 8:11,1746888768533,2.07,2,17d4ce1e68247e20b48538fc3d6e70f9-~1746888768533-~231561881,app-ios,69,0,待定,2025/5/11 8:14,2025/5/11 8:55,1,2025/5/11 8:28,NULL
1132958,25051148342966,231561881,1,已付款,2025/5/11 8:11,1746888768533,2.07,2,17d4ce1e68247e20b48538fc3d6e70f9-~1746888768533-~231561881,app-ios,69,0,待定,2025/5/11 8:14,2025/5/11 8:55,1,2025/5/11 8:28,NULL
1132959,25051148850003,231561881,1,已付款,2025/5/11 8:11,1746888768533,2.91,2,17d4ce1e68247e20b48538fc3d6e70f9-~1746888768533-~231561881,app-ios,97,0,待定,2025/5/11 8:14,2025/5/11 8:55,1,2025/5/11 8:28,NULL
1132962,25051163994059,231561881,1,已付款,2025/5/11 8:11,1746888768533,4.63,2,17d4ce1e68247e20b48538fc3d6e70f9-~1746888768533-~231561881,app-ios,45.8,0,待定,2025/5/11 8:14,2025/5/11 8:55,1,2025/5/11 8:28,NULL
1132963,25051163075946,231561881,1,已付款,2025/5/11 8:11,1746888768533,15.68,2,17d4ce1e68247e20b48538fc3d6e70f9-~1746888768533-~231561881,app-ios,98,0,待定,2025/5/11 8:14,2025/5/11 8:55,1,2025/5/11 8:28,NULL
1132964,25051148341766,231561881,0,已失效,2025/5/11 8:11,1746888768533,10.66,2,17d4ce1e68247e20b48538fc3d6e70f9-~1746888768533-~231561881,app-ios,367.2,0,待定,2025/5/11 8:14,2025/5/11 8:55,1,2025/5/11 8:28,NULL
1132966,25051136989410,231561881,1,已付款,2025/5/11 8:11,1746888768533,0.7,2,17d4ce1e68247e20b48538fc3d6e70f9-~1746888768533-~231561881,app-ios,35.2,0,待定,2025/5/11 8:14,2025/5/11 8:55,1,2025/5/11 8:28,NULL
1132967,25051145574882,231561881,1,已付款,2025/5/11 8:11,1746888768533,2.91,2,17d4ce1e68247e20b48538fc3d6e70f9-~1746888768533-~231561881,app-ios,97,0,待定,2025/5/11 8:14,2025/5/11 8:55,1,2025/5/11 8:28,NULL
1133319,25051137055310,233460954,1,已付款,2025/5/11 8:15,1746863070133,0,2,dd391ccef6b13960d42d394c8934fc97-~1746863070133-~233460954,app-android,1,1,/,2025/5/11 8:15,2025/5/11 8:55,0,NULL,NULL
1133339,25051171449776,234093274,0,已失效,2025/5/11 8:16,1746842546372,3.43,2,17d4ce1e68247e20b48538fc3d6e70f9-~1746842546372-~234093274,app-ios,76.1,0,待定,2025/5/11 8:17,2025/5/11 8:55,1,2025/5/11 8:33,NULL
1133341,25051123764236,233502003,0,已失效,2025/5/11 8:16,1746920441919,8.4,2,17d4ce1e68247e20b48538fc3d6e70f9-~1746920441919-~233502003,app-ios,120,0,待定,2025/5/11 8:17,2025/5/11 8:55,1,2025/5/11 8:33,NULL
1133343,25051149005903,234093274,1,已付款,2025/5/11 8:17,1746842546372,2.29,2,17d4ce1e68247e20b48538fc3d6e70f9-~1746842546372-~234093274,app-ios,38.2,0,待定,2025/5/11 8:17,2025/5/11 8:55,1,2025/5/11 8:34,NULL
1133346,25051163187846,234093274,1,已付款,2025/5/11 8:17,1746842546372,1.14,2,17d4ce1e68247e20b48538fc3d6e70f9-~1746842546372-~234093274,app-ios,37.9,0,待定,2025/5/11 8:17,2025/5/11 8:55,1,2025/5/11 8:34,NULL
1133347,25051123783836,231561881,1,已付款,2025/5/11 8:17,1746878266931,4.47,2,17d4ce1e68247e20b48538fc3d6e70f9-~1746878266931-~231561881,app-ios,149,0,待定,2025/5/11 8:18,2025/5/11 8:55,1,2025/5/11 8:34,NULL
1133370,25051149020803,231576604,1,已付款,2025/5/11 8:18,1746839829718,18.23,2,dd391ccef6b13960d42d394c8934fc97-~1746839829718-~231576604,app-android,463,0,待定,2025/5/11 8:19,2025/5/11 8:55,1,2025/5/11 8:35,NULL
1133730,25051137180110,231576604,1,已付款,2025/5/11 8:20,1746883172882,0.44,2,dd391ccef6b13960d42d394c8934fc97-~1746883172882-~231576604,app-android,87,0,待定,2025/5/11 8:20,2025/5/11 8:55,1,2025/5/11 8:37,NULL
1133745,25051164229759,231576604,0,已失效,2025/5/11 8:21,1746885284384,1.71,2,dd391ccef6b13960d42d394c8934fc97-~1746885284384-~231576604,app-android,38.17,0,待定,2025/5/11 8:21,2025/5/11 8:55,1,2025/5/11 8:38,NULL
1133754,25051145838982,231561881,1,已付款,2025/5/11 8:20,1746922163324,1.59,2,17d4ce1e68247e20b48538fc3d6e70f9-~1746922163324-~231561881,app-ios,53,0,待定,2025/5/11 8:21,2025/5/11 8:55,1,2025/5/11 8:37,NULL
1133758,25051148290303,231561881,1,已付款,2025/5/11 8:21,1746844671872,0,2,17d4ce1e68247e20b48538fc3d6e70f9-~1746844671872-~231561881,app-ios,108,1,/,2025/5/11 8:21,2025/5/11 8:55,0,NULL,NULL
1133760,25051128220126,231576604,1,已付款,2025/5/11 8:21,1746885284384,0.54,2,dd391ccef6b13960d42d394c8934fc97-~1746885284384-~231576604,app-android,17.63,0,待定,2025/5/11 8:21,2025/5/11 8:55,1,2025/5/11 8:38,NULL
1133764,25051136427510,233502029,1,已付款,2025/5/11 8:21,1746921887740,6.09,2,dd391ccef6b13960d42d394c8934fc97-~1746921887740-~233502029,app-android,87,0,待定,2025/5/11 8:21,2025/5/11 8:55,1,2025/5/11 8:38,NULL
1133765,25051136427410,233502029,1,已付款,2025/5/11 8:21,1746921887740,0.26,2,dd391ccef6b13960d42d394c8934fc97-~1746921887740-~233502029,app-android,25.9,0,待定,2025/5/11 8:21,2025/5/11 8:55,1,2025/5/11 8:38,NULL
1133774,25051164235459,231576604,1,已付款,2025/5/11 8:21,1746885284384,1.17,2,dd391ccef6b13960d42d394c8934fc97-~1746885284384-~231576604,app-android,20.54,0,待定,2025/5/11 8:21,2025/5/11 8:55,1,2025/5/11 8:38,NULL
1133819,25051136471310,233502003,1,已付款,2025/5/11 8:23,1746833097349,4.53,2,17d4ce1e68247e20b48538fc3d6e70f9-~1746833097349-~233502003,app-ios,151,0,待定,2025/5/11 8:23,2025/5/11 8:55,1,2025/5/11 8:40,NULL
1133828,25051164265659,231576604,1,已付款,2025/5/11 8:23,1746922861511,0.26,2,dd391ccef6b13960d42d394c8934fc97-~1746922861511-~231576604,app-android,52,0,待定,2025/5/11 8:24,2025/5/11 8:55,1,2025/5/11 8:40,NULL
1133831,25051164301359,233502029,1,已付款,2025/5/11 8:24,1746888492034,5.95,2,dd391ccef6b13960d42d394c8934fc97-~1746888492034-~233502029,app-android,595,0,待定,2025/5/11 8:24,2025/5/11 8:55,1,2025/5/11 8:41,NULL
1133837,25051164308159,233476754,1,已下单,2025/5/11 8:24,1746919001714,12.5,2,17d4ce1e68247e20b48538fc3d6e70f9-~1746919001714-~233476754,app-ios,125,0,待定,2025/5/11 8:24,2025/5/11 8:55,1,2025/5/11 8:41,NULL
1133842,25051162552346,231576604,1,已付款,2025/5/11 8:24,1746876387970,0,2,dd391ccef6b13960d42d394c8934fc97-~1746876387970-~231576604,app-android,137,1,/,2025/5/11 8:24,2025/5/11 8:55,0,NULL,NULL
1134234,25051147873966,233498054,1,已付款,2025/5/11 8:25,1746918670593,0,2,dd391ccef6b13960d42d394c8934fc97-~1746918670593-~233498054,app-android,51.95,1,/,2025/5/11 8:25,2025/5/11 8:55,0,NULL,NULL
1134258,25051123212336,231576604,1,已付款,2025/5/11 8:27,1746917846803,1.38,2,dd391ccef6b13960d42d394c8934fc97-~1746917846803-~231576604,app-android,46,0,待定,2025/5/11 8:27,2025/5/11 8:55,1,2025/5/11 8:44,NULL
1134289,25051163580359,233502029,1,已付款,2025/5/11 8:29,1746887426920,9.75,2,dd391ccef6b13960d42d394c8934fc97-~1746887426920-~233502029,app-android,80,0,待定,2025/5/11 8:29,2025/5/11 8:55,1,2025/5/11 8:46,NULL
1134659,25051123290136,231576604,0,已失效,2025/5/11 8:30,1746921829658,0,2,dd391ccef6b13960d42d394c8934fc97-~1746921829658-~231576604,app-android,390,1,/,2025/5/11 8:30,2025/5/11 8:55,0,NULL,NULL
1134665,25051163641659,231576604,1,已付款,2025/5/11 8:30,1746921829658,0,2,dd391ccef6b13960d42d394c8934fc97-~1746921829658-~231576604,app-android,343,1,/,2025/5/11 8:31,2025/5/11 8:55,0,NULL,NULL
1134671,25051136651110,231576604,1,已付款,2025/5/11 8:30,1746921829658,0,2,dd391ccef6b13960d42d394c8934fc97-~1746921829658-~231576604,app-android,47,1,/,2025/5/11 8:31,2025/5/11 8:55,0,NULL,NULL
1134687,25051145261982,231576604,1,已下单,2025/5/11 8:32,1746917041213,18.9,2,dd391ccef6b13960d42d394c8934fc97-~1746917041213-~231576604,app-android,270,0,待定,2025/5/11 8:32,2025/5/11 8:55,1,NULL,NULL
1134713,25051145296582,231561881,1,已付款,2025/5/11 8:33,1746888859690,0,2,17d4ce1e68247e20b48538fc3d6e70f9-~1746888859690-~231561881,app-ios,314,1,/,2025/5/11 8:33,2025/5/11 8:55,0,NULL,NULL
1134733,25051163706859,233498054,1,已付款,2025/5/11 8:34,1746860555512,5.91,2,dd391ccef6b13960d42d394c8934fc97-~1746860555512-~233498054,app-android,84.48,0,待定,2025/5/11 8:34,2025/5/11 8:55,1,2025/5/11 8:51,NULL
1135073,25051171076176,233762582,1,已付款,2025/5/11 8:34,1746672805774,6.24,2,dd391ccef6b13960d42d394c8934fc97-~1746672805774-~233762582,app-android,231,0,待定,2025/5/11 8:35,2025/5/11 8:55,1,2025/5/11 8:51,NULL
1135094,25051162806246,233498046,0,已失效,2025/5/11 8:34,1746874421418,7.25,2,17d4ce1e68247e20b48538fc3d6e70f9-~1746874421418-~233498046,app-ios,117.9,0,待定,2025/5/11 8:35,2025/5/11 8:55,1,2025/5/11 8:51,NULL
1135118,25051171112076,233502003,1,已付款,2025/5/11 8:35,1746893180338,3.06,2,17d4ce1e68247e20b48538fc3d6e70f9-~1746893180338-~233502003,app-ios,102,0,待定,2025/5/11 8:35,2025/5/11 8:55,1,2025/5/11 8:52,NULL
1135129,25051163731659,233498046,1,已付款,2025/5/11 8:35,1746874421418,4.56,2,17d4ce1e68247e20b48538fc3d6e70f9-~1746874421418-~233498046,app-ios,68,0,待定,2025/5/11 8:35,2025/5/11 8:55,1,2025/5/11 8:52,NULL
1135133,25051145338882,233498046,1,已付款,2025/5/11 8:35,1746874421418,2.69,2,17d4ce1e68247e20b48538fc3d6e70f9-~1746874421418-~233498046,app-ios,49.9,0,待定,2025/5/11 8:35,2025/5/11 8:55,1,2025/5/11 8:52,NULL
1135156,25051171166476,231576604,1,已付款,2025/5/11 8:37,1746921829658,0,2,dd391ccef6b13960d42d394c8934fc97-~1746921829658-~231576604,app-android,38.27,1,/,2025/5/11 8:37,2025/5/11 8:55,0,NULL,NULL
1135164,25051127811126,231576604,1,已付款,2025/5/11 8:37,1746888511353,0,2,dd391ccef6b13960d42d394c8934fc97-~1746888511353-~231576604,app-android,110.92,1,/,2025/5/11 8:37,2025/5/11 8:55,0,NULL,NULL
1135592,25051171219876,233762582,1,已付款,2025/5/11 8:40,1746866020516,10.36,2,dd391ccef6b13960d42d394c8934fc97-~1746866020516-~233762582,app-android,345.32,0,待定,2025/5/11 8:40,2025/5/11 8:55,0,NULL,NULL
1135593,25051123511136,234093274,1,已付款,2025/5/11 8:40,1746875500958,0.51,2,17d4ce1e68247e20b48538fc3d6e70f9-~1746875500958-~234093274,app-ios,50.57,0,待定,2025/5/11 8:40,2025/5/11 8:55,0,NULL,NULL
1135600,25051163885359,231561881,1,已付款,2025/5/11 8:41,1746863019083,0,2,17d4ce1e68247e20b48538fc3d6e70f9-~1746863019083-~231561881,app-ios,112,1,/,2025/5/11 8:41,2025/5/11 8:55,0,NULL,NULL
1135618,25051136103910,233498046,1,已付款,2025/5/11 8:42,1746923680009,2.37,2,17d4ce1e68247e20b48538fc3d6e70f9-~1746923680009-~233498046,app-ios,84,0,待定,2025/5/11 8:42,2025/5/11 8:55,0,NULL,NULL
1135620,25051144741282,233502003,1,已付款,2025/5/11 8:42,1746854172288,0,2,17d4ce1e68247e20b48538fc3d6e70f9-~1746854172288-~233502003,app-ios,74,1,/,2025/5/11 8:42,2025/5/11 8:55,0,NULL,NULL
1135628,25051171279076,233502029,1,已下单,2025/5/11 8:42,1746882936645,0,2,dd391ccef6b13960d42d394c8934fc97-~1746882936645-~233502029,app-android,273,1,/,2025/5/11 8:42,2025/5/11 8:55,0,NULL,NULL
1135646,25051148037103,233498046,1,已付款,2025/5/11 8:43,1746923623028,88.2,2,17d4ce1e68247e20b48538fc3d6e70f9-~1746923623028-~233498046,app-ios,1260,0,待定,2025/5/11 8:44,2025/5/11 8:55,0,NULL,NULL
1135654,25051122792736,231561881,1,已下单,2025/5/11 8:43,1746865927034,0,2,17d4ce1e68247e20b48538fc3d6e70f9-~1746865927034-~231561881,app-ios,125.01,1,/,2025/5/11 8:44,2025/5/11 8:55,0,NULL,NULL
1135657,25051147563866,233762542,1,已付款,2025/5/11 8:44,1746866453777,1.11,2,17d4ce1e68247e20b48538fc3d6e70f9-~1746866453777-~233762542,app-ios,110.5,0,待定,2025/5/11 8:44,2025/5/11 8:55,0,NULL,NULL
1135671,25051127910226,231576604,1,已付款,2025/5/11 8:41,1746851193841,0.79,2,dd391ccef6b13960d42d394c8934fc97-~1746851193841-~231576604,app-ios,7.9,0,待定,2025/5/11 8:45,2025/5/11 8:55,0,NULL,NULL
1135676,25051144700782,231576604,1,已付款,2025/5/11 8:41,1746851193841,0,2,dd391ccef6b13960d42d394c8934fc97-~1746851193841-~231576604,app-ios,73,0,待定,2025/5/11 8:45,2025/5/11 8:55,0,NULL,NULL
1135678,25051144719082,231576604,0,已失效,2025/5/11 8:41,1746851193841,0,2,dd391ccef6b13960d42d394c8934fc97-~1746851193841-~231576604,app-ios,110.2,0,待定,2025/5/11 8:45,2025/5/11 8:55,0,NULL,NULL
1135682,25051144700482,231576604,1,已付款,2025/5/11 8:41,1746851193841,0,2,dd391ccef6b13960d42d394c8934fc97-~1746851193841-~231576604,app-ios,37.2,0,待定,2025/5/11 8:45,2025/5/11 8:55,0,NULL,NULL
1136157,25051144783482,231561881,1,已付款,2025/5/11 8:44,1746862559741,4.02,2,17d4ce1e68247e20b48538fc3d6e70f9-~1746862559741-~231561881,app-ios,134,0,待定,2025/5/11 8:48,2025/5/11 8:55,0,NULL,NULL
1136174,25051166552059,231576604,1,已下单,2025/5/11 8:48,1746887079200,0,2,dd391ccef6b13960d42d394c8934fc97-~1746887079200-~231576604,app-android,567,1,/,2025/5/11 8:49,2025/5/11 8:55,0,NULL,NULL
1136183,25051162377846,233762582,1,已付款,2025/5/11 8:49,1746672805774,10.5,2,dd391ccef6b13960d42d394c8934fc97-~1746672805774-~233762582,app-android,389,0,待定,2025/5/11 8:49,2025/5/11 8:55,0,NULL,NULL
1136601,25051130597226,233502003,1,已付款,2025/5/11 8:50,1746874227625,4.1,2,17d4ce1e68247e20b48538fc3d6e70f9-~1746874227625-~233502003,app-ios,82.02,0,待定,2025/5/11 8:50,2025/5/11 8:55,0,NULL,NULL
1136627,25051150250966,233498054,1,已付款,2025/5/11 8:52,1746922765718,0,2,dd391ccef6b13960d42d394c8934fc97-~1746922765718-~233498054,app-android,21.9,1,/,2025/5/11 8:52,2025/5/11 8:55,0,NULL,NULL
1136628,25051150242166,231576604,1,已付款,2025/5/11 8:52,1746924214662,16.1,2,dd391ccef6b13960d42d394c8934fc97-~1746924214662-~231576604,app-android,244.9,0,待定,2025/5/11 8:52,2025/5/11 8:55,0,NULL,NULL
1136632,25051166654059,233502029,1,已付款,2025/5/11 8:52,1746880513272,0.05,2,dd391ccef6b13960d42d394c8934fc97-~1746880513272-~233502029,app-android,9.9,0,待定,2025/5/11 8:52,2025/5/11 8:55,0,NULL,NULL
1136633,25051136378410,231561881,0,已失效,2025/5/11 8:52,1746919847956,1.73,2,17d4ce1e68247e20b48538fc3d6e70f9-~1746919847956-~231561881,app-ios,171.8,0,待定,2025/5/11 8:52,2025/5/11 8:55,0,NULL,NULL
1136639,25051164936946,231561881,1,已付款,2025/5/11 8:52,1746919847956,0.86,2,17d4ce1e68247e20b48538fc3d6e70f9-~1746919847956-~231561881,app-ios,85.4,0,待定,2025/5/11 8:53,2025/5/11 8:55,0,NULL,NULL
1136642,25051164936846,231561881,1,已付款,2025/5/11 8:52,1746919847956,0.87,2,17d4ce1e68247e20b48538fc3d6e70f9-~1746919847956-~231561881,app-ios,86.4,0,待定,2025/5/11 8:53,2025/5/11 8:55,0,NULL,NULL
1136643,25051166694059,234093274,1,已付款,2025/5/11 8:53,1746866793442,2.78,2,17d4ce1e68247e20b48538fc3d6e70f9-~1746866793442-~234093274,app-ios,34.76,0,待定,2025/5/11 8:53,2025/5/11 8:55,0,NULL,NULL
1136657,25051130732926,231576604,1,已付款,2025/5/11 8:54,1746914419314,9.36,2,dd391ccef6b13960d42d394c8934fc97-~1746914419314-~231576604,app-android,156,0,待定,2025/5/11 8:54,2025/5/11 8:55,0,NULL,NULL
1137081,25051130727426,231576604,1,已付款,2025/5/11 8:54,1746924391127,0.26,2,dd391ccef6b13960d42d394c8934fc97-~1746924391127-~231576604,app-android,8.62,0,待定,2025/5/11 8:55,2025/5/11 8:55,0,NULL,NULL
